< Return
> Return

< Preferences
> Preferences

< Save Game
> Save Game

< Load Game
> Load Game

< Help
> Help

< Quit
> Quit

< Previous
> Previous

< Auto
> Auto

< Quick
> Quick

< Next
> Next

< Display
> Display

< Window
> Window

< Fullscreen
> Fullscreen

< Transitions
> Transitions

< All
> All

< None
> None

< Text Speed
> Text Speed

< Joystick...
> Joystick...

< Skip
> Skip

< Seen Messages
> Seen Messages

< All Messages
> All Messages

< Begin Skipping
> Begin Skipping

< After Choices
> After Choices

< Stop Skipping
> Stop Skipping

< Keep Skipping
> Keep Skipping

< Auto-Forward Time
> Auto-Forward Time

< Music Volume
> Music Volume

< Sound Volume
> Sound Volume

< Voice Volume
> Voice Volume

< Language
> Language

< English
> English

< Eesti
> Eesti

< Yes
> Yes

< No
> No

< Q.Save
> Q.Save

< Q.Load
> Q.Load

< Save
> Save

< Prefs
> Prefs

<  1. Empty Slot.
>  1. Empty Slot.

<  2. Empty Slot.
>  2. Empty Slot.

<  3. Empty Slot.
>  3. Empty Slot.

<  4. Empty Slot.
>  4. Empty Slot.

<  5. Empty Slot.
>  5. Empty Slot.

<  6. Empty Slot.
>  6. Empty Slot.

<  7. Empty Slot.
>  7. Empty Slot.

<  8. Empty Slot.
>  8. Empty Slot.

<  9. Empty Slot.
>  9. Empty Slot.

< Special Events One
> Special Events One

< Special Events Two
> Special Events Two

< Special Events Three
> Special Events Three

< Are you sure you want to quit?
> Are you sure you want to quit?

< Loading will lose unsaved progress.\nAre you sure you want to do this?
> Loading will lose unsaved progress.\nAre you sure you want to do this?

< Are you sure you want to overwrite your save?
> Are you sure you want to overwrite your save?

< Joystick Configuration
> Joystick Configuration

< Left - Axis 0.0 Negative
> Left - Axis 0.0 Negative

< Right - Axis 0.0 Positive
> Right - Axis 0.0 Positive

< Up - Axis 0.1 Negative
> Up - Axis 0.1 Negative

< Down - Axis 0.1 Positive
> Down - Axis 0.1 Positive

< Select/Dismiss - Button 0.0
> Select/Dismiss - Button 0.0

< Rollback - Not Assigned
> Rollback - Not Assigned

< Hold to Skip - Not Assigned
> Hold to Skip - Not Assigned

< Toggle Skip - Not Assigned
> Toggle Skip - Not Assigned

< Hide Text - Not Assigned
> Hide Text - Not Assigned

< Menu - Button 0.7
> Menu - Button 0.7

< Joystick Mapping - Left
> Joystick Mapping - Left

< Joystick Mapping - Right
> Joystick Mapping - Right

< Joystick Mapping - Up
> Joystick Mapping - Up

< Joystick Mapping - Down
> Joystick Mapping - Down

< Joystick Mapping - Select/Dismiss
> Joystick Mapping - Select/Dismiss

< Joystick Mapping - Rollback
> Joystick Mapping - Rollback

< Joystick Mapping - Hold to Skip
> Joystick Mapping - Hold to Skip

< Joystick Mapping - Toggle Skip
> Joystick Mapping - Toggle Skip

< Joystick Mapping - Hide Text
> Joystick Mapping - Hide Text

< Joystick Mapping - Menu
> Joystick Mapping - Menu

< Move the joystick or press a joystick button to create the mapping. Click the mouse to remove the mapping.
> Move the joystick or press a joystick button to create the mapping. Click the mouse to remove the mapping.

< So, let's just start off by saying Cheese Festivals never, ever worked out in my favor...
> So, let's just start off by saying Cheese Festivals never, ever worked out in my favor...

< I can remember...
> I can remember...

< There were two of them when I was nine-years-old and both of them ended up with me...
> There were two of them when I was nine-years-old and both of them ended up with me...

< Well, how do they put it...
> Well, how do they put it...

< Forever alone.
> Forever alone.

< And now...
> And now...

< It was that time of year again.
> It was that time of year again.

< Hillwood was going to have another one.
> Hillwood was going to have another one.

< And I wasn't looking forward to it.
> And I wasn't looking forward to it.

< Because I knew it would be filled with people who were happier than me.
> Because I knew it would be filled with people who were happier than me.

< They would be having a good time, laughing...enjoying their lives.
> They would be having a good time, laughing...enjoying their lives.

< Their loves...
> Their loves...

< And the one thing that made me truly happy...
> And the one thing that made me truly happy...

< Well it made me so miserable every time the Festival came to town.
> Well it made me so miserable every time the Festival came to town.

< I hate that.
> I hate that.

< It really pisses me off...
> It really pisses me off...

< ...
> ...

< ......
> ......

< This all began on a morning pretty much exactly like any other.
> This all began on a morning pretty much exactly like any other.

< It started with me wondering if I should bother to tell my mother I was leaving for school.
> It started with me wondering if I should bother to tell my mother I was leaving for school.

< Not that you can hear me passed out on the kitchen table... Criminy!
> Not that you can hear me passed out on the kitchen table... Criminy!

< Oh, morning Pheebs...
> Oh, morning Pheebs...

< Phoebe's my best friend.
> Phoebe's my best friend.

< And a damn good assistant.
> And a damn good assistant.

< But of course she's mostly my friend.
> But of course she's mostly my friend.

< Good morning Helga, how are you today?
> Good morning Helga, how are you today?

< Oh you know, same ol', same ol'...
> Oh you know, same ol', same ol'...

< I was lying...
> I was lying...

< I was much worse.
> I was much worse.

< That's good to hear!
> That's good to hear!

< Jeez, feeling perky, Phoebe?
> Jeez, feeling perky, Phoebe?

< Of course! Since the Cheese Festival is only a few days away now and...
> Of course! Since the Cheese Festival is only a few days away now and...

< Phoebe's grinning like an idiot, talking about that damn Festival.
> Phoebe's grinning like an idiot, talking about that damn Festival.

< I can't even imagine myself having a good time.
> I can't even imagine myself having a good time.

< So I snap at her...
> So I snap at her...

< I just can't help myself.
> I just can't help myself.

< Blah, blah, blah...
> Blah, blah, blah...

< That stupid festival never changes.
> That stupid festival never changes.

< It's the same damn carnival every year.
> It's the same damn carnival every year.

< Big freaking deal...
> Big freaking deal...

< I continue to mumble quiet profanities under my breath.
> I continue to mumble quiet profanities under my breath.

< Ever since a few years back, whenever they started dating, Phoebe and her boyfriend Gerald were like the "it" couple.
> Ever since a few years back, whenever they started dating, Phoebe and her boyfriend Gerald were like the "it" couple.

< He was cool, and she was smart and they just worked out perfectly...I guess...
> He was cool, and she was smart and they just worked out perfectly...I guess...

< I'll never, ever tell her I'm {i}slightly{/i} jealous.
> I'll never, ever tell her I'm {i}slightly{/i} jealous.

< Why so down Helga? Don't you find the fair fun anymore?
> Why so down Helga? Don't you find the fair fun anymore?

< Phoebe, how can you not remember...
> Phoebe, how can you not remember...

< Then again, why would she? She always ended up not feeling like a miserable failure by the end of it.
> Then again, why would she? She always ended up not feeling like a miserable failure by the end of it.

< Unlike me...
> Unlike me...

< Never mind, I'm just being negative...or whatever.
> Never mind, I'm just being negative...or whatever.

< Negative? Hah. That's a word for it.
> Negative? Hah. That's a word for it.

< If you say so.
> If you say so.

< I do say so!
> I do say so!

< And while we're on the topic of the Festival...
> And while we're on the topic of the Festival...

< Yes?
> Yes?

< There's no way I'm going this year.
> There's no way I'm going this year.

< Phoebe frowns deeper...
> Phoebe frowns deeper...

< But why not Helga?
> But why not Helga?

< Even if you've had a bad time before...
> Even if you've had a bad time before...

< I cut her off before she can go on.
> I cut her off before she can go on.

< Give it a break Phoebe, criminy...
> Give it a break Phoebe, criminy...

< Why do you even care?
> Why do you even care?

< It's just...
> It's just...

< She shakes her head, like she's clearing her thoughts. She seems ready to give me some type of lecture.
> She shakes her head, like she's clearing her thoughts. She seems ready to give me some type of lecture.

< It seems to me...
> It seems to me...

< Maybe if you tried to focus on something other than...uh...
> Maybe if you tried to focus on something other than...uh...

< ...You-know-who...
> ...You-know-who...

< You might be able to enjoy yourself more...
> You might be able to enjoy yourself more...

< I nod my head slowly, taking it all in.
> I nod my head slowly, taking it all in.

< Just kidding.
> Just kidding.

< I had heard this all before, multiple times in fact.
> I had heard this all before, multiple times in fact.

< Even if I sat her down to explain the insanity of my emotions...
> Even if I sat her down to explain the insanity of my emotions...

< She just couldn't understand how hard that was for me, to put him aside.
> She just couldn't understand how hard that was for me, to put him aside.

< She would never understand how most of the time he felt like the only good part in my whole life...
> She would never understand how most of the time he felt like the only good part in my whole life...

< The light in my otherwise bleak existence.
> The light in my otherwise bleak existence.

< But at the very same time, that damn Football Head could ruin me with a smile...
> But at the very same time, that damn Football Head could ruin me with a smile...

< Especially if that smile was aimed at someone other than me.
> Especially if that smile was aimed at someone other than me.

< And almost always, it was.
> And almost always, it was.

< You don't get it.
> You don't get it.

< What?
> What?

< It's not that easy...
> It's not that easy...

< Helga...
> Helga...

< Ugh, don't pity me Phoebe.
> Ugh, don't pity me Phoebe.

< My warning didn't matter, she gives me a pitiful look anyway.
> My warning didn't matter, she gives me a pitiful look anyway.

< I'm used to it now.
> I'm used to it now.

< I know...
> I know...

< CRASH!!
> CRASH!!

< Arnold!
> Arnold!

< Helga!
> Helga!

< We've got to stop bumping into each other like this! Haha!
> We've got to stop bumping into each other like this! Haha!

< Uh...well...
> Uh...well...

< Got that right, Football Head, one of these days I might actually hurt you!
> Got that right, Football Head, one of these days I might actually hurt you!

< Whew~
> Whew~

< Right Helga, whatever you say.
> Right Helga, whatever you say.

< Well anyway...
> Well anyway...

< He looks around, kind of nervously.
> He looks around, kind of nervously.

< Do you mind if I walk with you guys the rest of the way?
> Do you mind if I walk with you guys the rest of the way?

< I've no issue with that...
> I've no issue with that...

< Helga?
> Helga?

< Remain calm...calm...calm...
> Remain calm...calm...calm...

< Whatever floats your boat.
> Whatever floats your boat.

< Why is my heart pounding like this?
> Why is my heart pounding like this?

< Why does he do this to me?!
> Why does he do this to me?!

< Cool, thanks.
> Cool, thanks.

< So Arnold...
> So Arnold...

< Phoebe's voice breaks through the silence.
> Phoebe's voice breaks through the silence.

< Thank God.
> Thank God.

< Plan to do anything fun this weekend?
> Plan to do anything fun this weekend?

< Oh, wow...
> Oh, wow...

< Phoebe are you asking me to the Cheese Festival?
> Phoebe are you asking me to the Cheese Festival?

< I really don't think Gerald will be happy about that...
> I really don't think Gerald will be happy about that...

< Goodness!
> Goodness!

< By no means was I implying that...I mean...no!
> By no means was I implying that...I mean...no!

< Phoebe looks as if her head is about to explode.
> Phoebe looks as if her head is about to explode.

< Haha, calm down I'm only teasing...
> Haha, calm down I'm only teasing...

< To be honest, I don't know if I'm going this year.
> To be honest, I don't know if I'm going this year.

< He gives an uneasy shrug of his shoulders.
> He gives an uneasy shrug of his shoulders.

< They haven't been all that great for me in the past.
> They haven't been all that great for me in the past.

< I know that feeling...
> I know that feeling...

< ...!
> ...!

< I didn't mean to say that out loud!
> I didn't mean to say that out loud!

< Really Helga?
> Really Helga?

< Why did he have the hear me?
> Why did he have the hear me?

< Why?
> Why?

< You haven't had a good time with the Festivals either?
> You haven't had a good time with the Festivals either?

< I didn't say that...
> I didn't say that...

< No, you did, you just said...
> No, you did, you just said...

< It doesn't matter what I said, hey look!
> It doesn't matter what I said, hey look!

< I point out the looming, big, brown building.
> I point out the looming, big, brown building.

< It's the school!
> It's the school!

< Anyway the festival...
> Anyway the festival...

< Phoebe tries to pull his attention away from me...
> Phoebe tries to pull his attention away from me...

< I suppose my showing him where the school was...wasn't good enough.
> I suppose my showing him where the school was...wasn't good enough.

< It's on Saturday. Can you believe it?
> It's on Saturday. Can you believe it?

< Wow, only three more days?
> Wow, only three more days?

< Whoopee~
> Whoopee~

< That they decide to ignore.
> That they decide to ignore.

< Suddenly Arnold turns towards the school.
> Suddenly Arnold turns towards the school.

< Ugh...
> Ugh...

< I gotta rush...my class is all the way on the other side of the building.
> I gotta rush...my class is all the way on the other side of the building.

< Well, I'll see you guys later!
> Well, I'll see you guys later!

< There walks the love of my life...
> There walks the love of my life...

< Completely oblivious as always.
> Completely oblivious as always.

< As we get closer to the entrance of the school, I notice I start to slow down...
> As we get closer to the entrance of the school, I notice I start to slow down...

< I really don't wanna be here right now...
> I really don't wanna be here right now...

< I stop completely, finding a stone on the sidewalk more interesting then moving on.
> I stop completely, finding a stone on the sidewalk more interesting then moving on.

< Phoebe, I think I'm just gonna skip class...
> Phoebe, I think I'm just gonna skip class...

< Helga that's not wise...
> Helga that's not wise...

< I know but...
> I know but...

< I promise I'll be back before the afternoon classes start...
> I promise I'll be back before the afternoon classes start...

< I just gotta...
> I just gotta...

< I want to give her a valid excuse, something better than...than...
> I want to give her a valid excuse, something better than...than...

< Think or something...
> Think or something...

< Better than that.
> Better than that.

< Well, okay. I'll take notes for you.
> Well, okay. I'll take notes for you.

< Thanks...
> Thanks...

< It's all I could think to say.
> It's all I could think to say.

< Bye-bye.
> Bye-bye.

< I turn and leave without a word and, somehow, after a long while of aimlessly walking...
> I turn and leave without a word and, somehow, after a long while of aimlessly walking...

< I end up at the festival grounds.
> I end up at the festival grounds.

< The whole place looks like some type of horror movie in the making.
> The whole place looks like some type of horror movie in the making.

< It was completely abandoned...I guess the guys who were suppose to set it up were on break.
> It was completely abandoned...I guess the guys who were suppose to set it up were on break.

< I took a look around anyway...
> I took a look around anyway...

< The only thing this place brought up in me was bad memories.
> The only thing this place brought up in me was bad memories.

< It was like I could see every unsuccessful scheme flash before my eyes.
> It was like I could see every unsuccessful scheme flash before my eyes.

< Ugh, my plans never go right!
> Ugh, my plans never go right!

< I felt like the best thing to do at this point was to fall down, maybe curl up and sleep.
> I felt like the best thing to do at this point was to fall down, maybe curl up and sleep.

< Was there even a point to evil plans and plots anymore?
> Was there even a point to evil plans and plots anymore?

< Even if I ruined Arnold's time, he always ended up kind of, sort of happy in the end.
> Even if I ruined Arnold's time, he always ended up kind of, sort of happy in the end.

< That beautiful, damn-it-all, always looking on the bright side attitude.
> That beautiful, damn-it-all, always looking on the bright side attitude.

< And that's when it hit me...I should get to him before he even has a chance to ask someone else.
> And that's when it hit me...I should get to him before he even has a chance to ask someone else.

< I should just get him to bring me!
> I should just get him to bring me!

< That's it!
> That's it!

< The real question though, was how...
> The real question though, was how...

< It's obvious that by now, after all these years, Arnold isn't exactly used to a nice, ask-this-girl-out-right-now, type of personality from me...
> It's obvious that by now, after all these years, Arnold isn't exactly used to a nice, ask-this-girl-out-right-now, type of personality from me...

< But I could try, couldn't I? To be just a little nicer to him, a little kinder...
> But I could try, couldn't I? To be just a little nicer to him, a little kinder...

< It wasn't that much of a stretch.
> It wasn't that much of a stretch.

< Could he be swayed?
> Could he be swayed?

< Could I...his one true love...finally win his heart?!
> Could I...his one true love...finally win his heart?!

< This would have to be handled delicately, any wrong choice could completely botch things up.
> This would have to be handled delicately, any wrong choice could completely botch things up.

< Without another thought I turn around and head back towards the school...
> Without another thought I turn around and head back towards the school...

< This time I was going to be successful! I was sure of it...
> This time I was going to be successful! I was sure of it...

< Helga G. Pataki, Saturday night is gonna be your night ol' girl!
> Helga G. Pataki, Saturday night is gonna be your night ol' girl!

< I somehow make it back just in time for lunch and catch Arnold standing on line for food...
> I somehow make it back just in time for lunch and catch Arnold standing on line for food...

< Lunch came quicker than I expected it too...
> Lunch came quicker than I expected it too...

< And I catch Arnold on the food line.
> And I catch Arnold on the food line.

< Without really thinking on it...
> Without really thinking on it...

< I casually cut the person standing behind him and take his spot.
> I casually cut the person standing behind him and take his spot.

< But what do I do?...
> But what do I do?...

< Hey Arnoldo, how's it hanging?
> Hey Arnoldo, how's it hanging?

< Oh, hey Helga...
> Oh, hey Helga...

< I didn't see you in class...
> I didn't see you in class...

< Nope, I skipped.
> Nope, I skipped.

< Oh yeah? Any reason?
> Oh yeah? Any reason?

< I just needed some time to think is all...
> I just needed some time to think is all...

< That excuse seems to be working for me today.
> That excuse seems to be working for me today.

< Nothing to worry your handsome Football Head about...
> Nothing to worry your handsome Football Head about...

< Did I really say that out loud and the world didn't explode?
> Did I really say that out loud and the world didn't explode?

< .......
> .......

< Why isn't he saying anything!?
> Why isn't he saying anything!?

< Well that's good, you were missed.
> Well that's good, you were missed.

< He must think that I'm trying to tease him.
> He must think that I'm trying to tease him.

< I'm not sure if that's a good thing or a bad thing.
> I'm not sure if that's a good thing or a bad thing.

< Oh was I now? Did you miss me Arnold?
> Oh was I now? Did you miss me Arnold?

< Yeah, I missed you kicking the back of my chair, Helga...
> Yeah, I missed you kicking the back of my chair, Helga...

< I've learned I can't live without it...
> I've learned I can't live without it...

< Is this flirting...or is he making fun of me?
> Is this flirting...or is he making fun of me?

< Or is it both.......?
> Or is it both.......?

< Good to know, I'll kick it extra hard tomorrow.
> Good to know, I'll kick it extra hard tomorrow.

< Just for you!
> Just for you!

< Heh. I can do it too!
> Heh. I can do it too!

< Great, hah, it's a date.
> Great, hah, it's a date.

< How's your day so far?
> How's your day so far?

< You ask me like you weren't there for some of it...
> You ask me like you weren't there for some of it...

< Haha, yeah, that's true.
> Haha, yeah, that's true.

< I'm gonna take a wild guess here and say, "boring"?
> I'm gonna take a wild guess here and say, "boring"?

< Ding-ding-ding...you win a prize.
> Ding-ding-ding...you win a prize.

< My voice is rather sarcastic...but he keeps smiling at me.
> My voice is rather sarcastic...but he keeps smiling at me.

< Yeah? Anything good?
> Yeah? Anything good?

< Uh...
> Uh...

< I grab a cookie from the desert tray and pay the lunch lady what I owe her.
> I grab a cookie from the desert tray and pay the lunch lady what I owe her.

< Enjoy.
> Enjoy.

< Seriously?
> Seriously?

< You should honored by my kindness...
> You should honored by my kindness...

< Oh, trust me I am.
> Oh, trust me I am.

< We pick up our trays and walk into the cafeteria...
> We pick up our trays and walk into the cafeteria...

< On a typical day, this is when we'd walk our separate ways, to sit with our own cliques.
> On a typical day, this is when we'd walk our separate ways, to sit with our own cliques.

< But...
> But...

< Is Arnold hesitating?
> Is Arnold hesitating?

< Looks like Gerald and Phoebe are eating together today...
> Looks like Gerald and Phoebe are eating together today...

< Yeah looks like it...
> Yeah looks like it...

< This wasn't unusual. They ate together often enough...
> This wasn't unusual. They ate together often enough...

< So why was Arnold suddenly making such a big deal of it?
> So why was Arnold suddenly making such a big deal of it?

< You wanna grab a table over there or something?
> You wanna grab a table over there or something?

< He motions vaguely with his shoulder to a table off in the back.
> He motions vaguely with his shoulder to a table off in the back.

< For a moment, I'm speechless.
> For a moment, I'm speechless.

< How do I respond to this?
> How do I respond to this?

< This is what I wanted, isn't it?
> This is what I wanted, isn't it?

< I can't screw this up!
> I can't screw this up!

< Sure, that sounds...
> Sure, that sounds...

< Say something you moron, use your words! You're good at words!!
> Say something you moron, use your words! You're good at words!!

< Super...
> Super...

< God, I can't believe I just said that...
> God, I can't believe I just said that...

< Luckily, Arnold just nodded at my verbal nonsense...{i}SUPER{/i}... And made his way to a table near the windows.
> Luckily, Arnold just nodded at my verbal nonsense...{i}SUPER{/i}... And made his way to a table near the windows.

< At first I thought things were going to be awkward and quiet between us...
> At first I thought things were going to be awkward and quiet between us...

< But Arnold started talking with me so easily, it felt like we had been alone like this all the time.
> But Arnold started talking with me so easily, it felt like we had been alone like this all the time.

< And for a moment I thought that this might really work out for me, just this once...
> And for a moment I thought that this might really work out for me, just this once...

< That was until she showed up.
> That was until she showed up.

< Oh, hey Lila.
> Oh, hey Lila.

< Hello Arnold! Oh, and it seems you're eating with Helga today? I think that's ever so sweet!
> Hello Arnold! Oh, and it seems you're eating with Helga today? I think that's ever so sweet!

< Well it was...
> Well it was...

< I couldn't help the pout that made its way to my face.
> I couldn't help the pout that made its way to my face.

< Come on Helga, don't be rude...
> Come on Helga, don't be rude...

< Who's being rude? You're used to me by now, aren't you Liiiiiila?
> Who's being rude? You're used to me by now, aren't you Liiiiiila?

< Why, of course Helga! We're like old friends!
> Why, of course Helga! We're like old friends!

< Heh...riiiiiiight.
> Heh...riiiiiiight.

< Anyway...
> Anyway...

< I could hear a slight gruffness in his voice.
> I could hear a slight gruffness in his voice.

< It was a familiar tone, currently, and usually meant for me.
> It was a familiar tone, currently, and usually meant for me.

< Why don't you join us?
> Why don't you join us?

< That sounds ever so nice Arnold, thank you...
> That sounds ever so nice Arnold, thank you...

< I don't even let her finish as I make a move to stand up, picking up my tray as I do so.
> I don't even let her finish as I make a move to stand up, picking up my tray as I do so.

< You know, I'm not feeling so hungry anymore...
> You know, I'm not feeling so hungry anymore...

< I turn towards the garbage and dump the remainders of my lunch in.
> I turn towards the garbage and dump the remainders of my lunch in.

< I'll see you in class Arnold.
> I'll see you in class Arnold.

< Huh? Helga wait...
> Huh? Helga wait...

< I hear him call out to me again but I ignore him.
> I hear him call out to me again but I ignore him.

< Even if he didn't have those types of feelings for her anymore...
> Even if he didn't have those types of feelings for her anymore...

< Even if there was the smallest chance he maybe, possibly, could have feelings for me...
> Even if there was the smallest chance he maybe, possibly, could have feelings for me...

< The fact that he asked her to sit with us...
> The fact that he asked her to sit with us...

< Well it made me want to pull my hair out!
> Well it made me want to pull my hair out!

< Yet the further away I walk from the cafeteria the more I realize being a bitch to Arnold's friends isn't going to get me on his good side...
> Yet the further away I walk from the cafeteria the more I realize being a bitch to Arnold's friends isn't going to get me on his good side...

< I stop for a minute and lean against the wall.
> I stop for a minute and lean against the wall.

< What were my choices here?
> What were my choices here?

< I could either...
> I could either...

< As I turn to go back I see Arnold making his way towards me...
> As I turn to go back I see Arnold making his way towards me...

< Arnold?
> Arnold?

< Helga, there you are...
> Helga, there you are...

< He seems slightly out of breath, like he had been running.
> He seems slightly out of breath, like he had been running.

< But the trek here from the cafeteria isn't that much...
> But the trek here from the cafeteria isn't that much...

< Could he have been worried?
> Could he have been worried?

< Why'd you leave? We were having lunch together...
> Why'd you leave? We were having lunch together...

< Weren't we?
> Weren't we?

< Yeah, we were and I was coming back to say...
> Yeah, we were and I was coming back to say...

< ...To say...
> ...To say...

< I'm sorry...!
> I'm sorry...!

< I let the words fly out, truthful to the core.
> I let the words fly out, truthful to the core.

< Then why did you...?
> Then why did you...?

< It's just you asked Lila to sit with us...a-and we don't get along and...
> It's just you asked Lila to sit with us...a-and we don't get along and...

< It's probably best if I wait to talk to him...
> It's probably best if I wait to talk to him...

< Lila might still be there and...
> Lila might still be there and...

< A-Arnold!
> A-Arnold!

< I felt my heart race up into my throat.
> I felt my heart race up into my throat.

< Criminy, Football Head, why you always sneaking up on me?
> Criminy, Football Head, why you always sneaking up on me?

< Wait, wait...
> Wait, wait...

< What are you doing here?
> What are you doing here?

< We were having lunch together, weren't we?
> We were having lunch together, weren't we?

< Yeah...and then you invited Lila...
> Yeah...and then you invited Lila...

< That was bad?
> That was bad?

< Well she and I...we don't really get along and...
> Well she and I...we don't really get along and...

< But Helga...you and I...we don't get along either...
> But Helga...you and I...we don't get along either...

< I know, but you're different Arnold!
> I know, but you're different Arnold!

< ~gasp~
> ~gasp~

< I cover my mouth with my hand as if I could capture my words.
> I cover my mouth with my hand as if I could capture my words.

< The motion was a little too late...
> The motion was a little too late...

< I let go a little more then I intended.
> I let go a little more then I intended.

< Really...I am?
> Really...I am?

< ........
> ........

< Yes...
> Yes...

< Can I just leave it at that?
> Can I just leave it at that?

< Yes, what?
> Yes, what?

< No, apparently not.
> No, apparently not.

< Yes, really...for cripes sake...
> Yes, really...for cripes sake...

< But why?
> But why?

< Why am I...
> Why am I...

< It was like it was hard for him to finish it.
> It was like it was hard for him to finish it.

< It isn't as if I could just come out and say...
> It isn't as if I could just come out and say...

< {i}Because you are the light of my life, my love, my heart, my soul...the essence of my eternal bliss.{/i}
> {i}Because you are the light of my life, my love, my heart, my soul...the essence of my eternal bliss.{/i}

< That would be a little much.
> That would be a little much.

< I...I can't tell you!
> I...I can't tell you!

< Yeah, that works.
> Yeah, that works.

< ...Yet... I can't tell you yet...
> ...Yet... I can't tell you yet...

< There would come a day I would admit my deepest secret to the holder of my heart.
> There would come a day I would admit my deepest secret to the holder of my heart.

< ..........
> ..........

< What?...!
> What?...!

< I feel...
> I feel...

< Sorry...It's just a bad case of déjà vu.
> Sorry...It's just a bad case of déjà vu.

< Huh? Déjà vu?
> Huh? Déjà vu?

< It's-it's nothing, really. I probably just imagined it.
> It's-it's nothing, really. I probably just imagined it.

< Well okay...but...
> Well okay...but...

< Hmm?
> Hmm?

< Do you get it Football Head?
> Do you get it Football Head?

< I guess...
> I guess...

< So you will tell me...
> So you will tell me...

< Not now...but?
> Not now...but?

< One day...just - not - now!
> One day...just - not - now!

< Okay, okay I get it!
> Okay, okay I get it!

< *RIIIIIIIIIING*
> *RIIIIIIIIIING*

< Oh damn the bell...
> Oh damn the bell...

< Wow, class just snuck up on us huh?
> Wow, class just snuck up on us huh?

< Yeah, too bad...I was kind of...
> Yeah, too bad...I was kind of...

< Hey Arnold! Let's go man, we're gonna be late!
> Hey Arnold! Let's go man, we're gonna be late!

< What? Kind of what?
> What? Kind of what?

< Alright I hear you!
> Alright I hear you!

< Arnold turns and looks at me again...
> Arnold turns and looks at me again...

< You going my way Helga?
> You going my way Helga?

< With his shoulder he motions towards the hallway behind him.
> With his shoulder he motions towards the hallway behind him.

< Well, looks it looks that way, doesn't it?
> Well, looks it looks that way, doesn't it?

< Great, I'll walk ya to class.
> Great, I'll walk ya to class.

< Fine with me, Arnoldo...
> Fine with me, Arnoldo...

< Heh...
> Heh...

< Great, with all that talking we've run out of time to eat Arnoldo!
> Great, with all that talking we've run out of time to eat Arnoldo!

< Hah, right Helga, it's all my fault.
> Hah, right Helga, it's all my fault.

< Damn straight!
> Damn straight!

< I start to move down the hall, grabbing Arnold's shirt sleeve as I do so.
> I start to move down the hall, grabbing Arnold's shirt sleeve as I do so.

< Come on, you can walk me to class as atonement for your crimes, haha!
> Come on, you can walk me to class as atonement for your crimes, haha!

< Should I carry your books too?
> Should I carry your books too?

< Jeez, don't get too mushy Arnold...
> Jeez, don't get too mushy Arnold...

< One step at a time or I might die!
> One step at a time or I might die!

< Eventually the longest school day in all of history comes to an end.
> Eventually the longest school day in all of history comes to an end.

< Thank God...
> Thank God...

< Ready to head out Helga?
> Ready to head out Helga?

< Phoebe's waiting for me outside the school.
> Phoebe's waiting for me outside the school.

< Uh, yeah.
> Uh, yeah.

< Still upset about this afternoon?
> Still upset about this afternoon?

< Is it that obvious, Pheebs?
> Is it that obvious, Pheebs?

< Probably only to me, but still...
> Probably only to me, but still...

< I take it you've come up with some sort of a plan?
> I take it you've come up with some sort of a plan?

< Phoebe, I always have a plan.
> Phoebe, I always have a plan.

< Hmm...I thought as much.
> Hmm...I thought as much.

< I was about to describe my idea in great detail when a chipper voice from Hell interrupts me.
> I was about to describe my idea in great detail when a chipper voice from Hell interrupts me.

< Hello Helga, Phoebe...heading home?
> Hello Helga, Phoebe...heading home?

< Where else would we be going, Lila?
> Where else would we be going, Lila?

< Oh dear...
> Oh dear...

< Well I don't know Helga...you could be off to an assortment of different places!
> Well I don't know Helga...you could be off to an assortment of different places!

< She didn't have to be so God damn literal...
> She didn't have to be so God damn literal...

< You're right Lila, but we aren't, we're going home so...bye.
> You're right Lila, but we aren't, we're going home so...bye.

< No, no, if you're heading home I'll walk with you!
> No, no, if you're heading home I'll walk with you!

< You really don't have too.
> You really don't have too.

< It would probably be better if you didn't...
> It would probably be better if you didn't...

< Oh but I'd ever so like to!
> Oh but I'd ever so like to!

< Uh, Helga?
> Uh, Helga?

< I look over at Phoebe...signaling that I saw no way of getting out of this...
> I look over at Phoebe...signaling that I saw no way of getting out of this...

< Right.
> Right.

< So off we went...with Lila in tow, going on about who knows what, when suddenly she starts...
> So off we went...with Lila in tow, going on about who knows what, when suddenly she starts...

< That was until Arnold came up and told me he liked how I did my hair that day...
> That was until Arnold came up and told me he liked how I did my hair that day...

< You mean your braid?
> You mean your braid?

< Well yes...
> Well yes...

< There was a moment of thoughtful silence from her...
> There was a moment of thoughtful silence from her...

< Do you still like him, by the way?
> Do you still like him, by the way?

< Huh?!
> Huh?!

< Excuse me!?
> Excuse me!?

< Arnold? You had a crush on him when we were kids, I remember you telling me.
> Arnold? You had a crush on him when we were kids, I remember you telling me.

< You still don't feel that way right?
> You still don't feel that way right?

< It would be ever so silly if you did...
> It would be ever so silly if you did...

< Wh-why would it be silly?
> Wh-why would it be silly?

< Well, pining after someone with no interest in you, even after all this time...
> Well, pining after someone with no interest in you, even after all this time...

< It's a little sad, just ever so sad.
> It's a little sad, just ever so sad.

< Shove it Lila, nobody cares what you think.
> Shove it Lila, nobody cares what you think.

< Oh my...
> Oh my...

< I had pretty much answered her question with my retort...
> I had pretty much answered her question with my retort...

< So you do still like him...
> So you do still like him...

< That's a shame...since he's gotten rather handsome.
> That's a shame...since he's gotten rather handsome.

< What are you talking about?
> What are you talking about?

< He's always been handsome!
> He's always been handsome!

< What the hell was the matter with me?
> What the hell was the matter with me?

< Why couldn't I keep my mouth shut?
> Why couldn't I keep my mouth shut?

< Wait...
> Wait...

< But why was it a shame?
> But why was it a shame?

< ...Why is Arnold being handsome a shame?
> ...Why is Arnold being handsome a shame?

< ...Uh yeah?
> ...Uh yeah?

< That's not a shame...you liking him is.
> That's not a shame...you liking him is.

< What the...care to repeat that?
> What the...care to repeat that?

< Well, he and I have always looked good together...haven't we?
> Well, he and I have always looked good together...haven't we?

< No, you haven't.
> No, you haven't.

< She was smiling, but there's this look in her eyes like she's daring me to prove her wrong.
> She was smiling, but there's this look in her eyes like she's daring me to prove her wrong.

< It's my life's mission.
> It's my life's mission.

< Well, this is where we go our separate ways!
> Well, this is where we go our separate ways!

< She was so cheerful as she completely ignored me.
> She was so cheerful as she completely ignored me.

< She waves and spins around, her big, beautiful braid bouncing behind her as she walks.
> She waves and spins around, her big, beautiful braid bouncing behind her as she walks.

< I hate her...
> I hate her...

< I know...she isn't exactly as pleasant as she used to be...
> I know...she isn't exactly as pleasant as she used to be...

< Ugh...Now I have a bad taste in my mouth.
> Ugh...Now I have a bad taste in my mouth.

< I casually look down the street and catch sight of my stoop.
> I casually look down the street and catch sight of my stoop.

< I could use a nap now.
> I could use a nap now.

< I'll call you later Pheebs, okay?
> I'll call you later Pheebs, okay?

< Right, okay.
> Right, okay.

< I'll see you later Helga!
> I'll see you later Helga!

< And off she went...
> And off she went...

< And I run home as fast as my legs can carry me.
> And I run home as fast as my legs can carry me.

< Eventually what felt like the longest school day in history comes to an end...
> Eventually what felt like the longest school day in history comes to an end...

< Ready to head home, Helga?
> Ready to head home, Helga?

< Yeah...all ready!
> Yeah...all ready!

< You seem a lot cheerier than you were this morning.
> You seem a lot cheerier than you were this morning.

< Phoebe notes the sound of my rather cheerful voice.
> Phoebe notes the sound of my rather cheerful voice.

< Damn right, and I'll tell ya why Pheebs, so listen close.
> Damn right, and I'll tell ya why Pheebs, so listen close.

< Listening!~
> Listening!~

< I had an idea Phoebe, that deals with...
> I had an idea Phoebe, that deals with...

< You-know-who...
> You-know-who...

< Really? Well to be honest, I'm not all that surprised.
> Really? Well to be honest, I'm not all that surprised.

< I knew you'd come up with something.
> I knew you'd come up with something.

< Yes, you see I realized that the only person making my Cheese Festival experiences so bad, was well...me.
> Yes, you see I realized that the only person making my Cheese Festival experiences so bad, was well...me.

< So I decided...
> So I decided...

< Hey Phoebe.
> Hey Phoebe.

< ...Helga...
> ...Helga...

< Geraldo, really, I need her for like another minute and then you can go be cutesy far...faaaar away from me.
> Geraldo, really, I need her for like another minute and then you can go be cutesy far...faaaar away from me.

< Man, I don't know how you two can put up with her...
> Man, I don't know how you two can put up with her...

< Pardon? Who else are you talking about Gerald?
> Pardon? Who else are you talking about Gerald?

< Arnold's been talking about Miss Helga G. Pataki all day!
> Arnold's been talking about Miss Helga G. Pataki all day!

< Excuse me?
> Excuse me?

< Arnold?!
> Arnold?!

< Yeah, so what's going on?
> Yeah, so what's going on?

< Going on? Nothing's going on...why would you think anything's going on?!
> Going on? Nothing's going on...why would you think anything's going on?!

< Damn girl, take a breath...I meant with you two.
> Damn girl, take a breath...I meant with you two.

< Yeah, I should probably take it easy...wouldn't want to pass out from gossip.
> Yeah, I should probably take it easy...wouldn't want to pass out from gossip.

< Well we were just heading home and...
> Well we were just heading home and...

< I stare Phoebe down and pray she can read my mind.
> I stare Phoebe down and pray she can read my mind.

< Ask him about Arnold so I don't have to Phoebe!!
> Ask him about Arnold so I don't have to Phoebe!!

< Then it wouldn't be gossip, it would be cold, hard facts.
> Then it wouldn't be gossip, it would be cold, hard facts.

< Kind of...sort of...
> Kind of...sort of...

< No wait, why is Arnold talking about Helga? Is it bad?
> No wait, why is Arnold talking about Helga? Is it bad?

< I knew she was my best friend for a reason.
> I knew she was my best friend for a reason.

< Are you kidding?
> Are you kidding?

< Non-stop he's been goin' on about you, seriously...
> Non-stop he's been goin' on about you, seriously...

< He thinks you guys had a really great talk at lunch or...something!
> He thinks you guys had a really great talk at lunch or...something!

< What are you doing to him?
> What are you doing to him?

< What the hell's that supposed to mean?
> What the hell's that supposed to mean?

< Nothing, nothing...just wondering what got you on his mind is all...
> Nothing, nothing...just wondering what got you on his mind is all...

< How am I supposed to know why the Football Head's thinking about me?
> How am I supposed to know why the Football Head's thinking about me?

< I feel like my head's swimming...~
> I feel like my head's swimming...~

< Arnold was thinking about me? Talking about me?
> Arnold was thinking about me? Talking about me?

< Maybe this was going to be easier than I thought.
> Maybe this was going to be easier than I thought.

< Hmm...
> Hmm...

< What is it?
> What is it?

< Arnold talking about Helga, and saying good things too?...
> Arnold talking about Helga, and saying good things too?...

< He was teasing me now, I could hear it in his voice...
> He was teasing me now, I could hear it in his voice...

< Never thought I'd see the day.
> Never thought I'd see the day.

< He said it with a rather earnest smile.
> He said it with a rather earnest smile.

< Gerald, you say that as if you were expecting it to happen, rather than being surprised by it...
> Gerald, you say that as if you were expecting it to happen, rather than being surprised by it...

< Yeah...I guess I always assumed you two would get together at some point.
> Yeah...I guess I always assumed you two would get together at some point.

< What!?
> What!?

< I dunno man...
> I dunno man...

< He laughed suddenly...
> He laughed suddenly...

< You two fight so much though...
> You two fight so much though...

< Haha, you'd probably have some seriously hot, angry...
> Haha, you'd probably have some seriously hot, angry...

< Please don't finish that sentence, please don't finish that sentence!
> Please don't finish that sentence, please don't finish that sentence!

< Enough!
> Enough!

< I was sure my head was about to explode.
> I was sure my head was about to explode.

< Lucky Phoebe came to the rescue...
> Lucky Phoebe came to the rescue...

< I always thought so too...
> I always thought so too...

< Phoebe!
> Phoebe!

< Ehehehe....sorry, Helga.
> Ehehehe....sorry, Helga.

< I knew it!
> I knew it!

< Ugh, I can't even...
> Ugh, I can't even...

< It's amazing how fast one conversation can make you tired...
> It's amazing how fast one conversation can make you tired...

< You know what Pheebs, text me later...I just remembered I gotta go do something!
> You know what Pheebs, text me later...I just remembered I gotta go do something!

< Like sleep...for a year...and a half.
> Like sleep...for a year...and a half.

< Oh! Well okay Helga...
> Oh! Well okay Helga...

< I'll see you later...
> I'll see you later...

< After a much needed nap...
> After a much needed nap...

< I get up from bed, grab my diary, and begin to write in poems, draw random doodles.
> I get up from bed, grab my diary, and begin to write in poems, draw random doodles.

< And just as the sun was beginning to set over the city....
> And just as the sun was beginning to set over the city....

< I find myself looking away from my work, out the window.
> I find myself looking away from my work, out the window.

< My mind, as always finds Arnold...wondering what my love could be doing right at this moment...
> My mind, as always finds Arnold...wondering what my love could be doing right at this moment...

< I look over my mess of notes and drawings, then outside, back and forth...
> I look over my mess of notes and drawings, then outside, back and forth...

< Slowly I get up from my bed and leave my room, barely a word to Big Bob and Miriam as I slam the front door behind me.
> Slowly I get up from my bed and leave my room, barely a word to Big Bob and Miriam as I slam the front door behind me.

< Passing the Festival grounds once again, almost like an omen or something...
> Passing the Festival grounds once again, almost like an omen or something...

< I arrive at City Park and walk towards my tree.
> I arrive at City Park and walk towards my tree.

< Yes, it was my tree...I took claim of it years ago even if nobody knew it...
> Yes, it was my tree...I took claim of it years ago even if nobody knew it...

< I had carved dozen of things in its bark and yet somehow found an excuse to chisel it away afterwards.
> I had carved dozen of things in its bark and yet somehow found an excuse to chisel it away afterwards.

< I was always, even at this very moment, so terribly frightened of my love for...
> I was always, even at this very moment, so terribly frightened of my love for...

< I keep running into you today Helga!
> I keep running into you today Helga!

< Granted this time it isn't literal...
> Granted this time it isn't literal...

< Arnold!..
> Arnold!..

< Seriously Football Head...a little warning!
> Seriously Football Head...a little warning!

< Heh, sorry...
> Heh, sorry...

< Yeah, sure...sure, whatever.
> Yeah, sure...sure, whatever.

< ...Anyway...
> ...Anyway...

< I heard a funny rumor about you today, Arnoldo...
> I heard a funny rumor about you today, Arnoldo...

< A rumor?
> A rumor?

< Yeah, some tall-haired birdie said you've been talking about me~
> Yeah, some tall-haired birdie said you've been talking about me~

< I let that trail off a little more giddily than necessary.
> I let that trail off a little more giddily than necessary.

< Huh?
> Huh?

< Yep...so you think we had a nice chat after lunch, huh?
> Yep...so you think we had a nice chat after lunch, huh?

< Come on, spit it out.
> Come on, spit it out.

< Use your big boy words.
> Use your big boy words.

< Well, yeah Helga, I did say that and I meant it too.
> Well, yeah Helga, I did say that and I meant it too.

< The point of me bringing this up was to make him all flustered for once...
> The point of me bringing this up was to make him all flustered for once...

< And yet somehow he manages to turn the tables back on me!
> And yet somehow he manages to turn the tables back on me!

< I've always known that you were a nice girl Helga...
> I've always known that you were a nice girl Helga...

< I'm just kinda happy you're finally showing me.
> I'm just kinda happy you're finally showing me.

< I like you like that.
> I like you like that.

< Really?
> Really?

< Yeah...
> Yeah...

< I sorta don't know what to say...
> I sorta don't know what to say...

< Well that's different.
> Well that's different.

< Hey, watch it!
> Hey, watch it!

< I'm sorry, it's not everyday I get to be the one who does the teasing...
> I'm sorry, it's not everyday I get to be the one who does the teasing...

< Well don't go thinking I'm ever gonna give you a chance to do it again!
> Well don't go thinking I'm ever gonna give you a chance to do it again!

< Alright, alright I'll keep that in mind...
> Alright, alright I'll keep that in mind...

< Arnold looks down at the grass and kicks something visible to him.
> Arnold looks down at the grass and kicks something visible to him.

< So...
> So...

< So?
> So?

< Can I walk ya home or something?
> Can I walk ya home or something?

< Or something...
> Or something...

< Nothing, Arnoldo...just teasing you.
> Nothing, Arnoldo...just teasing you.

< Restoring the world to its natural order.
> Restoring the world to its natural order.

< I didn't realize joking on you was such a big deal.
> I didn't realize joking on you was such a big deal.

< The world could have ended and it would've been all your fault.
> The world could have ended and it would've been all your fault.

< That's how serious it was.
> That's how serious it was.

< Okay Helga, whatever you say.
> Okay Helga, whatever you say.

< ...........
> ...........

< ...............
> ...............

< I couldn't believe he was walking me home!
> I couldn't believe he was walking me home!

< I mean...yeah, yeah, he's done it before...
> I mean...yeah, yeah, he's done it before...

< But for some reason, now it felt special.
> But for some reason, now it felt special.

< Uh....before you go inside...
> Uh....before you go inside...

< Arnold reaches out for my shoulder to hold me back a minute.
> Arnold reaches out for my shoulder to hold me back a minute.

< About earlier...
> About earlier...

< Huh? Earlier when?
> Huh? Earlier when?

< Is it something good at least?
> Is it something good at least?

< What is?
> What is?

< He stares at me shyly for a moment, as if I'm to read his mind.
> He stares at me shyly for a moment, as if I'm to read his mind.

< What is? I'm not a mind reader...
> What is? I'm not a mind reader...

< Why...
> Why...

< Why I'm...different...right?
> Why I'm...different...right?

< I just wanted to know...
> I just wanted to know...

< Is it, that, you can't tell me cause it's good, and you want to surprise me or...?
> Is it, that, you can't tell me cause it's good, and you want to surprise me or...?

< Or... Is it bad? And you're just waiting for the right moment to break the news?
> Or... Is it bad? And you're just waiting for the right moment to break the news?

< I'm guessing it's something like that...
> I'm guessing it's something like that...

< I bite at my lip nervously.
> I bite at my lip nervously.

< I couldn't tell him the answer to that question depended solely on his reaction.
> I couldn't tell him the answer to that question depended solely on his reaction.

< That's a good question.
> That's a good question.

< You don't know?
> You don't know?

< Not really...
> Not really...

< Just...
> Just...

< Trust me, okay?
> Trust me, okay?

< Yeah, I think I can...
> Yeah, I think I can...

< Good!
> Good!

< Well...I'm heading in.
> Well...I'm heading in.

< Okay...
> Okay...

< I'll be seeing ya.
> I'll be seeing ya.

< Guess so...
> Guess so...

< ~~sigh~~ Maybe this won't be so hard after all!
> ~~sigh~~ Maybe this won't be so hard after all!

< Did you say something Helga?
> Did you say something Helga?

< Nothing Football Head, just keep walking...
> Nothing Football Head, just keep walking...

< As soon as I make my way back to my room I pull out my little pink book again...
> As soon as I make my way back to my room I pull out my little pink book again...

< And begin to recount my day with Arnold, filling the pages with thoughts and poems for him.
> And begin to recount my day with Arnold, filling the pages with thoughts and poems for him.

< All for my beloved Arnold.
> All for my beloved Arnold.

< I write and write and write...
> I write and write and write...

< Then slowly...I fall asleep.
> Then slowly...I fall asleep.

< So what brings you out here Arnold?
> So what brings you out here Arnold?

< Just taking a walk, I guess
> Just taking a walk, I guess

< You guess? You mean you don't know?
> You guess? You mean you don't know?

< Very funny Helga...
> Very funny Helga...

< I know...I'm a barrel of laughs.
> I know...I'm a barrel of laughs.

< You know you've kind of been hot and cold with me all day, any reason?
> You know you've kind of been hot and cold with me all day, any reason?

< I'm imbalanced? I don't know...
> I'm imbalanced? I don't know...

< I don't think that's the case, but I won't try to pry.
> I don't think that's the case, but I won't try to pry.

< Arnold Shortman, not trying to butt into other people's business?
> Arnold Shortman, not trying to butt into other people's business?

< You must be fighting every urge not to.
> You must be fighting every urge not to.

< He didn't say anything...just made a face like I hit the target perfectly...
> He didn't say anything...just made a face like I hit the target perfectly...

< Haha! I must know you better than you think I do!
> Haha! I must know you better than you think I do!

< Seems like it...
> Seems like it...

< Ugh, always taking me by surprise...always!
> Ugh, always taking me by surprise...always!

< It's just, right when I think you're gonna break down that wall for me...
> It's just, right when I think you're gonna break down that wall for me...

< You somehow put it right back up again...
> You somehow put it right back up again...

< What wall...? This is all me here Football Head.
> What wall...? This is all me here Football Head.

< That's an awful, awful lie.
> That's an awful, awful lie.

< No, I don't think so.
> No, I don't think so.

< You're hiding yourself, I know it.
> You're hiding yourself, I know it.

< Yeah, right I'm hiding myself...
> Yeah, right I'm hiding myself...

< Criminy! Are you kidding?
> Criminy! Are you kidding?

< Okay Helga, like I said, I won't press your buttons.
> Okay Helga, like I said, I won't press your buttons.

< He turns away from me, and then causally looks over his shoulder to say...
> He turns away from me, and then causally looks over his shoulder to say...

< I'll see ya tomorrow, okay?
> I'll see ya tomorrow, okay?

< Well...
> Well...

< I woke up earlier than I had wanted to this morning...
> I woke up earlier than I had wanted to this morning...

< But it was weird, I was actually feeling pretty good.
> But it was weird, I was actually feeling pretty good.

< Okay, that was only half true.
> Okay, that was only half true.

< While my brain was all warm and fuzzy inside...
> While my brain was all warm and fuzzy inside...

< My body didn't want to move...
> My body didn't want to move...

< I know if I fall back to sleep I'm going to be late for class...
> I know if I fall back to sleep I'm going to be late for class...

< So I should probably...
> So I should probably...

< And I felt terrible.
> And I felt terrible.

< I was tired and drained from my efforts the day before.
> I was tired and drained from my efforts the day before.

< I knew I couldn't give up though...
> I knew I couldn't give up though...

< My future love life was at stake here...
> My future love life was at stake here...

< Thing was, I barely wanted to move, let alone get up for school...
> Thing was, I barely wanted to move, let alone get up for school...

< I should probably...
> I should probably...

< Damn...
> Damn...

< I ended up sleeping a lot later than I planned.
> I ended up sleeping a lot later than I planned.

< It's past noon already...
> It's past noon already...

< Not to mention I'm starving to death...
> Not to mention I'm starving to death...

< Will Miriam ever remember that not everyone lives on her special smoothies?
> Will Miriam ever remember that not everyone lives on her special smoothies?

< I mumble this to myself as I rush towards the high school.
> I mumble this to myself as I rush towards the high school.

< Her fruit juice and ice mixed with those special ingredients she thinks I don't know she sneaks in...
> Her fruit juice and ice mixed with those special ingredients she thinks I don't know she sneaks in...

< Forget her, I had better things to worry about.
> Forget her, I had better things to worry about.

< The real bummer was that I missed the chance at having another lunch with Arnold.
> The real bummer was that I missed the chance at having another lunch with Arnold.

< For some reason sleeping in was starting to feel like a mistake.
> For some reason sleeping in was starting to feel like a mistake.

< When I turn the corner I catch the sight of a new store that just opened up...
> When I turn the corner I catch the sight of a new store that just opened up...

< Big Rick Black's Record Shack? When did this...
> Big Rick Black's Record Shack? When did this...

< ...?
> ...?

< Is that...?
> Is that...?

< No way...
> No way...

< That person looks awfully familiar...
> That person looks awfully familiar...

< I need to double check this.
> I need to double check this.

< Without another thought I walk right up to the glass and peer inside the window.
> Without another thought I walk right up to the glass and peer inside the window.

< Ah!
> Ah!

< I can hear is somewhat muffled exclaimation from outside the store.
> I can hear is somewhat muffled exclaimation from outside the store.

< Opps, I guess I surprised him...
> Opps, I guess I surprised him...

< He places the record he was holding back in its place and comes outside to meet me.
> He places the record he was holding back in its place and comes outside to meet me.

< Helga? What are you doing here?
> Helga? What are you doing here?

< I could ask the same of you, couldn't I Football Head?
> I could ask the same of you, couldn't I Football Head?

< Uh...well, yeah but I do have a reason.
> Uh...well, yeah but I do have a reason.

< Oh, I didn't know someone needed a reason to skip school...
> Oh, I didn't know someone needed a reason to skip school...

< I give him a somewhat devilish smile to acompany my teasing.
> I give him a somewhat devilish smile to acompany my teasing.

< Heh...no, you see...Record Store Day was last week...
> Heh...no, you see...Record Store Day was last week...

< And a favorite artist of mine came out with a re-release of one of his albums.
> And a favorite artist of mine came out with a re-release of one of his albums.

< He glances back in the store, as if it would clarify his story for him.
> He glances back in the store, as if it would clarify his story for him.

< So when I saw Big Rick's on my way to school I stopped and looked in...
> So when I saw Big Rick's on my way to school I stopped and looked in...

< They do have it, but I didn't have enough cash for it.
> They do have it, but I didn't have enough cash for it.

< So, I ended up kind of browsing around...
> So, I ended up kind of browsing around...

< Lost track of the time...
> Lost track of the time...

< And, uh, well, here we are.
> And, uh, well, here we are.

< Wow...cool story.
> Wow...cool story.

< I give him a deliberately slow clap.
> I give him a deliberately slow clap.

< Could you tell me again? Maybe make it longer?
> Could you tell me again? Maybe make it longer?

< Well, I know...
> Well, I know...

< But it's the truth so...
> But it's the truth so...

< The truth? Why yes, yes it was. Interesting? That it was not.
> The truth? Why yes, yes it was. Interesting? That it was not.

< He doesn't seem too interested in me now...
> He doesn't seem too interested in me now...

< I have to change that.
> I have to change that.

< But no, no, really Arnold, I had no idea you were such a delinquent.
> But no, no, really Arnold, I had no idea you were such a delinquent.

< Losing track of the time, skipping school...
> Losing track of the time, skipping school...

< Gonna start slumming it with the bad kids?
> Gonna start slumming it with the bad kids?

< Wanna a cigarette?! I think I brought a pack with me...
> Wanna a cigarette?! I think I brought a pack with me...

< I pat my pockets in my feign attempt to get him to laugh.
> I pat my pockets in my feign attempt to get him to laugh.

< Oh yeah, totally...
> Oh yeah, totally...

< He rolls his eyes at me.
> He rolls his eyes at me.

< So what's your excuse?
> So what's your excuse?

< I'm lazy.
> I'm lazy.

< Simple, easy, to the point. And truthful.
> Simple, easy, to the point. And truthful.

< My love, that is how it is done.
> My love, that is how it is done.

< ..............~sigh~
> ..............~sigh~

< Right...so, you heading to school?
> Right...so, you heading to school?

< He pulls his phone out of his pocket to check the time.
> He pulls his phone out of his pocket to check the time.

< If we leave now we could probably make the last three periods or so.
> If we leave now we could probably make the last three periods or so.

< I look past him, towards the direction where the school sat waiting for us.
> I look past him, towards the direction where the school sat waiting for us.

< Hmm...I'm not sure yet.
> Hmm...I'm not sure yet.

< I know if I go to school with Arnold now we'd be doing the "right thing"...
> I know if I go to school with Arnold now we'd be doing the "right thing"...

< And I know he's all about the "right thing".
> And I know he's all about the "right thing".

< But a part of me wanted keep him out here...alone...
> But a part of me wanted keep him out here...alone...

< With just me there'd be nobody to bother us...
> With just me there'd be nobody to bother us...

< I tried to ignore the perky, farm girl face that wormed its way into my head.
> I tried to ignore the perky, farm girl face that wormed its way into my head.

< But seeing Arnold do something bad, even if it was only cutting class, was kind of a turn on.
> But seeing Arnold do something bad, even if it was only cutting class, was kind of a turn on.

< So I guess I'm going to...
> So I guess I'm going to...

< I have to get him to cut class, to hang out and be with me.
> I have to get him to cut class, to hang out and be with me.

< You know, we could have a lot of fun...
> You know, we could have a lot of fun...

< If we just decided not to go, Arnoldo.
> If we just decided not to go, Arnoldo.

< He looks a little nervous when I bring this up to him.
> He looks a little nervous when I bring this up to him.

< Just not show up?
> Just not show up?

< I nod my head.
> I nod my head.

< I dunno, I haven't had very good experiences with ditching school.
> I dunno, I haven't had very good experiences with ditching school.

< I think I remember him and Gerald reminiscing on this story once...
> I think I remember him and Gerald reminiscing on this story once...

< I decide to bring it up, to prove I pay attention to him.
> I decide to bring it up, to prove I pay attention to him.

< Trust me, it's not Carnival Day.
> Trust me, it's not Carnival Day.

< Haha, very funny...but still...
> Haha, very funny...but still...

< I only missed the morning classes by mistake.
> I only missed the morning classes by mistake.

< Arnold...
> Arnold...

< Look, the only reason you had such a crappy time was because you weren't with me.
> Look, the only reason you had such a crappy time was because you weren't with me.

< Oh? Is that the reason?
> Oh? Is that the reason?

< Yup! Didn't you know? Common knowledge, just ask Phoebe.
> Yup! Didn't you know? Common knowledge, just ask Phoebe.

< Since you'll be skipping with me, you're bound to have a good time.
> Since you'll be skipping with me, you're bound to have a good time.

< Hahaha~
> Hahaha~

< Well, okay...but what are we going to do?
> Well, okay...but what are we going to do?

< That's the fun of doing something wrong, Arnoldo...
> That's the fun of doing something wrong, Arnoldo...

< The surprise of what's going to happen next!
> The surprise of what's going to happen next!

< He stares out into space for a moment.
> He stares out into space for a moment.

< I can tell he's thinking on something.
> I can tell he's thinking on something.

< I have a funny feeling I'm going to regret this...
> I have a funny feeling I'm going to regret this...

< But okay...
> But okay...

< Holy crap, did I actually do it?
> Holy crap, did I actually do it?

< Unless you changed your mind?
> Unless you changed your mind?

< No!
> No!

< Relax...relax...
> Relax...relax...

< ....
> ....

< No, of course not Football Head...
> No, of course not Football Head...

< It was my idea after all...
> It was my idea after all...

< Turning you over to the dark side.
> Turning you over to the dark side.

< Going to taint me?
> Going to taint me?

< Hah.
> Hah.

< That sounds dirty...
> That sounds dirty...

< Jeez, shut up.
> Jeez, shut up.

< I laugh.
> I laugh.

< Well, let's get a move on Shortman...
> Well, let's get a move on Shortman...

< We're burning daylight just standing around here.
> We're burning daylight just standing around here.

< Okay Helga, I'm right behind you.
> Okay Helga, I'm right behind you.

< We basically end up kind of wandering around Hillwood...
> We basically end up kind of wandering around Hillwood...

< Inwardly, I was just happy we were together.
> Inwardly, I was just happy we were together.

< Despite the semi-awkward small talk about nothing in particular.
> Despite the semi-awkward small talk about nothing in particular.

< I could tell that neither one of us were having a terrible time...
> I could tell that neither one of us were having a terrible time...

< And that means so much to me.
> And that means so much to me.

< But when we reached City Park, my brain felt fried
> But when we reached City Park, my brain felt fried

< I couldn't come up with anything other than wandering around!
> I couldn't come up with anything other than wandering around!

< Criminy!
> Criminy!

< I'm usually more creative than this Arnold, I swear.
> I'm usually more creative than this Arnold, I swear.

< Oh yeah?
> Oh yeah?

< ...Huh?
> ...Huh?

< Like how?
> Like how?

< Like how what? What are you talking about?
> Like how what? What are you talking about?

< He's confusing me...
> He's confusing me...

< You said you were creative? Were you saying just to say so...
> You said you were creative? Were you saying just to say so...

< Or do you actually...create things?
> Or do you actually...create things?

< Umm...
> Umm...

< Heh, I was just talking...
> Heh, I was just talking...

< It's-it's...it's nothing.
> It's-it's...it's nothing.

< Well, now I know it's something.
> Well, now I know it's something.

< No...no really it's not.
> No...no really it's not.

< Oh come on Helga...you can tell me...
> Oh come on Helga...you can tell me...

< Unless it's another secret.
> Unless it's another secret.

< Um, not exactly...
> Um, not exactly...

< Okay, then what?
> Okay, then what?

< *mumble* *mumble* write *mumble*
> *mumble* *mumble* write *mumble*

< What did you say? I didn't get a word of that.
> What did you say? I didn't get a word of that.

< I said I write.
> I said I write.

< I am a writer.
> I am a writer.

< That's the first time I said that aloud to anyone before...
> That's the first time I said that aloud to anyone before...

< Wow, really?
> Wow, really?

< Yes, really...why would I lie about that?
> Yes, really...why would I lie about that?

< Sorry, I'm just a little surprised.
> Sorry, I'm just a little surprised.

< Why? Don't I look like I can write?
> Why? Don't I look like I can write?

< That's not it...
> That's not it...

< I'm more surprised you actually told me...
> I'm more surprised you actually told me...

< ...What?
> ...What?

< I never knew you were so secretive.
> I never knew you were so secretive.

< ...Yeah, I'm a regular Fort Knox.
> ...Yeah, I'm a regular Fort Knox.

< Arnold stares down at his hands for a moment, then quickly looks back up at me.
> Arnold stares down at his hands for a moment, then quickly looks back up at me.

< Are you gonna let me read some?
> Are you gonna let me read some?

< What?!
> What?!

< Come on! You can't tell me you're a writer and then not show me anything.
> Come on! You can't tell me you're a writer and then not show me anything.

< Yes, actually I can.
> Yes, actually I can.

< In fact, it's what I plan on doing.
> In fact, it's what I plan on doing.

< ...Seriously?
> ...Seriously?

< He looks so disappointed.
> He looks so disappointed.

< Damn it.
> Damn it.

< ...Grrrr....
> ...Grrrr....

< Fine, fine one day I'll show you something, okay?
> Fine, fine one day I'll show you something, okay?

< Now stop looking so pathetic, Football Head, really.
> Now stop looking so pathetic, Football Head, really.

< Another thing I have to wait for, huh?
> Another thing I have to wait for, huh?

< Such is what it takes being friends with me...
> Such is what it takes being friends with me...

< Patience.
> Patience.

< Well, I've waited a long time to finally be your friend, Helga...
> Well, I've waited a long time to finally be your friend, Helga...

< I don't mind.
> I don't mind.

< I don't know why...but him saying that makes me so happy...
> I don't know why...but him saying that makes me so happy...

< I almost let out a sigh!
> I almost let out a sigh!

< So, what now? Lunch?
> So, what now? Lunch?

< Yeah, I could go for some grub.
> Yeah, I could go for some grub.

< Great, my treat?
> Great, my treat?

< No way, I can't do that...
> No way, I can't do that...

< Why not?
> Why not?

< Well, you gotta save up for that record you wanted so much...
> Well, you gotta save up for that record you wanted so much...

< So...no.
> So...no.

< Come on...that record's gonna be there next week...
> Come on...that record's gonna be there next week...

< But how many chances does a guy have to treat Helga G. Pataki?
> But how many chances does a guy have to treat Helga G. Pataki?

< Good point...
> Good point...

< But that's completely up to you, Arnold.
> But that's completely up to you, Arnold.

< Great.
> Great.

< It's on me then.
> It's on me then.

< So let's go.
> So let's go.

< Sounds good!
> Sounds good!

< Awesome...now the question is where to go...
> Awesome...now the question is where to go...

< Any where with food.
> Any where with food.

< Well gee, that narrows it down Helga.
> Well gee, that narrows it down Helga.

< You're so fun to mess with Arnoldo!
> You're so fun to mess with Arnoldo!

< Come on, let's get some burgers.
> Come on, let's get some burgers.

< When I arrive home I call Phoebe on her cell.
> When I arrive home I call Phoebe on her cell.

< I needed to see her, A.S.A.P....
> I needed to see her, A.S.A.P....

< When school finally let out, Arnold and I went our separate ways.
> When school finally let out, Arnold and I went our separate ways.

< And I got in touch with Phoebe, telling her I needed to see her A.S.A.P
> And I got in touch with Phoebe, telling her I needed to see her A.S.A.P

< Knowing her, I wouldn't have to wait too long.
> Knowing her, I wouldn't have to wait too long.

< There you are Phoebe...
> There you are Phoebe...

< Take a seat...I've got some news.
> Take a seat...I've got some news.

< I then proceed to explain everything that had happened the last day and a half...
> I then proceed to explain everything that had happened the last day and a half...

< Explain how I was seriously ready to tell Arnold my feelings...
> Explain how I was seriously ready to tell Arnold my feelings...

< So long as he kinda, sorta made the first move.
> So long as he kinda, sorta made the first move.

< So how do you think I'm doing Pheebs? Any advice?
> So how do you think I'm doing Pheebs? Any advice?

< I think you should keep doing what you're doing Helga...
> I think you should keep doing what you're doing Helga...

< It sounds as if everything is going your way!
> It sounds as if everything is going your way!

< I thought so too...
> I thought so too...

< But, I spent pretty much the whole day with him...
> But, I spent pretty much the whole day with him...

< And he didn't say a word about that stupid Festival!
> And he didn't say a word about that stupid Festival!

< What could I be doing wrong?
> What could I be doing wrong?

< Probably nothing...remember he said he didn't have very good luck at the fairs?
> Probably nothing...remember he said he didn't have very good luck at the fairs?

< Well yeah, but that's cause I was sabotaging him...heh.
> Well yeah, but that's cause I was sabotaging him...heh.

< Maybe he thinks something will go bad if he invites you...
> Maybe he thinks something will go bad if he invites you...

< You think?
> You think?

< It seems like a logical conclusion to make...
> It seems like a logical conclusion to make...

< My only suggestion would be...
> My only suggestion would be...

< Maybe try to be you more?
> Maybe try to be you more?

< With just a pinch of...
> With just a pinch of...

< Nice?
> Nice?

< Well thanks Pheebs...
> Well thanks Pheebs...

< Glad we had this chat.
> Glad we had this chat.

< Did it actually happen? I don't have to forget it?
> Did it actually happen? I don't have to forget it?

< Haha, yeah this time it did.
> Haha, yeah this time it did.

< Alright, I'll see you later then!
> Alright, I'll see you later then!

< I soon find myself in my bedroom, dumping countless old diaries and papers onto the floor.
> I soon find myself in my bedroom, dumping countless old diaries and papers onto the floor.

< Digging through the most recents ones, I try to find something decent to show Arnold.
> Digging through the most recents ones, I try to find something decent to show Arnold.

< The question was... Why was I suddenly so determined to do so...?
> The question was... Why was I suddenly so determined to do so...?

< A part of this excitment to impress him thrills me.
> A part of this excitment to impress him thrills me.

< But the other part though?
> But the other part though?

< It scares me to death...
> It scares me to death...

< But what I find most strange...
> But what I find most strange...

< Is that, somehow, even though it's only been a few hours... I miss him.
> Is that, somehow, even though it's only been a few hours... I miss him.

< And not in the way I normally do...I miss being with him, talking with him.
> And not in the way I normally do...I miss being with him, talking with him.

< This feeling, well, it was...new.
> This feeling, well, it was...new.

< But that thought disappears as I find a good one and rip it out.
> But that thought disappears as I find a good one and rip it out.

< Not quite as romantic as some of my other ones...
> Not quite as romantic as some of my other ones...

< But we don't want to hit him with the crazy all at once.
> But we don't want to hit him with the crazy all at once.

< Talking aloud to myself again...gotta try to stop doing that.
> Talking aloud to myself again...gotta try to stop doing that.

< So with poem in hand I head out the door.
> So with poem in hand I head out the door.

< Just one more quick stop, and it's off to Arnold's...
> Just one more quick stop, and it's off to Arnold's...

< The second I get to the Boarding House I knock hard on the door.
> The second I get to the Boarding House I knock hard on the door.

< I can't believe I'm doing this...
> I can't believe I'm doing this...

< Yeah?
> Yeah?

< I hear his voice call out, but I don't answer, I'm too nervous.
> I hear his voice call out, but I don't answer, I'm too nervous.

< And he looks surprised when he opens the door to see me.
> And he looks surprised when he opens the door to see me.

< Oh, hey...
> Oh, hey...

< Long time no see.
> Long time no see.

< He lets out a rather cute, if not awkward laugh.
> He lets out a rather cute, if not awkward laugh.

< Yeah, yeah I know Arnoldo. You're probably getting sick of me...aren't you?
> Yeah, yeah I know Arnoldo. You're probably getting sick of me...aren't you?

< To be quite honest...
> To be quite honest...

< I really wanted to know...
> I really wanted to know...

< Heh - No, not really.
> Heh - No, not really.

< I wasn't expecting that.
> I wasn't expecting that.

< But, I try to shake off the shock as I fiddle with his gift behind my back.
> But, I try to shake off the shock as I fiddle with his gift behind my back.

< Here!
> Here!

< I hold my present out to him, almost dramatically so.
> I hold my present out to him, almost dramatically so.

< I got ya this...as...as thanks for the food this afternoon.
> I got ya this...as...as thanks for the food this afternoon.

< Yeah?...What is...
> Yeah?...What is...

< He takes the shopping bag from my hands and peers inside.
> He takes the shopping bag from my hands and peers inside.

< Woah! Helga, you didn't need to get me the al...
> Woah! Helga, you didn't need to get me the al...

< Suddenly, he stops short as he reaches inside and pull out my other, less extravagant, gift.
> Suddenly, he stops short as he reaches inside and pull out my other, less extravagant, gift.

< Wait...what's this?
> Wait...what's this?

< He quickly looks over the piece of paper, then back up at me.
> He quickly looks over the piece of paper, then back up at me.

< This is yours isn't it? Your work?
> This is yours isn't it? Your work?

< You're letting me read it?
> You're letting me read it?

< Yeah...well, you know, you looked so pathetic asking for it this afternoon...
> Yeah...well, you know, you looked so pathetic asking for it this afternoon...

< I just couldn't leave you hanging...waiting for me.
> I just couldn't leave you hanging...waiting for me.

< So...read it or don't...whatever...stupid Football Head.
> So...read it or don't...whatever...stupid Football Head.

< I take a few steps away from him, as if that would somehow calm me down.
> I take a few steps away from him, as if that would somehow calm me down.

< Then suddenly, he gives me a questioning smile.
> Then suddenly, he gives me a questioning smile.

< Heh, why are you nervous?
> Heh, why are you nervous?

< Nervous? Shut up! I'm not nervous!
> Nervous? Shut up! I'm not nervous!

< God, that was such a lie.
> God, that was such a lie.

< Huh...
> Huh...

< Even he could tell I was lying.
> Even he could tell I was lying.

< Okay...if you say so...
> Okay...if you say so...

< But I'm gunna read it now...
> But I'm gunna read it now...

< He said it slowly, as if I had forgotten what I had just given him.
> He said it slowly, as if I had forgotten what I had just given him.

< Fine...
> Fine...

< The word comes out bitterly as my heart races faster.
> The word comes out bitterly as my heart races faster.

< That's why I gave it to you.
> That's why I gave it to you.

< Doi...
> Doi...

< Okay here it goes..."My..."
> Okay here it goes..."My..."

< You're gonna read it aloud?!
> You're gonna read it aloud?!

< I thought you didn't care either way?
> I thought you didn't care either way?

< I...I don't!
> I...I don't!

< Then be quiet and let me read...
> Then be quiet and let me read...

< Hey Ar...
> Hey Ar...

< He gives me a subtle glare, a nice way of asking me to shut up, I suppose.
> He gives me a subtle glare, a nice way of asking me to shut up, I suppose.

< {i}My life just swims in darkness, with you my only light.{/i}
> {i}My life just swims in darkness, with you my only light.{/i}

< {i}And though you're not aware of this, it matters not...stay in my sight.{/i}
> {i}And though you're not aware of this, it matters not...stay in my sight.{/i}

< {i}Because I am...{/i} Invisible...? Unheard and uncared for...?
> {i}Because I am...{/i} Invisible...? Unheard and uncared for...?

< He might have been looking at me...but I couldn't even face his direction.
> He might have been looking at me...but I couldn't even face his direction.

< {i}I'll pretend that you do notice me, my love, it's what I wake for...{/i}
> {i}I'll pretend that you do notice me, my love, it's what I wake for...{/i}

< That's it...he finished it.
> That's it...he finished it.

< ~exhale~ Wow...
> ~exhale~ Wow...

< Okay! Okay! Give it to me straight!
> Okay! Okay! Give it to me straight!

< ...You think it's weird, don't you?
> ...You think it's weird, don't you?

< No.
> No.

< No...?
> No...?

< It's beautiful Helga...honestly.
> It's beautiful Helga...honestly.

< I can't believe you wrote this.
> I can't believe you wrote this.

< I'm really impressed.
> I'm really impressed.

< I felt as if all the air in my lungs had been sucked out.
> I felt as if all the air in my lungs had been sucked out.

< You...
> You...

< You really like it Arnold?
> You really like it Arnold?

< How much I wanted to tell him it was for him...about him.
> How much I wanted to tell him it was for him...about him.

< Yeah... I do.
> Yeah... I do.

< C'mere...
> C'mere...

< He takes hold of my hand and I feel frozen in his touch.
> He takes hold of my hand and I feel frozen in his touch.

< And he leads me up to his bedroom.
> And he leads me up to his bedroom.

< I can barely stand as I take in my surroundings.
> I can barely stand as I take in my surroundings.

< One could not even count how many emotions filled me!
> One could not even count how many emotions filled me!

< The fact I was standing here in his room...
> The fact I was standing here in his room...

< Actually being brought in here...I didn't have to sneak in...like I normally did.
> Actually being brought in here...I didn't have to sneak in...like I normally did.

< I watch as he places the record on his bed and walks towards his desk.
> I watch as he places the record on his bed and walks towards his desk.

< He rummages through the draw and fishes out a push pin.
> He rummages through the draw and fishes out a push pin.

< And places my poem on his bedroom wall.
> And places my poem on his bedroom wall.

< There!
> There!

< He sounds so accomplished, like he did something incredibly worthwhile..
> He sounds so accomplished, like he did something incredibly worthwhile..

< Now whenever I need to see something beautiful...I'll know where to look.
> Now whenever I need to see something beautiful...I'll know where to look.

< Arnold I...
> Arnold I...

< I...
> I...

< All the happiness...everything good I feel...
> All the happiness...everything good I feel...

< It all boils in the pit in my stomach and churns into paranoia.
> It all boils in the pit in my stomach and churns into paranoia.

< I....I can't believe you're gonna put that on your wall...
> I....I can't believe you're gonna put that on your wall...

< It's just a bunch of words on paper! It doesn't mean anything!
> It's just a bunch of words on paper! It doesn't mean anything!

< I try to stop myself from running over to his wall and ripping the damn thing to shreds.
> I try to stop myself from running over to his wall and ripping the damn thing to shreds.

< Why am I doing?
> Why am I doing?

< What is wrong with me?
> What is wrong with me?

< Helga...why are you doing this?
> Helga...why are you doing this?

< He just...he doesn't understand.
> He just...he doesn't understand.

< Doing what?
> Doing what?

< He doesn't understand that I can't help it...I'm scared...we're getting close and I'm scared.
> He doesn't understand that I can't help it...I'm scared...we're getting close and I'm scared.

< I can feel that it's getting harder and harder to breathe...
> I can feel that it's getting harder and harder to breathe...

< Was this an anxiety attack?
> Was this an anxiety attack?

< Arnold's hand flies to the bridge of his nose, like he was fighting an on coming headache.
> Arnold's hand flies to the bridge of his nose, like he was fighting an on coming headache.

< You just shared a really big part of yourself...
> You just shared a really big part of yourself...

< His eyes find me again, this time, his glare physically hurts.
> His eyes find me again, this time, his glare physically hurts.

< You can NOT put up that wall like nothing happened!
> You can NOT put up that wall like nothing happened!

< You have nothing to be ashamed of, to be...!
> You have nothing to be ashamed of, to be...!

< I stop him before he can utter another word.
> I stop him before he can utter another word.

< You just don't get it...
> You just don't get it...

< I feel my hands twist into fists as my voice grows in volume.
> I feel my hands twist into fists as my voice grows in volume.

< I can't help it!
> I can't help it!

< That-that part of me...
> That-that part of me...

< It's not something I show people!
> It's not something I show people!

< Why not? You created something beautiful, don't you get that I feel honored?
> Why not? You created something beautiful, don't you get that I feel honored?

< I was being ridiculous but my brain just couldn't help that fear of showing someone any part of the real me.
> I was being ridiculous but my brain just couldn't help that fear of showing someone any part of the real me.

< The me that lives off the love of this boy.
> The me that lives off the love of this boy.

< I feel like a part of my soul goes into my poems.
> I feel like a part of my soul goes into my poems.

< And what if someone laughed at me...
> And what if someone laughed at me...

< What if you laughed at me?
> What if you laughed at me?

< I couldn't even imagine the humiliation...I don't think I could live with it
> I couldn't even imagine the humiliation...I don't think I could live with it

< ...But I didn't.
> ...But I didn't.

< I know...and...
> I know...and...

< And I appreciate that...
> And I appreciate that...

< But you don't understand how hard that was for me Arnold!
> But you don't understand how hard that was for me Arnold!

< His voice grows soft, like he was pitying me, pitying my fear.
> His voice grows soft, like he was pitying me, pitying my fear.

< No one can run away from you if they were never close in the first place...
> No one can run away from you if they were never close in the first place...

< That was why I was the way I was...if I kept people at a distance they could never grow disgusted with me...
> That was why I was the way I was...if I kept people at a distance they could never grow disgusted with me...

< They could never ignore me...
> They could never ignore me...

< They could never overlook me...
> They could never overlook me...

< And being mean...it's how I stay...
> And being mean...it's how I stay...

< It's how I stay safe...
> It's how I stay safe...

< He stares at me like I'm some type of puzzle or something...
> He stares at me like I'm some type of puzzle or something...

< Warm green eyes looking for what?...
> Warm green eyes looking for what?...

< An answer?
> An answer?

< Do I have an answer?
> Do I have an answer?

< Suddenly, his eyes narrow and he steps closer...
> Suddenly, his eyes narrow and he steps closer...

< That's just an excuse!
> That's just an excuse!

< Closing yourself off, even from people who want to know you?
> Closing yourself off, even from people who want to know you?

< You're scared!
> You're scared!

< You're not saving yourself from any pain, you're only making it worse.
> You're not saving yourself from any pain, you're only making it worse.

< Stop it...
> Stop it...

< I can barely even speak....
> I can barely even speak....

< You wrote this, Helga! You!
> You wrote this, Helga! You!

< He points towards that damn piece of paper as if I have no idea what it is.
> He points towards that damn piece of paper as if I have no idea what it is.

< His voice plays with both amazement and curiosity...
> His voice plays with both amazement and curiosity...

< How could I laugh?
> How could I laugh?

< Because...
> Because...

< What was I thinking...
> What was I thinking...

< I don't have any answer at all.
> I don't have any answer at all.

< The room was starting to spin; my breathing was getting faster and faster...
> The room was starting to spin; my breathing was getting faster and faster...

< God...
> God...

< What are you...?
> What are you...?

< Why are you always so freakin' nice all the time?
> Why are you always so freakin' nice all the time?

< I'm not trying to be nice...I'm being honest.
> I'm not trying to be nice...I'm being honest.

< Same difference...
> Same difference...

< No, it's not.
> No, it's not.

< Helga for once in your life can't you just see...
> Helga for once in your life can't you just see...

< I want to know you!
> I want to know you!

< His words spiral to my core.
> His words spiral to my core.

< ...I was wrong.
> ...I was wrong.

< I'm not ready at all.
> I'm not ready at all.

< I can't do this.
> I can't do this.

< Look...
> Look...

< I need to get out of here.
> I need to get out of here.

< I need to escape.
> I need to escape.

< Uh, enjoy the record.
> Uh, enjoy the record.

< I gotta go...
> I gotta go...

< What? No, wait!
> What? No, wait!

< I turn and nearly sprint out of the house...
> I turn and nearly sprint out of the house...

< There was no way I could stand being in that room anymore.
> There was no way I could stand being in that room anymore.

< I felt like my walls were breaking a part...and I didn't like it.
> I felt like my walls were breaking a part...and I didn't like it.

< Though I wanted him to care about me...
> Though I wanted him to care about me...

< I didn't think I was going to be this afraid of the outcome.
> I didn't think I was going to be this afraid of the outcome.

< Of the closeness.
> Of the closeness.

< When I get home I lock myself in my room and pull out one of my pink books.
> When I get home I lock myself in my room and pull out one of my pink books.

< It was my normal routine...I was trying to fall back into some normalcy but...
> It was my normal routine...I was trying to fall back into some normalcy but...

< ...But...
> ...But...

< I can't think of anything to write!
> I can't think of anything to write!

< Where did this writer's block come from?
> Where did this writer's block come from?

< I hold my pen to my paper and wait...but nothing.
> I hold my pen to my paper and wait...but nothing.

< I doubt I'm going to sleep very well tonight...
> I doubt I'm going to sleep very well tonight...

< When I get up the next morning I decide it's best if I just push what happened the day before...
> When I get up the next morning I decide it's best if I just push what happened the day before...

< Way, way, way back into my mind.
> Way, way, way back into my mind.

< While at the same time deciding it was probably best if I actually attend classes today...
> While at the same time deciding it was probably best if I actually attend classes today...

< Making an appearance somehow seemed appropriate.
> Making an appearance somehow seemed appropriate.

< I'm sure teachers wondered how I did so well...
> I'm sure teachers wondered how I did so well...

< When I kinda skipped frequently.
> When I kinda skipped frequently.

< I got up out of bed and went through my normal morning routine.
> I got up out of bed and went through my normal morning routine.

< As boring as that was...
> As boring as that was...

< And as I went downstairs for breakfast and was not surprised to find there was none.
> And as I went downstairs for breakfast and was not surprised to find there was none.

< Why do I even bother looking?
> Why do I even bother looking?

< So as I left the house...
> So as I left the house...

< Per usual...
> Per usual...

< There was Phoebe.
> There was Phoebe.

< The look on her face was ever curious as to how my scheme, if that was the word for it...was going...
> The look on her face was ever curious as to how my scheme, if that was the word for it...was going...

< Sad thing was...
> Sad thing was...

< Even I wasn't sure anymore.
> Even I wasn't sure anymore.

< Morning Helga.
> Morning Helga.

< Morning Pheebs...
> Morning Pheebs...

< How is your..."plan" going?
> How is your..."plan" going?

< There's a bit of hope and joy in her voice...
> There's a bit of hope and joy in her voice...

< I wish I could respond with the same tone.
> I wish I could respond with the same tone.

< Heh...I wonder...
> Heh...I wonder...

< Nothing, nothing...it's going fine, no problems.
> Nothing, nothing...it's going fine, no problems.

< For some reason I can't be honest with her...
> For some reason I can't be honest with her...

< I felt like I could barely be honest with myself.
> I felt like I could barely be honest with myself.

< But I did decide...if I saw him...
> But I did decide...if I saw him...

< I would try to make things better.
> I would try to make things better.

< I had to.
> I had to.

< I had to explain anxiety got the best of me...
> I had to explain anxiety got the best of me...

< Explain that fear and doubt were the cause of my explosion.
> Explain that fear and doubt were the cause of my explosion.

< And that...in no way what-so-ever...did he deserve it.
> And that...in no way what-so-ever...did he deserve it.

< And because of that...because of all my serious thoughts to myself...
> And because of that...because of all my serious thoughts to myself...

< The walk to school was filled mostly with silence.
> The walk to school was filled mostly with silence.

< But then I feel like that little gray cloud hanging over my head lifts when I see him...
> But then I feel like that little gray cloud hanging over my head lifts when I see him...

< My Arnold...
> My Arnold...

< At first I was going to wave, smile, anything...
> At first I was going to wave, smile, anything...

< But before I have a chance...
> But before I have a chance...

< He gives me a small smile before quickly heading into the building...
> He gives me a small smile before quickly heading into the building...

< I feel my throat close up tight when I catch sight of him.
> I feel my throat close up tight when I catch sight of him.

< I want to rush over and apologize but my legs won't move.
> I want to rush over and apologize but my legs won't move.

< Instead he just looks at me...
> Instead he just looks at me...

< No smile, no wave...just looks at me...
> No smile, no wave...just looks at me...

< Then runs off.
> Then runs off.

< Knowing him I would guess he was rushing to get to class....
> Knowing him I would guess he was rushing to get to class....

< That was what I kept telling myself anyway.
> That was what I kept telling myself anyway.

< Dumb Football Head, he probably felt guilty for skipping school the day before.
> Dumb Football Head, he probably felt guilty for skipping school the day before.

< What a goody-two shoes...
> What a goody-two shoes...

< ...Rushing off to class.
> ...Rushing off to class.

< We should hurry too Helga!
> We should hurry too Helga!

< Oh yeah, right...
> Oh yeah, right...

< So I walk into class and take my seat behind him...
> So I walk into class and take my seat behind him...

< And wait...
> And wait...

< And wait...for him to turn and look at me...
> And wait...for him to turn and look at me...

< To even say a simple hello...
> To even say a simple hello...

< He doesn't do it.
> He doesn't do it.

< As used to watching him from afar as I was...
> As used to watching him from afar as I was...

< There was a sharp pain in my chest this time around.
> There was a sharp pain in my chest this time around.

< My mind was jumping to conclusions that I was trying so hard not to make.
> My mind was jumping to conclusions that I was trying so hard not to make.

< Calm down Helga...everything is fine...
> Calm down Helga...everything is fine...

< I try to whisper to myself, almost like a calming mantra.
> I try to whisper to myself, almost like a calming mantra.

< I try to ignore the pain that twists inside me and focus on something else...
> I try to ignore the pain that twists inside me and focus on something else...

< Anything else...
> Anything else...

< And before I know it, class it over.
> And before I know it, class it over.

< And Arnold rushes out without a word...
> And Arnold rushes out without a word...

< Again.
> Again.

< Most of the day seemed to go the same way.
> Most of the day seemed to go the same way.

< When lunch finally comes around...
> When lunch finally comes around...

< I had worked up enough nerve to ask him what was up with the cold shoulder.
> I had worked up enough nerve to ask him what was up with the cold shoulder.

< And apologize for everything I had said to him the day before.
> And apologize for everything I had said to him the day before.

< But by the way he was ignoring me...
> But by the way he was ignoring me...

< I can't help but think...
> I can't help but think...

< He must have figured it out.
> He must have figured it out.

< Figured out that I...
> Figured out that I...

< Helga, do you wanna sit over there?
> Helga, do you wanna sit over there?

< Phoebe's words break me from my thoughts and I nod at her, following behind as she leads me to our table.
> Phoebe's words break me from my thoughts and I nod at her, following behind as she leads me to our table.

< My eyes scan the cafeteria, once...twice...but I still can't find him.
> My eyes scan the cafeteria, once...twice...but I still can't find him.

< And I can't understand why.
> And I can't understand why.

< It must have been me, right?
> It must have been me, right?

< Somehow between then and now he must have read that stupid, stupid poem...
> Somehow between then and now he must have read that stupid, stupid poem...

< Must have tried to figure out why I reacted the way I did...why I was so scared.
> Must have tried to figure out why I reacted the way I did...why I was so scared.

< He must have realized that it was all about him.
> He must have realized that it was all about him.

< It's always been about him.
> It's always been about him.

< I almost feel like a zombie as I sit down next to Phoebe at the table.
> I almost feel like a zombie as I sit down next to Phoebe at the table.

< She makes polite Phoebe-like chit chat while I try my best to answer...
> She makes polite Phoebe-like chit chat while I try my best to answer...

< And I try to eat...
> And I try to eat...

< But it all kind of feels hopeless now.
> But it all kind of feels hopeless now.

< It felt like, if it had been before, I would have come up with some type of incredible scheme to get my way.
> It felt like, if it had been before, I would have come up with some type of incredible scheme to get my way.

< But this time I didn't know what to do...
> But this time I didn't know what to do...

< I had come so, so far...and now...
> I had come so, so far...and now...

< Why was everything crashing in on itself?
> Why was everything crashing in on itself?

< Why did this always have to happen to me?
> Why did this always have to happen to me?

< Can't something ever go right?
> Can't something ever go right?

< Ever?!
> Ever?!

< And so like I was saying...
> And so like I was saying...

< Helga...you weren't listening at all, were you?
> Helga...you weren't listening at all, were you?

< I...uh, no Phoebe, I'm sorry...
> I...uh, no Phoebe, I'm sorry...

< What's wrong?
> What's wrong?

< You've been acting rather strange since this morning.
> You've been acting rather strange since this morning.

< I just shrug my shoulders.
> I just shrug my shoulders.

< It's...it's probably nothing.
> It's...it's probably nothing.

< I guess I'm over thinking it...or something...
> I guess I'm over thinking it...or something...

< Over thinking?
> Over thinking?

< What are you over thinking Helga?
> What are you over thinking Helga?

< I let out a long, defeated sigh.
> I let out a long, defeated sigh.

< Why Arnold isn't here...
> Why Arnold isn't here...

< Oh Helga, you can't possibly think he's avoiding you.
> Oh Helga, you can't possibly think he's avoiding you.

< You said things were going well between you two only yesterday.
> You said things were going well between you two only yesterday.

< I know what I said...
> I know what I said...

< The words come out harsher than I mean...
> The words come out harsher than I mean...

< But something happened after that and...
> But something happened after that and...

< And?
> And?

< He took me to his room and...
> He took me to his room and...

< Helga! You two didn't!
> Helga! You two didn't!

< Get your mind outta the gutter! Nothing like that happened...
> Get your mind outta the gutter! Nothing like that happened...

< I just...
> I just...

< Just what?
> Just what?

< I gave him something I don't think I should have...
> I gave him something I don't think I should have...

< Her face reddens.
> Her face reddens.

< Phoebe I let him read one of my poems...
> Phoebe I let him read one of my poems...

< Jeez...
> Jeez...

< When did you become such a pervert?
> When did you become such a pervert?

< Ehehe....
> Ehehe....

< Sorry Helga, I think it might be Gerald's influence.
> Sorry Helga, I think it might be Gerald's influence.

< I'm not even gonna ask.
> I'm not even gonna ask.

< I'd rather you not anyway...
> I'd rather you not anyway...

< It's not like I have to...
> It's not like I have to...

< So...you gave him a poem?
> So...you gave him a poem?

< Smooth transition Phoebe...
> Smooth transition Phoebe...

< I had to give her some props though...she was making me feel a bit better.
> I had to give her some props though...she was making me feel a bit better.

< But yes, I did.
> But yes, I did.

< And what if it was too much?
> And what if it was too much?

< What if...
> What if...

< I think you should find Arnold and talk with him...
> I think you should find Arnold and talk with him...

< A few days ago you said I'd be better off...
> A few days ago you said I'd be better off...

< I know, I know.
> I know, I know.

< But I think I was wrong.
> But I think I was wrong.

< You...do?
> You...do?

< Arnold makes you happy.
> Arnold makes you happy.

< And miserable...
> And miserable...

< Well, yes, but mostly happy right?
> Well, yes, but mostly happy right?

< ...Ugh....
> ...Ugh....

< Then...oh, um, go and get your man!
> Then...oh, um, go and get your man!

< I think I understand where she's coming from.
> I think I understand where she's coming from.

< He does make me happy... So, so very happy.
> He does make me happy... So, so very happy.

< And sitting around guessing answers to questions I never even asked isn't going to get me anywhere.
> And sitting around guessing answers to questions I never even asked isn't going to get me anywhere.

< Thanks Pheebs...
> Thanks Pheebs...

< But that last little outburst...
> But that last little outburst...

< It never happened?
> It never happened?

< Bingo...
> Bingo...

< Forgetting~
> Forgetting~

< So Helga, what are you gonna do?
> So Helga, what are you gonna do?

< I have to hand it to her...
> I have to hand it to her...

< Her little talk did help some.
> Her little talk did help some.

< It did enough for me to actually get up and make an effort.
> It did enough for me to actually get up and make an effort.

< I didn't know where I was looking though...
> I didn't know where I was looking though...

< So I just kind of aimlessly walk about the school, and hope sooner or later, I'd bump into him...
> So I just kind of aimlessly walk about the school, and hope sooner or later, I'd bump into him...

< The plan seemed to make a lot of sense.
> The plan seemed to make a lot of sense.

< So you think that's what I should do?
> So you think that's what I should do?

< And there he is!
> And there he is!

< I was just about to run to him, to tell him I'm sorry or explain what I did when I hear...
> I was just about to run to him, to tell him I'm sorry or explain what I did when I hear...

< Oh Arnold, I do so enjoy helping you out.
> Oh Arnold, I do so enjoy helping you out.

< No...
> No...

< No, no, no!
> No, no, no!

< Why is this still happening to me?
> Why is this still happening to me?

< I peer from behind my hiding place and watch.
> I peer from behind my hiding place and watch.

< You know I always appreciate your advice...
> You know I always appreciate your advice...

< Hmm, that's just ever so sweet to hear.
> Hmm, that's just ever so sweet to hear.

< You're a wonderful person Arnold and I want you to be so very happy.
> You're a wonderful person Arnold and I want you to be so very happy.

< Thanks Lila, really...it means a lot.
> Thanks Lila, really...it means a lot.

< Now I just gotta...
> Now I just gotta...

< That was it.
> That was it.

< This is over.
> This is over.

< To be honest I don't know why I ever even tried.
> To be honest I don't know why I ever even tried.

< I slip out from my cover and go to my next class, hoping the day will just blur by...
> I slip out from my cover and go to my next class, hoping the day will just blur by...

< And lucky for me, Arnold isn't in my afternoon classes...
> And lucky for me, Arnold isn't in my afternoon classes...

< And as soon as the final bell rang, I'm gone.
> And as soon as the final bell rang, I'm gone.

< I just run as fast as I can, hoping the pain in my chest will be pushed away by the sting in my lungs.
> I just run as fast as I can, hoping the pain in my chest will be pushed away by the sting in my lungs.

< And once again...
> And once again...

< Without meaning too...
> Without meaning too...

< I end up at these damn Fair Grounds.
> I end up at these damn Fair Grounds.

< Why?!
> Why?!

< Why do I always end up here?
> Why do I always end up here?

< I scream up towards the sky...
> I scream up towards the sky...

< Are you trying to torture me?
> Are you trying to torture me?

< Well ya know what?
> Well ya know what?

< I hope it rains tomorrow! I hope this whole damn place floods and then NO ONE can have a good time.
> I hope it rains tomorrow! I hope this whole damn place floods and then NO ONE can have a good time.

< They can all sit at home and be miserable...
> They can all sit at home and be miserable...

< Just like me...
> Just like me...

< Just...like...
> Just...like...

< I hear his calm, warm voice...and I...
> I hear his calm, warm voice...and I...

< I'm completely frozen.
> I'm completely frozen.

< Why is he here?
> Why is he here?

< How do we always end up finding each other...
> How do we always end up finding each other...

< Always?
> Always?

< Was he...looking for me?
> Was he...looking for me?

< When I turn and look at him my heart quickens.
> When I turn and look at him my heart quickens.

< Football Head...
> Football Head...

< And I can't control my mouth.
> And I can't control my mouth.

< What are you doing following me around all the time?!
> What are you doing following me around all the time?!

< I've already got one stalker, I don't need another one...
> I've already got one stalker, I don't need another one...

< Especially if it's you.
> Especially if it's you.

< So just go.
> So just go.

< Why are you out here by yourself?
> Why are you out here by yourself?

< I...uh, jeez!
> I...uh, jeez!

< Didn't you hear me?
> Didn't you hear me?

< I don't want you here!
> I don't want you here!

< Just tell me what's wrong.
> Just tell me what's wrong.

< Look I said go...
> Look I said go...

< ...No.
> ...No.

< Fine!
> Fine!

< If you won't go I will!
> If you won't go I will!

< Wait!
> Wait!

< Arnold...?
> Arnold...?

< Is he...
> Is he...

< Mad at me...?
> Mad at me...?

< I wouldn't blame him if he was.
> I wouldn't blame him if he was.

< Maybe mad isn't the right word.
> Maybe mad isn't the right word.

< He then sighs and forces me to look at him.
> He then sighs and forces me to look at him.

< But for some reason that just lights a fire in me.
> But for some reason that just lights a fire in me.

< Why don't you just go find Lila?
> Why don't you just go find Lila?

< You were with her today anyway...
> You were with her today anyway...

< Yeah, I know...
> Yeah, I know...

< I was talking to her about...
> I was talking to her about...

< Why did he just stop like that?
> Why did he just stop like that?

< About what?!
> About what?!

< ...About you.
> ...About you.

< Wait, what?
> Wait, what?

< I was asking about you Helga...you're like a puzzle ya know.
> I was asking about you Helga...you're like a puzzle ya know.

< Hard to figure out, with all the pieces scattered and upside down!
> Hard to figure out, with all the pieces scattered and upside down!

< I probably should have gone to Phoebe but...
> I probably should have gone to Phoebe but...

< You were asking about me?
> You were asking about me?

< I'm still in shock...
> I'm still in shock...

< Yeah...I wanna...get to know you better.
> Yeah...I wanna...get to know you better.

< Then why not just {i}ask{/i} me?
> Then why not just {i}ask{/i} me?

< I knew the answer to my own question.
> I knew the answer to my own question.

< Cause he thought I'd snap at him.
> Cause he thought I'd snap at him.

< Funny thing is, Lila told me to come to you...
> Funny thing is, Lila told me to come to you...

< That's why I'm here.
> That's why I'm here.

< Even if she didn't, I think I would have come looking for you anyway.
> Even if she didn't, I think I would have come looking for you anyway.

< So he really was looking for me...
> So he really was looking for me...

< No...wait...
> No...wait...

< What is he...
> What is he...

< I'm sorry.
> I'm sorry.

< That I wasn't expecting.
> That I wasn't expecting.

< I sound too...weak.
> I sound too...weak.

< Wh-Why the hell are you sorry...
> Wh-Why the hell are you sorry...

< I didn't talk to you today...pretty much ignored you.
> I didn't talk to you today...pretty much ignored you.

< That was because...
> That was because...

< I thought that was what you wanted.
> I thought that was what you wanted.

< Why would I ever want that ever?
> Why would I ever want that ever?

< Cause when you ran off yesterday...
> Cause when you ran off yesterday...

< I figured I did something...wrong.
> I figured I did something...wrong.

< My heart has surely stopped.
> My heart has surely stopped.

< And I should have asked if you were okay when I saw you this morning...
> And I should have asked if you were okay when I saw you this morning...

< I was wrong and...
> I was wrong and...

< My voice is almost like a whisper...
> My voice is almost like a whisper...

< I can't get it any louder...
> I can't get it any louder...

< I left because of me, not you....not you.
> I left because of me, not you....not you.

< I thought...you weren't talking to me today because...
> I thought...you weren't talking to me today because...

< Because I scared you off or...or something and...
> Because I scared you off or...or something and...

< And...the way you just accepted it right then...
> And...the way you just accepted it right then...

< That part of me I always hide, I...
> That part of me I always hide, I...

< I wasn't prepared for that.
> I wasn't prepared for that.

< But rejection?
> But rejection?

< That's easier to expect.
> That's easier to expect.

< All this time I just assumed that was going to happen, that I'd be laughed at or something.
> All this time I just assumed that was going to happen, that I'd be laughed at or something.

< Even though I was so happy when I decided to show you my work, it still...
> Even though I was so happy when I decided to show you my work, it still...

< It still somehow got all messed up in my head...
> It still somehow got all messed up in my head...

< But you praised me Arnold...
> But you praised me Arnold...

< You surprised me...and elated me...and scared me.
> You surprised me...and elated me...and scared me.

< It was... it was a lot to handle all at once.
> It was... it was a lot to handle all at once.

< Helga...did you really think I'd laugh at you for opening up to me?
> Helga...did you really think I'd laugh at you for opening up to me?

< Do I seem like that kind of person to you?
> Do I seem like that kind of person to you?

< ...He was right...of course he wasn't.
> ...He was right...of course he wasn't.

< No, but still...
> No, but still...

< I was really happy when you gave that poem to me.
> I was really happy when you gave that poem to me.

< I don't know how many times I have to tell you...
> I don't know how many times I have to tell you...

< I've always known there was apart of you that you hid from everybody else...
> I've always known there was apart of you that you hid from everybody else...

< That you weren't so cold...or mean...
> That you weren't so cold...or mean...

< And when you gave me your poem...
> And when you gave me your poem...

< Well, it was kind of like you gave me the key.
> Well, it was kind of like you gave me the key.

< Hah...how corny.
> Hah...how corny.

< He's working his way deeper and deeper into my heart, which is incredible considering how much I truly love him.
> He's working his way deeper and deeper into my heart, which is incredible considering how much I truly love him.

< Yeah, but it's the truth Helga.
> Yeah, but it's the truth Helga.

< And I'm no liar.
> And I'm no liar.

< Nobody but you can say all this corny stuff with a straight face and mean it...
> Nobody but you can say all this corny stuff with a straight face and mean it...

< He grins at me despite my sarcasm.
> He grins at me despite my sarcasm.

< He finally lets go...
> He finally lets go...

< And for some reason I feel half-hearted about it...
> And for some reason I feel half-hearted about it...

< So...were you here by yourself because of me?
> So...were you here by yourself because of me?

< Be honest.
> Be honest.

< Uh...I guess that's part of it...
> Uh...I guess that's part of it...

< A braver soul would have just come clean all together...
> A braver soul would have just come clean all together...

< So uh...
> So uh...

< ...So the Festival is tomorrow, looks like it's almost ready!
> ...So the Festival is tomorrow, looks like it's almost ready!

< Darn did that happen fast!
> Darn did that happen fast!

< I was changing the subject...very badly.
> I was changing the subject...very badly.

< He glances around the grounds as if to clarify what I had just said.
> He glances around the grounds as if to clarify what I had just said.

< And now he isn't saying anything...
> And now he isn't saying anything...

< Great!
> Great!

< What is it, Arnold?
> What is it, Arnold?

< Him suddenly calling my name kind of took me by surprise.
> Him suddenly calling my name kind of took me by surprise.

< Would you...like to go with me?
> Would you...like to go with me?

< No...did he...
> No...did he...

< What...did you say? Go where? What now?
> What...did you say? Go where? What now?

< Well, you brought up the Festival all of a sudden and since we both seem to have such awful times when we come alone...
> Well, you brought up the Festival all of a sudden and since we both seem to have such awful times when we come alone...

< He seems so shy...
> He seems so shy...

< It's adorable.
> It's adorable.

< God how I love him.
> God how I love him.

< I thought maybe we could have fun...if we went...
> I thought maybe we could have fun...if we went...

< Together?
> Together?

< ...Uh...
> ...Uh...

< Slowly I nod my head, as if this entire scene may vanish before me.
> Slowly I nod my head, as if this entire scene may vanish before me.

< And then he smiles at me...
> And then he smiles at me...

< And everything feels okay again.
> And everything feels okay again.

< Yeah?!
> Yeah?!

< ...Oh...um...
> ...Oh...um...

< He suddenly coughs, trying to recapture his composure.
> He suddenly coughs, trying to recapture his composure.

< Uh, that's great...
> Uh, that's great...

< We're gonna have a good time I swear...
> We're gonna have a good time I swear...

< So do me a favor?
> So do me a favor?

< S-s-sure...what?
> S-s-sure...what?

< Don't be sad anymore...okay?
> Don't be sad anymore...okay?

< You look good when you're smiling.
> You look good when you're smiling.

< I-uh, I mean...yeah I'm super happy, just look at me Hair Boy!
> I-uh, I mean...yeah I'm super happy, just look at me Hair Boy!

< Hah. Right Helga...I'll pick you up at seven tomorrow, okay?
> Hah. Right Helga...I'll pick you up at seven tomorrow, okay?

< Be ready...
> Be ready...

< And with that his wonderful Football Head disappears...
> And with that his wonderful Football Head disappears...

< And then I realize...
> And then I realize...

< I did it!
> I did it!

< I actually did it!
> I actually did it!

< Without scheming or tricking anybody into anything...
> Without scheming or tricking anybody into anything...

< I got Arnold to ask me to the Festival.
> I got Arnold to ask me to the Festival.

< And he actually seems excited about it!
> And he actually seems excited about it!

< As I finally head home after that long...strange day...
> As I finally head home after that long...strange day...

< I realize it's the first time in a long time I actually felt...
> I realize it's the first time in a long time I actually felt...

< Well...pretty happy.
> Well...pretty happy.

< As I head home I'm nearly dancing in the streets, floating in the clouds.
> As I head home I'm nearly dancing in the streets, floating in the clouds.

< I was so happy!
> I was so happy!

< Some how this all turned out so perfectly...
> Some how this all turned out so perfectly...

< Such is the mysteries of love and life I suppose...
> Such is the mysteries of love and life I suppose...

< When I reach my room I take my phone out of my bag and call Phoebe.
> When I reach my room I take my phone out of my bag and call Phoebe.

< So it looks like it's gonna be a double date at the festival...
> So it looks like it's gonna be a double date at the festival...

< Really Helga? That's great; I'm so excited for you!
> Really Helga? That's great; I'm so excited for you!

< Haha! Thanks Phoebe, I'm excited too!
> Haha! Thanks Phoebe, I'm excited too!

< He asked me!
> He asked me!

< I don't even have to say anything else, I know she'll get it.
> I don't even have to say anything else, I know she'll get it.

< Really Helga? I'm so happy for you!
> Really Helga? I'm so happy for you!

< Thanks Pheebs...I'm happy too...
> Thanks Pheebs...I'm happy too...

< And for once I really, really was...
> And for once I really, really was...

< By the time midnight rolls around, hours closer to the Festival...
> By the time midnight rolls around, hours closer to the Festival...

< I finally find my muse again...
> I finally find my muse again...

< Arnold my love, it may finally be...could you too feel the same for me?
> Arnold my love, it may finally be...could you too feel the same for me?

< I write and write, filled with inspiration...until I drift off to sleep.
> I write and write, filled with inspiration...until I drift off to sleep.

< When I awake the next morning, I'm thrilled.
> When I awake the next morning, I'm thrilled.

< In just...
> In just...

< I glance at my alarm clock...
> I glance at my alarm clock...

< Eight hours my love would come here looking for me...
> Eight hours my love would come here looking for me...

< Ready to take me to...
> Ready to take me to...

< It is then I hear the sound of tapping on the window, light but tapping none the less...
> It is then I hear the sound of tapping on the window, light but tapping none the less...

< Slowly, I go to throw open the blinds and...
> Slowly, I go to throw open the blinds and...

< It's raining.  It was just a little bit and I already can see the sun starting to work its way through the clouds.
> It's raining.  It was just a little bit and I already can see the sun starting to work its way through the clouds.

< Good.
> Good.

< I'm not going to let anything ruin this day for me.
> I'm not going to let anything ruin this day for me.

< Sure, it was a double date...but it's better than nothing!
> Sure, it was a double date...but it's better than nothing!

< The only down side...
> The only down side...

< I have no idea what to do with myself...
> I have no idea what to do with myself...

< I get up out of bed and walk towards my closet.
> I get up out of bed and walk towards my closet.

< I fan through my clothes until I find something rather okay to wear tonight...
> I fan through my clothes until I find something rather okay to wear tonight...

< Well, that's something done...at least.
> Well, that's something done...at least.

< After another minute of lost thought...
> After another minute of lost thought...

< I sit down at my vanity...
> I sit down at my vanity...

< And stare at my face.
> And stare at my face.

< Of course, I just got up so I didn't exactly look my best...
> Of course, I just got up so I didn't exactly look my best...

< But I was more curious as to what I should do with it tonight.
> But I was more curious as to what I should do with it tonight.

< I open the drawer and pull out the various make-up kits I have...
> I open the drawer and pull out the various make-up kits I have...

< And uh, barely ever wore.
> And uh, barely ever wore.

< Ugh, I used to be better at this...
> Ugh, I used to be better at this...

< After a minute of being completely frozen, I get up.
> After a minute of being completely frozen, I get up.

< Shower first...
> Shower first...

< Other things...later...much later.
> Other things...later...much later.

< And there it was...
> And there it was...

< It seems someone had been listening to me yesterday...
> It seems someone had been listening to me yesterday...

< It's raining.
> It's raining.

< No, raining isn't the right word for it...
> No, raining isn't the right word for it...

< It's pouring...
> It's pouring...

< I rush to my phone to check for messages from Arnold but...
> I rush to my phone to check for messages from Arnold but...

< There's nothing...
> There's nothing...

< Nothing from him anyway...
> Nothing from him anyway...

< Instead what I find is a voice mail from Phoebe...
> Instead what I find is a voice mail from Phoebe...

< As I go to my inbox to listen to my messages, I'm already feeling nervous.
> As I go to my inbox to listen to my messages, I'm already feeling nervous.

< And Pheebs' heavy sigh on the other end of the phone does nothing to calm me down...
> And Pheebs' heavy sigh on the other end of the phone does nothing to calm me down...

< Nope, not at all...
> Nope, not at all...

< In fact, she only makes it worse.
> In fact, she only makes it worse.

< Hello Helga this is Phoebe...
> Hello Helga this is Phoebe...

< ...Is she serious right now?
> ...Is she serious right now?

< I have some rather troubling news I just heard from Gerald that I thought I should tell you...
> I have some rather troubling news I just heard from Gerald that I thought I should tell you...

< It seems....well, it seems that if the rain doesn't stop by at least this afternoon...
> It seems....well, it seems that if the rain doesn't stop by at least this afternoon...

< The festival will be cancelled...
> The festival will be cancelled...

< Oh Helga, I'm so sorry!
> Oh Helga, I'm so sorry!

< Why is she apologizing?
> Why is she apologizing?

< It's not her fault...
> It's not her fault...

< I was the one who had asked, no begged for it to rain today...
> I was the one who had asked, no begged for it to rain today...

< And the universe finally does as I ask it too...
> And the universe finally does as I ask it too...

< To be honest, I should have seen it coming.
> To be honest, I should have seen it coming.

< Just when I finally get a chance to be with Arnold like I wanted...
> Just when I finally get a chance to be with Arnold like I wanted...

< To show him my true colors because I know now he'll accept me as I am....
> To show him my true colors because I know now he'll accept me as I am....

< This happens.
> This happens.

< Well that's it.
> Well that's it.

< I'm done.
> I'm done.

< I'm going back to bed and maybe...
> I'm going back to bed and maybe...

< Just maybe....
> Just maybe....

< I'll wake up some where better than here.
> I'll wake up some where better than here.

< When I finally wake up, the world seems a darker gray then when I went to sleep...
> When I finally wake up, the world seems a darker gray then when I went to sleep...

< The clock reads close to 6:50 and most of the day has slipped away.
> The clock reads close to 6:50 and most of the day has slipped away.

< I didn't care.
> I didn't care.

< If the world had actually wanted me happy I would have been all dressed up...
> If the world had actually wanted me happy I would have been all dressed up...

< ...Waiting for Arnold to come pick me up for our...
> ...Waiting for Arnold to come pick me up for our...

< I breathe out a rather large, depressed sigh...
> I breathe out a rather large, depressed sigh...

< {i}Date.{/i}
> {i}Date.{/i}

< I move slowly towards my bedroom mirror and look at my reflection in the glass...
> I move slowly towards my bedroom mirror and look at my reflection in the glass...

< Helga ol' girl, you look like hell.
> Helga ol' girl, you look like hell.

< Without thinking much on it, I pull the ties from my pigtails and attempt to brush the nest I like to call hair.
> Without thinking much on it, I pull the ties from my pigtails and attempt to brush the nest I like to call hair.

< Best to look at least presentable in case Bob felt like picking me apart tonight.
> Best to look at least presentable in case Bob felt like picking me apart tonight.

< And while I much rather just hide out in my room for the remainder of time...
> And while I much rather just hide out in my room for the remainder of time...

< My stomach's begging for nourishment...super loudly in fact.
> My stomach's begging for nourishment...super loudly in fact.

< So, I make my way down the stairs, counting each step aloud...
> So, I make my way down the stairs, counting each step aloud...

< One, two, three...
> One, two, three...

< And nearly fall flat on my face when I hear a loud pounding on the door...
> And nearly fall flat on my face when I hear a loud pounding on the door...

< We have a bell!
> We have a bell!

< But they didn't hear me...and I'm too hungry to care.
> But they didn't hear me...and I'm too hungry to care.

< Instead I ignore whoever's at the door and head to the kitchen, hoping Miriam picked up something to eat...
> Instead I ignore whoever's at the door and head to the kitchen, hoping Miriam picked up something to eat...

< And still that person keeps on knockin'.
> And still that person keeps on knockin'.

< I even hear my father screaming for someone to answer...
> I even hear my father screaming for someone to answer...

< And what exactly was stopping you, Dad?
> And what exactly was stopping you, Dad?

< Oh, but me he completely ignores.
> Oh, but me he completely ignores.

< Fine! Whatever, I'll get it!
> Fine! Whatever, I'll get it!

< I swing open the front door, ready to tell whoever's been annoying the hell out of me off...
> I swing open the front door, ready to tell whoever's been annoying the hell out of me off...

< I've lost the ability to speak.
> I've lost the ability to speak.

< You know, I don't think you're suppose to make your date wait out here in the rain...
> You know, I don't think you're suppose to make your date wait out here in the rain...

< But...Arnold...what...
> But...Arnold...what...

< In front of me was Arnold, with his hair pushed back, dressed up kinda fancy...
> In front of me was Arnold, with his hair pushed back, dressed up kinda fancy...

< Wearing a rather bashful smile...
> Wearing a rather bashful smile...

< And above his head was an old, green umbrella...
> And above his head was an old, green umbrella...

< And I stood here in front of him...in my PJ's still...
> And I stood here in front of him...in my PJ's still...

< Really...Arnold...
> Really...Arnold...

< I was still having trouble speaking...
> I was still having trouble speaking...

< Okay, just don't laugh...
> Okay, just don't laugh...

< L-laugh?
> L-laugh?

< At how I look...I was just gonna wear the blazer but when my Grandma found out about our date...
> At how I look...I was just gonna wear the blazer but when my Grandma found out about our date...

< She grabbed my head and wouldn't let me go until I looked...respectable...
> She grabbed my head and wouldn't let me go until I looked...respectable...

< You look...
> You look...

< Yeah....?
> Yeah....?

< I actually think you look rather handsome, Football Head...
> I actually think you look rather handsome, Football Head...

< Getting all snazzy for me...
> Getting all snazzy for me...

< I smile as he blushes a bit at my words...
> I smile as he blushes a bit at my words...

< But then I shake my head, trying to clear my thoughts...
> But then I shake my head, trying to clear my thoughts...

< But Arnold...I thought our...
> But Arnold...I thought our...

< Our date...I thought it was cancelled...cause of the rain?
> Our date...I thought it was cancelled...cause of the rain?

< I mean the Cheese Festival has been called off and...
> I mean the Cheese Festival has been called off and...

< Arnold shrugs his shoulders and takes a step closer to me...
> Arnold shrugs his shoulders and takes a step closer to me...

< I fight the instinct to push him away, like I normally would have...
> I fight the instinct to push him away, like I normally would have...

< I didn't know a little rain...was enough to stop Helga G. Pataki from having a good time.
> I didn't know a little rain...was enough to stop Helga G. Pataki from having a good time.

< For a minute I'm completely blank...
> For a minute I'm completely blank...

< Until I realize...
> Until I realize...

< He's right!
> He's right!

< The only thing that was stopping me from having a good time was... Me...
> The only thing that was stopping me from having a good time was... Me...

< It's always me.
> It's always me.

< You're right.
> You're right.

< Yeah, but don't get too used to hearing it...
> Yeah, but don't get too used to hearing it...

< Haha...don't worry. I'm starting to learn your rules as we go.
> Haha...don't worry. I'm starting to learn your rules as we go.

< Good, I'm glad.
> Good, I'm glad.

< Now, I'm gonna go change so wait! I won't be long.
> Now, I'm gonna go change so wait! I won't be long.

< I nearly fly up the stairs to my room and try to make myself look...more human?
> I nearly fly up the stairs to my room and try to make myself look...more human?

< I grab my brush and make an attempt at my hair again before I open the closet to peer over my clothes...
> I grab my brush and make an attempt at my hair again before I open the closet to peer over my clothes...

< And while I searched for something to wear...I couldn't help thinking about Arnold...
> And while I searched for something to wear...I couldn't help thinking about Arnold...

< I was freaking ecstatic that he still showed up, even if I was just a little pissed he didn't tell me anything about it.
> I was freaking ecstatic that he still showed up, even if I was just a little pissed he didn't tell me anything about it.

< I pull clothes out of my closet on to the floor, not knowing what we're doing, what Arnold had planned...
> I pull clothes out of my closet on to the floor, not knowing what we're doing, what Arnold had planned...

< But to be honest it didn't matter...
> But to be honest it didn't matter...

< Cause he was actually here and waiting for me...
> Cause he was actually here and waiting for me...

< Arnold was waiting for me!
> Arnold was waiting for me!

< In the corner of my eye I catch my black leggings...
> In the corner of my eye I catch my black leggings...

< Pulling out a red skirt and nice pink top, I settle on that outfit.
> Pulling out a red skirt and nice pink top, I settle on that outfit.

< And after I pull on my boots, I grab for a small pink bow...for...obvious reasons.
> And after I pull on my boots, I grab for a small pink bow...for...obvious reasons.

< Then after a few glances in the mirror...
> Then after a few glances in the mirror...

< And a big breath in...
> And a big breath in...

< I finally make my way down the stairs...to Arnold.
> I finally make my way down the stairs...to Arnold.

< God I was so nervous...and my heart was beating way too fast.
> God I was so nervous...and my heart was beating way too fast.

< Sorry to...uh, make you wait.
> Sorry to...uh, make you wait.

< I didn't mind...I guess I took you by surprise huh?
> I didn't mind...I guess I took you by surprise huh?

< But...I did say seven...
> But...I did say seven...

< Hey! I spent most of the day thinking this was called off so...
> Hey! I spent most of the day thinking this was called off so...

< Well that was kind of true...I actually spent most of the day sleeping.
> Well that was kind of true...I actually spent most of the day sleeping.

< But Arnold just smiles at me and turns to open my front door...
> But Arnold just smiles at me and turns to open my front door...

< And frowns as he looks up at the dark, rainy sky.
> And frowns as he looks up at the dark, rainy sky.

< Hasn't even lightened up a little bit...
> Hasn't even lightened up a little bit...

< I hear him mumble to himself, and can't help but smile.
> I hear him mumble to himself, and can't help but smile.

< I watch as he opens up his umbrella and stands beneath it...
> I watch as he opens up his umbrella and stands beneath it...

< There...
> There...

< And then he turns around and holds his hand out for me to take.
> And then he turns around and holds his hand out for me to take.

< He nods.
> He nods.

< Slowly, I put my hand in his, and he gently pulls me to him, out into the rain.
> Slowly, I put my hand in his, and he gently pulls me to him, out into the rain.

< And the funny thing was...
> And the funny thing was...

< He doesn't let go.
> He doesn't let go.

< So, I have uh...quite the night planned.
> So, I have uh...quite the night planned.

< Sounds great Football Head...
> Sounds great Football Head...

< My voice comes out harsher than I mean it too...
> My voice comes out harsher than I mean it too...

< Force of habit I guess.
> Force of habit I guess.

< But it doesn't matter.
> But it doesn't matter.

< Arnold keeps holding onto my hand anyway.
> Arnold keeps holding onto my hand anyway.

< And by the way...
> And by the way...

< You look good Helga.
> You look good Helga.

< I really like your bow.
> I really like your bow.

< We stand side by side under the umbrella as we make our way to our destination.
> We stand side by side under the umbrella as we make our way to our destination.

< I have no idea where he's taking me, but I kinda didn't care...
> I have no idea where he's taking me, but I kinda didn't care...

< This whole thing felt like a dream, a rainy dream, but still a dream.
> This whole thing felt like a dream, a rainy dream, but still a dream.

< So, here we are!
> So, here we are!

< He points to Chez Paris and I start to slow down and fall behind him...
> He points to Chez Paris and I start to slow down and fall behind him...

< I almost let go of his hand too...
> I almost let go of his hand too...

< Uh, you are aware that a few years ago we didn't pay the bill here...
> Uh, you are aware that a few years ago we didn't pay the bill here...

< And had to wash dishes...right?
> And had to wash dishes...right?

< And he laughs at me...
> And he laughs at me...

< Don't worry, I've got enough money for a nice dinner...
> Don't worry, I've got enough money for a nice dinner...

< No dish washing tonight.
> No dish washing tonight.

< I think you're missing my...
> I think you're missing my...

< Come on...
> Come on...

< With a laugh and a shrug of my shoulders I follow him inside.
> With a laugh and a shrug of my shoulders I follow him inside.

< It was funny...
> It was funny...

< This was the same restaurant we had our Valentine's Day dinner at too...
> This was the same restaurant we had our Valentine's Day dinner at too...

< Not that Arnold would know that.
> Not that Arnold would know that.

< He thought I was someone else.
> He thought I was someone else.

< After we make our orders and hand our menus to the waiter...
> After we make our orders and hand our menus to the waiter...

< Arnold clears his throat.
> Arnold clears his throat.

< Hmm? What's up?
> Hmm? What's up?

< Uh, haha...well...
> Uh, haha...well...

< I have something for you.
> I have something for you.

< Wha-what? For me?
> Wha-what? For me?

< I point to myself as if there is anyone else at the table.
> I point to myself as if there is anyone else at the table.

< He nods his head and pulls something out of his blazer pocket.
> He nods his head and pulls something out of his blazer pocket.

< A shoe?
> A shoe?

< I take a closer look at it and reach for it, smiling.
> I take a closer look at it and reach for it, smiling.

< As weird as your little present is Arnold, it's actually kinda funny...
> As weird as your little present is Arnold, it's actually kinda funny...

< I used to have a pair of shoes just like this...
> I used to have a pair of shoes just like this...

< But I lost one of them somewhere.
> But I lost one of them somewhere.

< I know.
> I know.

< I uh, took it by mistake.
> I uh, took it by mistake.

< Kinda like Cinderella I guess...
> Kinda like Cinderella I guess...

< What? Does that make you Prince Charming?
> What? Does that make you Prince Charming?

< Maybe...
> Maybe...

< Anyway, I picked it up by mistake after our first date.
> Anyway, I picked it up by mistake after our first date.

< I drop the shoe and it falls into the silverware, making it clatter.
> I drop the shoe and it falls into the silverware, making it clatter.

< D-date?
> D-date?

< What date?
> What date?

< I would have remembered that happening!
> I would have remembered that happening!

< I catch myself before I say something I would later most likely regret...
> I catch myself before I say something I would later most likely regret...

< But Arnold just smiles at me.
> But Arnold just smiles at me.

< It was Valentine's Day...
> It was Valentine's Day...

< No...way...
> No...way...

< I think we were like nine? Maybe?
> I think we were like nine? Maybe?

< And you...haha, you pretended to be my pen pal.
> And you...haha, you pretended to be my pen pal.

< And her name was...ah, I can't even remember...
> And her name was...ah, I can't even remember...

< But that's not important.
> But that's not important.

< What is...is that I always remembered that girl.
> What is...is that I always remembered that girl.

< He smiles at the memory then looks up at me.
> He smiles at the memory then looks up at me.

< And...after a while...
> And...after a while...

< I finally figured out it was you.
> I finally figured out it was you.

< I pick up the shoe again and try to look him in the eye...
> I pick up the shoe again and try to look him in the eye...

< My cheeks feel hot, I must be blushing like mad.
> My cheeks feel hot, I must be blushing like mad.

< Why...did you uh...keep this?
> Why...did you uh...keep this?

< Though I sounded wary, inside I was flying...
> Though I sounded wary, inside I was flying...

< Terrified, but flying...
> Terrified, but flying...

< It's funny...like I said I always remembered her...you, I mean.
> It's funny...like I said I always remembered her...you, I mean.

< Always kind of wondered how I could have such a strong connection with someone that quickly.
> Always kind of wondered how I could have such a strong connection with someone that quickly.

< I mean, I knew that girl from her letters but...it was different.
> I mean, I knew that girl from her letters but...it was different.

< Maybe I stole the shoe as a memento or something, I don't know.
> Maybe I stole the shoe as a memento or something, I don't know.

< He looks away from me for a moment, as if he's trying to gather his thoughts.
> He looks away from me for a moment, as if he's trying to gather his thoughts.

< Then finally, I figured out you were her...
> Then finally, I figured out you were her...

< ...And I thought to myself...
> ...And I thought to myself...

< "Now it kinda makes sense...but I should probably give Helga her shoe back..."
> "Now it kinda makes sense...but I should probably give Helga her shoe back..."

< I place the shoe down on the table and stare at it.
> I place the shoe down on the table and stare at it.

< I want to wait for Arnold to say more....
> I want to wait for Arnold to say more....

< But instead, I end up talking first.
> But instead, I end up talking first.

< How did you figure it out?
> How did you figure it out?

< My voice was quiet, shy.
> My voice was quiet, shy.

< I wanted to know...how you figured it out?
> I wanted to know...how you figured it out?

< It's been a really long time...so I wanted to know...
> It's been a really long time...so I wanted to know...

< You're not mad...right?
> You're not mad...right?

< It didn't seem like he was, but I had to ask.
> It didn't seem like he was, but I had to ask.

< The way you've been acting lately...the way you've been speaking to me...
> The way you've been acting lately...the way you've been speaking to me...

< It all kind of made sense, reminded me of that gir...
> It all kind of made sense, reminded me of that gir...

< Uh, of you.
> Uh, of you.

< He frowns at me though.
> He frowns at me though.

< And no, I'm not mad...I just wish you would have told me it was you.
> And no, I'm not mad...I just wish you would have told me it was you.

< With that I gruffly sigh and look away, trying to hide my red face.
> With that I gruffly sigh and look away, trying to hide my red face.

< That would have been a fun conversation wouldn't it?
> That would have been a fun conversation wouldn't it?

< Oh Arnold, remember that weird girl who wouldn't tell you who she is...
> Oh Arnold, remember that weird girl who wouldn't tell you who she is...

< But confessed she really liked you? Well, that was me!
> But confessed she really liked you? Well, that was me!

< How do you feel about that?!
> How do you feel about that?!

< Happy.
> Happy.

< I think I felt my face grow even hotter...if that was possible.
> I think I felt my face grow even hotter...if that was possible.

< That's nice F-football Head...but I wasn't really asking...
> That's nice F-football Head...but I wasn't really asking...

< It was hypothetical or rhetorical or whatever.
> It was hypothetical or rhetorical or whatever.

< Arnold nods his head and gives me that familiar knowing, warm smile.
> Arnold nods his head and gives me that familiar knowing, warm smile.

< I know, but I thought I'd like to answer anyway.
> I know, but I thought I'd like to answer anyway.

< When I found out I was...well, happy.
> When I found out I was...well, happy.

< I watch as he reached across the table and takes my hand in his...
> I watch as he reached across the table and takes my hand in his...

< And I can't tear my eyes away from it.
> And I can't tear my eyes away from it.

< It was much easier than looking at him.
> It was much easier than looking at him.

< I'm sorry...
> I'm sorry...

< But that's enough to make me look up.
> But that's enough to make me look up.

< What for?
> What for?

< I'm no good at giving you answers Helga.
> I'm no good at giving you answers Helga.

< I didn't understand what he meant...
> I didn't understand what he meant...

< And before I have the chance to ask him, the waiter comes with our food.
> And before I have the chance to ask him, the waiter comes with our food.

< And Arnold pulls his hand away from mine...
> And Arnold pulls his hand away from mine...

< It might have been my imagination...or more likely my disappointment...
> It might have been my imagination...or more likely my disappointment...

< But my hand feels colder.
> But my hand feels colder.

< As we eat and make polite chit-chat...I'm dying to ask him more questions...
> As we eat and make polite chit-chat...I'm dying to ask him more questions...

< To explain what he meant earlier...
> To explain what he meant earlier...

< But I wasn't going to press him.
> But I wasn't going to press him.

< Maybe I was maturing or whatever, but I figured he'd tell me when he wanted.
> Maybe I was maturing or whatever, but I figured he'd tell me when he wanted.

< And if he wanted to talk about it, I wouldn't stop him.
> And if he wanted to talk about it, I wouldn't stop him.

< Okay, are you ready to go?
> Okay, are you ready to go?

< Arnold gets up from his seat and pulls my chair out.
> Arnold gets up from his seat and pulls my chair out.

< I would think I'd be used to him by now but he's still taking me by surprise.
> I would think I'd be used to him by now but he's still taking me by surprise.

< We make our way outside...
> We make our way outside...

< {i}After{/i} paying the bill, of course...
> {i}After{/i} paying the bill, of course...

< And it seems, now, it's finally stopped raining.
> And it seems, now, it's finally stopped raining.

< And a part of me thinks of the little red shoe in my purse as I watch Arnold take a few steps ahead of me.
> And a part of me thinks of the little red shoe in my purse as I watch Arnold take a few steps ahead of me.

< He turns back around to face me, smiling widely.
> He turns back around to face me, smiling widely.

< Helga, would you still like to go to the Festival with me?
> Helga, would you still like to go to the Festival with me?

< What the...?
> What the...?

< Uh, I hate the break this to ya Arnold...but just cause it stopped raining...
> Uh, I hate the break this to ya Arnold...but just cause it stopped raining...

< Doesn't mean the Festival's back on...it's still called off.
> Doesn't mean the Festival's back on...it's still called off.

< Arnold reaches for my hand and pulls me along after him.
> Arnold reaches for my hand and pulls me along after him.

< That doesn't mean we can't use our imaginations...
> That doesn't mean we can't use our imaginations...

< Jeez Arnoldo, when did you become so bossy?
> Jeez Arnoldo, when did you become so bossy?

< I dunno...
> I dunno...

< Maybe you're rubbing off on me.
> Maybe you're rubbing off on me.

< I didn't argue him on it...I'm too happy he's holding my hand again...
> I didn't argue him on it...I'm too happy he's holding my hand again...

< Siiiigh~
> Siiiigh~

< The grounds look just as I has imagined them...soaked and muddy...
> The grounds look just as I has imagined them...soaked and muddy...

< It's kind of dark...but it's quiet...and private.
> It's kind of dark...but it's quiet...and private.

< So, what would we have done if our date had gone as planned?
> So, what would we have done if our date had gone as planned?

< He's asking me as if I know...
> He's asking me as if I know...

< All I can think of is to shrug my shoulders.
> All I can think of is to shrug my shoulders.

< I dunno, I didn't think that far ahead.
> I dunno, I didn't think that far ahead.

< He nods his head slowly...
> He nods his head slowly...

< Then what should we do first...right now?
> Then what should we do first...right now?

< How the heck should I know?
> How the heck should I know?

< I'm not that creative...
> I'm not that creative...

< Oh no...
> Oh no...

< He smirks at me and shakes his head.
> He smirks at me and shakes his head.

< Liar.
> Liar.

< I-I-I swear I can't think of anything!
> I-I-I swear I can't think of anything!

< My mind's racing with overly romantic thoughts...and those aren't going to work.
> My mind's racing with overly romantic thoughts...and those aren't going to work.

< But there's one thing I can do...
> But there's one thing I can do...

< Something that has been on my mind since he returned the shoe to me.
> Something that has been on my mind since he returned the shoe to me.

< I finally feel like I'm ready to tell Arnold my feelings...
> I finally feel like I'm ready to tell Arnold my feelings...

< And now all I have to do is wait for an opening...that perfect moment to let him know.
> And now all I have to do is wait for an opening...that perfect moment to let him know.

< Arnold suddenly sighs and turns his back to me, looking over the wet fair grounds.
> Arnold suddenly sighs and turns his back to me, looking over the wet fair grounds.

< The action breaks me from my previous thoughts.
> The action breaks me from my previous thoughts.

< All right then...I guess I'll just have to tell you how I saw the night going...
> All right then...I guess I'll just have to tell you how I saw the night going...

< Did you seriously have a plan Football Head?
> Did you seriously have a plan Football Head?

< He bashfully smiles and rubs at the back of his head.
> He bashfully smiles and rubs at the back of his head.

< My Arnold, how adorable you look!
> My Arnold, how adorable you look!

< Well yeah...I wanted to make sure we had a good time.
> Well yeah...I wanted to make sure we had a good time.

< ...You didn't need to try...
> ...You didn't need to try...

< I mumble quietly.
> I mumble quietly.

< I...uh, well I would of have a nice time...just...uh...
> I...uh, well I would of have a nice time...just...uh...

< Just...what?
> Just...what?

< Just being with you, okay?!
> Just being with you, okay?!

< Making me get all mushy...look what you're doing to me!
> Making me get all mushy...look what you're doing to me!

< For a moment he looks surprised...
> For a moment he looks surprised...

< But then he smiles and laughs.
> But then he smiles and laughs.

< Okay, I'll remember that for next time.
> Okay, I'll remember that for next time.

< There's gonna be a next time?! ~swoon~
> There's gonna be a next time?! ~swoon~

< I must have gotten caught in a daydream because suddenly Arnold grabs my hand.
> I must have gotten caught in a daydream because suddenly Arnold grabs my hand.

< Well, come on!
> Well, come on!

< Arnold pulls me towards where the game booths were set upâ¦
> Arnold pulls me towards where the game booths were set upâ¦

< No toys lined the shelves though.
> No toys lined the shelves though.

< It was kind of lonely.
> It was kind of lonely.

< First I would have tried to win you something.
> First I would have tried to win you something.

< Oh really?
> Oh really?

< Yeah, I think itâs like a written rule..
> Yeah, I think itâs like a written rule..

< Trying to win your date a prize at a carnival.
> Trying to win your date a prize at a carnival.

< Hmm~ and what would you have gotten me?
> Hmm~ and what would you have gotten me?

< Anything you wanted.
> Anything you wanted.

< I look away shyly and blow the bangs out of my face.
> I look away shyly and blow the bangs out of my face.

< Okay Romeo, what happens next?
> Okay Romeo, what happens next?

< Haha~ okay, then we come over here.
> Haha~ okay, then we come over here.

< He pulls me over towards the shut down rides, slicked wet from the rain.
> He pulls me over towards the shut down rides, slicked wet from the rain.

< Some of them werenât even fully set up yet.
> Some of them werenât even fully set up yet.

< I would have asked if you wanted to go on some rides.
> I would have asked if you wanted to go on some rides.

< Oh~ well...
> Oh~ well...

< I look around and point towards the Octopus.
> I look around and point towards the Octopus.

< It was always one of my favorites.
> It was always one of my favorites.

< And for a minute, I thought Arnold might have squeezed my hand.
> And for a minute, I thought Arnold might have squeezed my hand.

< Yup.
> Yup.

< I would have picked that one too.
> I would have picked that one too.

< You have good taste.
> You have good taste.

< He looks like he wants to say something.
> He looks like he wants to say something.

< Got something on your mind?
> Got something on your mind?

< It appears like he wasn't expecting me to ask him that, from his reaction anyway.
> It appears like he wasn't expecting me to ask him that, from his reaction anyway.

< Oh, itâs  nothing.
> Oh, itâs  nothing.

< Just thinking something...
> Just thinking something...

< Well, spit it out.
> Well, spit it out.

< You're always making me confess things, it's your turn.
> You're always making me confess things, it's your turn.

< Heh..
> Heh..

< Well, I know I have good taste.
> Well, I know I have good taste.

< That's it?
> That's it?

< What a big secret...I...
> What a big secret...I...

< I'm here with you, aren't I?
> I'm here with you, aren't I?

< Did he really just say that to me?
> Did he really just say that to me?

< I'm dead right?
> I'm dead right?

< So...um...
> So...um...

< And I thought I was bad at a quick subject change.
> And I thought I was bad at a quick subject change.

< Then we'd come over here next.
> Then we'd come over here next.

< He points over to the food tables and gives a rather cool shrug.
> He points over to the food tables and gives a rather cool shrug.

< Then we'd have an all cheese dinner...as per the rules of the Festival.
> Then we'd have an all cheese dinner...as per the rules of the Festival.

< I laugh a bit at his joke.
> I laugh a bit at his joke.

< I kinda like that.
> I kinda like that.

< Like what?
> Like what?

< Stop being weird, saying random things outta nowhere...jeez...
> Stop being weird, saying random things outta nowhere...jeez...

< No, I just mean I like it when you laugh with me...
> No, I just mean I like it when you laugh with me...

< Rather than...you know, at me.
> Rather than...you know, at me.

< Well, yeah, uh, um...I'm sorry about that you know cause....
> Well, yeah, uh, um...I'm sorry about that you know cause....

< It's fine Helga...come on, last place.
> It's fine Helga...come on, last place.

< He finally pulls me over to what would have been the Tunnel of Love and I stare at him questioningly.
> He finally pulls me over to what would have been the Tunnel of Love and I stare at him questioningly.

< Really...the Tunnel of Love?
> Really...the Tunnel of Love?

< Arnold slowly nods his head and smiles...
> Arnold slowly nods his head and smiles...

< It makes some sort of sense I think...
> It makes some sort of sense I think...

< How?
> How?

< Because right as the ride came to an end...
> Because right as the ride came to an end...

< And also the Festival...
> And also the Festival...

< I would've told you...
> I would've told you...

< Told me what?
> Told me what?

< I think I'm in love with you.
> I think I'm in love with you.

< I shake my head.
> I shake my head.

< ...Oh...
> ...Oh...

< Helga's I'm sor...
> Helga's I'm sor...

< I wanted to say it first!
> I wanted to say it first!

< I had been thinking about it this whole time, stupid Football Head!
> I had been thinking about it this whole time, stupid Football Head!

< I wanted to confess first!
> I wanted to confess first!

< I turn away, facing my back towards him.
> I turn away, facing my back towards him.

< Are we really fighting about this right now?
> Are we really fighting about this right now?

< Nope.
> Nope.

< I move quickly and without another thought wrap my arms around him in a tight embrace.
> I move quickly and without another thought wrap my arms around him in a tight embrace.

< You know this is kinda funny...
> You know this is kinda funny...

< I don't think so...
> I don't think so...

< No, not this...I mean, me hugging you first.
> No, not this...I mean, me hugging you first.

< If I recall correctly you've hugged me many times before.
> If I recall correctly you've hugged me many times before.

< Well, yeah...that's true.
> Well, yeah...that's true.

< I know it's true.
> I know it's true.

< But I won't push you away this time around...
> But I won't push you away this time around...

< Consider yourself lucky.
> Consider yourself lucky.

< Hahaha!
> Hahaha!

< Almost on instinct I pull him closer to me.
> Almost on instinct I pull him closer to me.

< I'm happy and nervous and rambling.
> I'm happy and nervous and rambling.

< But then...
> But then...

< Hey, Arnold...?
> Hey, Arnold...?

< What's wrong...
> What's wrong...

< ...Why?
> ...Why?

< Why what?
> Why what?

< He pulls me away just a bit, but doesn't let go...
> He pulls me away just a bit, but doesn't let go...

< Just far enough so he can look me in the eye.
> Just far enough so he can look me in the eye.

< Why...are you falling...
> Why...are you falling...

< For me?
> For me?

< I think I've known for awhile now...
> I think I've known for awhile now...

< And I wanted to be...with you.
> And I wanted to be...with you.

< You just made it hard to get close.
> You just made it hard to get close.

< For...awhile?
> For...awhile?

< He laughs quietly to himself, amused at my amazement.
> He laughs quietly to himself, amused at my amazement.

< But you finally opened up to me and...
> But you finally opened up to me and...

< I don't believe this...
> I don't believe this...

< And yet I thought there would never be a chance but...
> And yet I thought there would never be a chance but...

< Here we are, me and you and we're together now and...
> Here we are, me and you and we're together now and...

< Helga.
> Helga.

< Shut up.
> Shut up.

< Without another word, he silences me with a warm kiss...
> Without another word, he silences me with a warm kiss...

< I like being quieted this way.
> I like being quieted this way.

< Especially when the lips that move against mine...
> Especially when the lips that move against mine...

< ...Are Arnold's...
> ...Are Arnold's...

< I close my eyes and fall into his soft kiss...
> I close my eyes and fall into his soft kiss...

< And after a long moment, together, we pull away.
> And after a long moment, together, we pull away.

< I refuse to open my eyes, afraid it'll all somehow be a dream.
> I refuse to open my eyes, afraid it'll all somehow be a dream.

< I always enjoyed kissing you.
> I always enjoyed kissing you.

< And I'm glad you finally did it first.
> And I'm glad you finally did it first.

< He moves in closer, leaning his forehead against mine.
> He moves in closer, leaning his forehead against mine.

< And he smiles.
> And he smiles.

< You know...some people always told me I'd end up with Helga G. Pataki.
> You know...some people always told me I'd end up with Helga G. Pataki.

< I always thought so.
> I always thought so.

< Me too.
> Me too.

< He leans me back just a bit and his lips find mine again...
> He leans me back just a bit and his lips find mine again...

< The dark, soaked Festival Grounds somehow make the perfect backdrop.
> The dark, soaked Festival Grounds somehow make the perfect backdrop.

< This was it...it had finally happened.
> This was it...it had finally happened.

< This was obviously the greatest Cheese Festival...ever.
> This was obviously the greatest Cheese Festival...ever.

< He pulls away again and takes my hand, lacing his fingers with mine.
> He pulls away again and takes my hand, lacing his fingers with mine.

< So, are you ready to head home?
> So, are you ready to head home?

< Are you kidding Football Head?
> Are you kidding Football Head?

< The night's just getting started!
> The night's just getting started!

< I squeeze his hand gently and pull him after me, not sure where I was going but damn sure I wasn't ready to go home.
> I squeeze his hand gently and pull him after me, not sure where I was going but damn sure I wasn't ready to go home.

< And behind me, Arnold just laughs, and I find myself laughing along too...
> And behind me, Arnold just laughs, and I find myself laughing along too...

< Whatever you say Helga...
> Whatever you say Helga...

< Whatever you say.
> Whatever you say.

< Got that right!
> Got that right!

< No, it's fine.
> No, it's fine.

< Okay, you're right...
> Okay, you're right...

< I'll be back later.
> I'll be back later.

< Say something to him...
> Say something to him...

< Wait to be greeted...
> Wait to be greeted...

< Go and apologize...
> Go and apologize...

< Find him later...
> Find him later...

< I'll try to stall him.
> I'll try to stall him.

< I'll joke around...
> I'll joke around...

< I'll be there.
> I'll be there.

< I dunno yet.
> I dunno yet.

< Just sleep in...
> Just sleep in...

< Get up and go!
> Get up and go!

< Get up and go....
> Get up and go....

< Go with him to school.
> Go with him to school.

< Convince him to cut...
> Convince him to cut...

< I have no idea.
> I have no idea.

< That's the fun!
> That's the fun!

< I was just saying...
> I was just saying...

< Well, yeah I guess.
> Well, yeah I guess.

< Of course!
> Of course!

< Absolutely not!
> Absolutely not!

< I'm gonna go look for him now!
> I'm gonna go look for him now!

< The second I see him, I'll let him know.
> The second I see him, I'll let him know.

< It's nothing, I'm fine.
> It's nothing, I'm fine.

< I want to know more...
> I want to know more...

< Let him find his words.
> Let him find his words.

< You look good....
> You look good....

< You look a little funny...
> You look a little funny...

< Oh my god, where the hell is it?!
> Oh my god, where the hell is it?!

< In a matter of moments, my room has quickly become a disaster area, clothes, books, everything...
> In a matter of moments, my room has quickly become a disaster area, clothes, books, everything...

< ...Scattered about in a desperate attempt to find something.
> ...Scattered about in a desperate attempt to find something.

< My locket is missing!
> My locket is missing!

< I had clearly remembered it on the car ride home.
> I had clearly remembered it on the car ride home.

< And then I put it back in my bag...
> And then I put it back in my bag...

< But now...
> But now...

< But now it isn't here!
> But now it isn't here!

< Every single thing that had been in that damn suitcase is, well everywhere.
> Every single thing that had been in that damn suitcase is, well everywhere.

< I slump to the floor and pull the bed sheet over my head.
> I slump to the floor and pull the bed sheet over my head.

< I have had that locket for years now...
> I have had that locket for years now...

< And while it may have been time to replace it...
> And while it may have been time to replace it...

< That doesn't mean I actually I want to.
> That doesn't mean I actually I want to.

< Popping my head out from the dim darkness of my blanket I let out a heavy sigh.
> Popping my head out from the dim darkness of my blanket I let out a heavy sigh.

< Well, I guess this makes packing everything up easier.
> Well, I guess this makes packing everything up easier.

< With college now in the past, as scary as that is all by itself...
> With college now in the past, as scary as that is all by itself...

< This bedroom's no longer going to be my own.
> This bedroom's no longer going to be my own.

< Everything in here was still the same though, green wallpaper and all...
> Everything in here was still the same though, green wallpaper and all...

< But already, it's starting to feel empty.
> But already, it's starting to feel empty.

< I'm moving on, going some place better...much better.
> I'm moving on, going some place better...much better.

< In fact...
> In fact...

< I dig through the mess of clothes and find my phone at the very bottom of the pile.
> I dig through the mess of clothes and find my phone at the very bottom of the pile.

< What? 8:00 already? Crap, I'm late!
> What? 8:00 already? Crap, I'm late!

< Frantically, I get up from the mess of clothes and blankets and head towards the door.
> Frantically, I get up from the mess of clothes and blankets and head towards the door.

< Well, first I check to make sure I don't look like a one, big giant mess myself....
> Well, first I check to make sure I don't look like a one, big giant mess myself....

< Then off I go...
> Then off I go...

< By the time I find myself a little bit more than half way there...
> By the time I find myself a little bit more than half way there...

< I hear a very familiar voice calling out to me.
> I hear a very familiar voice calling out to me.

< I stop.
> I stop.

< Oh, Phoebe!
> Oh, Phoebe!

< It had been a few months since I last saw Phoebe face to face...
> It had been a few months since I last saw Phoebe face to face...

< Texting and phone calls were a constant with us...but getting together was a lot harder...
> Texting and phone calls were a constant with us...but getting together was a lot harder...

< Espeically when one of us went to school on the other side of the country...
> Espeically when one of us went to school on the other side of the country...

< Or...used to, anyway.
> Or...used to, anyway.

< Congratulations!
> Congratulations!

< Yeah, you too!
> Yeah, you too!

< We give each other a quick hug, both happy to be back in Hillwood...
> We give each other a quick hug, both happy to be back in Hillwood...

< My previous appointment can wait...if only a moment...
> My previous appointment can wait...if only a moment...

< So, tell me, how did you do?
> So, tell me, how did you do?

< I was lazy, as always...but I did it.
> I was lazy, as always...but I did it.

< Got your English degree?
> Got your English degree?

< Yup, I'm pretty proud of myself...it got really, really boring sometimes.
> Yup, I'm pretty proud of myself...it got really, really boring sometimes.

< But Creative Writing was fun...
> But Creative Writing was fun...

< That's right! Your book of poems! I got that on my eReader!
> That's right! Your book of poems! I got that on my eReader!

< I was very impressed!
> I was very impressed!

< Oh Yeah? What about you? Dr. Heyerdahl, right? Haha...
> Oh Yeah? What about you? Dr. Heyerdahl, right? Haha...

< Well, not yet...l start medical school in the fall but...
> Well, not yet...l start medical school in the fall but...

< That's not important right now.
> That's not important right now.

< It's not? Isn't that what catch up's all about?
> It's not? Isn't that what catch up's all about?

< I've distracted you enough, haven't I?
> I've distracted you enough, haven't I?

< Pheebs, you're my best friend...you're not a distraction.
> Pheebs, you're my best friend...you're not a distraction.

< If he doesn't understand...then I'll just have to punch him in the face.
> If he doesn't understand...then I'll just have to punch him in the face.

< Helga, don't say that.
> Helga, don't say that.

< I'm kidding, I swear...more like the arm than the face.
> I'm kidding, I swear...more like the arm than the face.

< I know, and you wonder how he puts up with me.
> I know, and you wonder how he puts up with me.

< Phoebe shakes her head slowly, her smile doesn't fade away.
> Phoebe shakes her head slowly, her smile doesn't fade away.

< I don't wonder that at all.
> I don't wonder that at all.

< This was clearly meant to be.
> This was clearly meant to be.

< I smile at her words...
> I smile at her words...

< But you're probably right...
> But you're probably right...

< I should get going.
> I should get going.

< Call me later, okay?
> Call me later, okay?

< Let's meet up tomorrow.
> Let's meet up tomorrow.

< Okay. I'll see you then!
> Okay. I'll see you then!

< Right! Good luck!
> Right! Good luck!

< And off I go again...
> And off I go again...

< Heading towards City Park.
> Heading towards City Park.

< By the time I get there, the sun has gone down completely.
> By the time I get there, the sun has gone down completely.

< The park now, is lit only by the bright full moon.
> The park now, is lit only by the bright full moon.

< And considering stars were rare in a city sky...a few of them twinkle for me.
> And considering stars were rare in a city sky...a few of them twinkle for me.

< No, no...
> No, no...

< There you are, I've been waiting!
> There you are, I've been waiting!

< They're twinkling for us.
> They're twinkling for us.

< I make my way to him, falling into a tight embrace.
> I make my way to him, falling into a tight embrace.

< I missed you.
> I missed you.

< Missed me?
> Missed me?

< He laughs~
> He laughs~

< I dropped you off at your house this morning.
> I dropped you off at your house this morning.

< Too long...
> Too long...

< I mumble into his chest, leaning on him...
> I mumble into his chest, leaning on him...

< At this point he's basically holding me up.
> At this point he's basically holding me up.

< I was sure he doesn't mind.
> I was sure he doesn't mind.

< Heh, I guess you're right.
> Heh, I guess you're right.

< I'm always right.
> I'm always right.

< He pulls me back a bit and smiles.
> He pulls me back a bit and smiles.

< I missed you too.
> I missed you too.

< Of course you did.
> Of course you did.

< He laughs at me again and pulls me towards the old park bench.
> He laughs at me again and pulls me towards the old park bench.

< And as we sit down, we are still holding on to one another.
> And as we sit down, we are still holding on to one another.

< We're freaks of nature.
> We're freaks of nature.

< How so?
> How so?

< I don't even phase him anymore...
> I don't even phase him anymore...

< I could come up with the most random of topics and it'll rarely ever take him by surprise.
> I could come up with the most random of topics and it'll rarely ever take him by surprise.

< We've been together, what...five years or so?
> We've been together, what...five years or so?

< Seems longer...
> Seems longer...

< Right? Shouldn't we hate each other by now?
> Right? Shouldn't we hate each other by now?

< It's just...and I'm saying this, even though I know how romantic I can be...
> It's just...and I'm saying this, even though I know how romantic I can be...

< Right...?
> Right...?

< It's not too common for high school sweethearts, as corny as that may sound...
> It's not too common for high school sweethearts, as corny as that may sound...

< To be together forever.
> To be together forever.

< ...Arnold?
> ...Arnold?

< You think we're in for the long run?
> You think we're in for the long run?

< Yeah.
> Yeah.

< And that's it...
> And that's it...

< I have never doubted my love for him, even after all this time...and yet...
> I have never doubted my love for him, even after all this time...and yet...

< I think it still amazes me that he loves me back.
> I think it still amazes me that he loves me back.

< Though, a part of me was terrified a little nine-year-old Helga was going to wake up from one incredible dream one morning.
> Though, a part of me was terrified a little nine-year-old Helga was going to wake up from one incredible dream one morning.

< But I mean, it wasn't always a freakin' fairy tale.
> But I mean, it wasn't always a freakin' fairy tale.

< Of course we fought...but we always made up...
> Of course we fought...but we always made up...

< Which was very...very...{i}fun{/i}.
> Which was very...very...{i}fun{/i}.

< I knew it.
> I knew it.

< ...Cause I've told you before.
> ...Cause I've told you before.

< I know, I know...gimme a break.
> I know, I know...gimme a break.

< I've been crazy about you for so long...
> I've been crazy about you for so long...

< I still think I'm dreaming.
> I still think I'm dreaming.

< He doesn't say anything. Just puts his arms around me and pulls me closer to him...
> He doesn't say anything. Just puts his arms around me and pulls me closer to him...

< His silent way of telling me he was real.
> His silent way of telling me he was real.

< It is then I remember...
> It is then I remember...

< Oh, sorry I was late by the way...
> Oh, sorry I was late by the way...

< Wha...?
> Wha...?

< At first it was because I was looking for something...
> At first it was because I was looking for something...

< Then I ran into Phoebe on the way here...
> Then I ran into Phoebe on the way here...

< Uh-huh, she's doing good.
> Uh-huh, she's doing good.

< I'm glad.
> I'm glad.

< You said you were looking for something?
> You said you were looking for something?

< I suddenly sit straight up, the memory coming back to me.
> I suddenly sit straight up, the memory coming back to me.

< My locket! I lost my locket!
> My locket! I lost my locket!

< The one with my picture?
> The one with my picture?

< Like I have any other...
> Like I have any other...

< Didn't you have it in the car with you?
> Didn't you have it in the car with you?

< Yes! That's what I don't understand!!
> Yes! That's what I don't understand!!

< Ah...
> Ah...

< That must be where I took it then...
> That must be where I took it then...

< You have my locket?
> You have my locket?

< Yeah, it's right here.
> Yeah, it's right here.

< He taps his hand on his left side pocket and smirks.
> He taps his hand on his left side pocket and smirks.

< Give it back! What am I supposed to look at when you're not around?!
> Give it back! What am I supposed to look at when you're not around?!

< Hold on, in a minute.
> Hold on, in a minute.

< In a minute? Why in a minute?
> In a minute? Why in a minute?

< He looks away for a moment, as if he is thinking something over...
> He looks away for a moment, as if he is thinking something over...

< Then suddenly, he turns back to me, almost catching me by surprise.
> Then suddenly, he turns back to me, almost catching me by surprise.

< It's interesting...how you asked if I thought we were in this for the long run.
> It's interesting...how you asked if I thought we were in this for the long run.

< Yeah? Why?
> Yeah? Why?

< I have to be honest, I'm barely listening...
> I have to be honest, I'm barely listening...

< I just want to know why he's keeping my locket.
> I just want to know why he's keeping my locket.

< It's my locket, not his.
> It's my locket, not his.

< Even if his name is on the inside of it...
> Even if his name is on the inside of it...

< And his picture is on the front of it...
> And his picture is on the front of it...

< None of that matters!
> None of that matters!

< It's mine and he should...
> It's mine and he should...

< You know I love you, right?
> You know I love you, right?

< Oh...!
> Oh...!

< Now I'm paying attention.
> Now I'm paying attention.

< I always like hearing that...
> I always like hearing that...

< But he sounds shy...almost nervous as he says it.
> But he sounds shy...almost nervous as he says it.

< Something is up...
> Something is up...

< Of course...I love you too.
> Of course...I love you too.

< It almost seems like he's double checking.
> It almost seems like he's double checking.

< He's being so weird...weirder than normal.
> He's being so weird...weirder than normal.

< He takes a deep breath in a reaches into his pocket, pulling it out and handing it to me.
> He takes a deep breath in a reaches into his pocket, pulling it out and handing it to me.

< Here.
> Here.

< But instead of his picture...the words "Open Me" were written over a piece of paper, cut out in the locket's heart shape.
> But instead of his picture...the words "Open Me" were written over a piece of paper, cut out in the locket's heart shape.

< What is this? You change my engraving or something?
> What is this? You change my engraving or something?

< Heh...not quite.
> Heh...not quite.

< With a shrug of my shoulders, I click the lock and open the heart wide.
> With a shrug of my shoulders, I click the lock and open the heart wide.

< This is a lie, isn't it?
> This is a lie, isn't it?

< Some sick joke...
> Some sick joke...

< Helga...you know this is for real.
> Helga...you know this is for real.

< His voice is warm and sweet...but...
> His voice is warm and sweet...but...

< I-I don't...it can't be.
> I-I don't...it can't be.

< He laughs as if he were expecting my shock...
> He laughs as if he were expecting my shock...

< He knows me too well...
> He knows me too well...

< And why not?
> And why not?

< I won't believe you until I hear you ask it.
> I won't believe you until I hear you ask it.

< Otherwise it's just words on paper.
> Otherwise it's just words on paper.

< It's not just words on paper...I know you're staring at it.
> It's not just words on paper...I know you're staring at it.

< What? I don't see anything...
> What? I don't see anything...

< He shrugs his shoulders and lets out a quiet laugh.
> He shrugs his shoulders and lets out a quiet laugh.

< There goes trying to be creative.
> There goes trying to be creative.

< I guess I'm just traditional when it comes to stuff like this...
> I guess I'm just traditional when it comes to stuff like this...

< I'm not sure if that scares me or not...
> I'm not sure if that scares me or not...

< Shut up...you're ruining the moment.
> Shut up...you're ruining the moment.

< I'm ruining the moment?
> I'm ruining the moment?

< Yes.
> Yes.

< He looks away with a laugh, still amused with my disbelief.
> He looks away with a laugh, still amused with my disbelief.

< ...Okay, you don't have to get on one knee or anything.
> ...Okay, you don't have to get on one knee or anything.

< Just ask me.
> Just ask me.

< I know it sounds stupid but...
> I know it sounds stupid but...

< I wanna hear you say it.
> I wanna hear you say it.

< Without a word, he takes the locket from my hands and removes the little, glittering {i}thing{/i}...I had been staring at.
> Without a word, he takes the locket from my hands and removes the little, glittering {i}thing{/i}...I had been staring at.

< It is just too perfectly pretty to be real.
> It is just too perfectly pretty to be real.

< By now my heart is in my throat, and without meaning to, I'm holding my breath.
> By now my heart is in my throat, and without meaning to, I'm holding my breath.

< Baby, you're gonna wanna breathe if you'd like to be conscious for this.
> Baby, you're gonna wanna breathe if you'd like to be conscious for this.

< His voice is soft, but I hear the teasing behind it...
> His voice is soft, but I hear the teasing behind it...

< I can't help it...
> I can't help it...

< Okay...then maybe you're not ready for this...
> Okay...then maybe you're not ready for this...

< He's probably kidding, but the words are enough to wake me from my stupor.
> He's probably kidding, but the words are enough to wake me from my stupor.

< No! No! No! I wanna hear it, please Arnold...I'm sorry...it's just...
> No! No! No! I wanna hear it, please Arnold...I'm sorry...it's just...

< A lot?
> A lot?

< ...Yes.
> ...Yes.

< I know...it's heavy for me too.
> I know...it's heavy for me too.

< But you had more time to prepare!
> But you had more time to prepare!

< Yeah, but apparently that didn't go over so well...
> Yeah, but apparently that didn't go over so well...

< It's not that I don't appreciate the idea...
> It's not that I don't appreciate the idea...

< I just wanted you to say...
> I just wanted you to say...

< Will you marry me?
> Will you marry me?

< I wasn't ready!
> I wasn't ready!

< ...Can't make anything easy can you?
> ...Can't make anything easy can you?

< Hello? Have we met? I'm you're fiancÃ©...
> Hello? Have we met? I'm you're fiancÃ©...

< I didn't even mean to say it...
> I didn't even mean to say it...

< And a chill runs up my spine as a response.
> And a chill runs up my spine as a response.

< That's...just...
> That's...just...

< Yeah...didn't sound half bad.
> Yeah...didn't sound half bad.

< One more time.
> One more time.

< I'm ready for it now.
> I'm ready for it now.

< He grabs my hand and without words, slips the ring on my finger.
> He grabs my hand and without words, slips the ring on my finger.

< Helga...will you marry me?
> Helga...will you marry me?

< There's no hesitation in my answer, not a beat of silence.
> There's no hesitation in my answer, not a beat of silence.

< I knew I wanted to be his wife long before he even wanted to ask me.
> I knew I wanted to be his wife long before he even wanted to ask me.

< Doesn't mean I'm not nervous as hell that it was finally happening...
> Doesn't mean I'm not nervous as hell that it was finally happening...

< But when he kisses me soon after, it becomes increasingly harder to...think...logical...thoughts...
> But when he kisses me soon after, it becomes increasingly harder to...think...logical...thoughts...

< To...think...at...all...
> To...think...at...all...

< His lips come to mine, and it is as if he's pouring his soul into me...
> His lips come to mine, and it is as if he's pouring his soul into me...

< This feeling is something I had felt before, but loved every time it happened.
> This feeling is something I had felt before, but loved every time it happened.

< His kisses are just as pure and kind as he is...but there was something else, this passion that fueled it too...
> His kisses are just as pure and kind as he is...but there was something else, this passion that fueled it too...

< But the excitement and the romance of it all...makes it hard to wanna stop at just kissing...
> But the excitement and the romance of it all...makes it hard to wanna stop at just kissing...

< When we pull away, the smiles on our faces cannot be contained.
> When we pull away, the smiles on our faces cannot be contained.

< I think...we should continue this at {i}our place{/i}.
> I think...we should continue this at {i}our place{/i}.

< I laugh, that just sounded so good to hear.
> I laugh, that just sounded so good to hear.

< A place that was mine...with someone who wanted to be with me, to love me.
> A place that was mine...with someone who wanted to be with me, to love me.

< Oh yeah? All my clothes are still at Big Bob's.
> Oh yeah? All my clothes are still at Big Bob's.

< You won't need them anyway.
> You won't need them anyway.

< Arnold! That's very unlike you...in fact, it's more like me.
> Arnold! That's very unlike you...in fact, it's more like me.

< I did say you were rubbing off on me once, didn't I?
> I did say you were rubbing off on me once, didn't I?

< You obviously spend too much time with me...
> You obviously spend too much time with me...

< He laughs at my words.
> He laughs at my words.

< And now you're gonna spend the rest of your life with me!
> And now you're gonna spend the rest of your life with me!

< What's going to end up happening to you?
> What's going to end up happening to you?

< But I can't wait to find out.
> But I can't wait to find out.

< Before we make our way home, I grab onto his arm, calling his attention.
> Before we make our way home, I grab onto his arm, calling his attention.

< Thank you for asking.
> Thank you for asking.

< He lets out a quiet laugh... A knowing, warm smile spreads across his face.
> He lets out a quiet laugh... A knowing, warm smile spreads across his face.

< Trust me...
> Trust me...

< He reaches up, tucking a stray piece of hair that had fallen into my face, behind my ear.
> He reaches up, tucking a stray piece of hair that had fallen into my face, behind my ear.

< I was happy to do it.
> I was happy to do it.

< And...?
> And...?

< And...
> And...

< He takes my face in his hands and I move into his touch.
> He takes my face in his hands and I move into his touch.

< I love you, Helga.
> I love you, Helga.

< I close my eyes and feel happy tears begin to bust their way through.
> I close my eyes and feel happy tears begin to bust their way through.

< If I didn't speak up and say something in return I would probably end up sobbing...
> If I didn't speak up and say something in return I would probably end up sobbing...

< G-good!
> G-good!

< Hey! Just a good?
> Hey! Just a good?

< Apparently, he's expecting a bit more as well.
> Apparently, he's expecting a bit more as well.

< Haha~ I love you, too!
> Haha~ I love you, too!

< With a quick pull, his lips find mine again...
> With a quick pull, his lips find mine again...

< And after one more long kiss, he helps me to my feet and I run along after him...to our new home.
> And after one more long kiss, he helps me to my feet and I run along after him...to our new home.

< Granted it will be mostly empty but...
> Granted it will be mostly empty but...

< It's still ours.
> It's still ours.

< And that's the way it's going to be from now on, too.
> And that's the way it's going to be from now on, too.

< Finally!
> Finally!

< On the way, we pass by what looks to be this year's Cheese Festival, just beginning to set up.
> On the way, we pass by what looks to be this year's Cheese Festival, just beginning to set up.

< I stop, which made Arnold in turn stop as well.
> I stop, which made Arnold in turn stop as well.

< Cheese Festival's come again, huh?
> Cheese Festival's come again, huh?

< Looks like it.
> Looks like it.

< Are we going?
> Are we going?

< Of course...
> Of course...

< I love the Cheese Festival.
> I love the Cheese Festival.

< Whatever, I'm fine.
> Whatever, I'm fine.

< I mumble as I try to dust the dirt off my jeans.
> I mumble as I try to dust the dirt off my jeans.

< Oh, okay...are you feeling alright Helga?
> Oh, okay...are you feeling alright Helga?

< You seem a little off...
> You seem a little off...

< Really, Football Head, do you listen?
> Really, Football Head, do you listen?

< I just said everything's fine, so get off my case, okay?!
> I just said everything's fine, so get off my case, okay?!

< Uh, yeah sure Helga...sorry again. I'll see you when I see you I guess...
> Uh, yeah sure Helga...sorry again. I'll see you when I see you I guess...

< I watch as Arnold runs off ahead, the reason, of course, being me...
> I watch as Arnold runs off ahead, the reason, of course, being me...

< But it can't be helped! I can't control my wacky emotions when it comes to him...if only...
> But it can't be helped! I can't control my wacky emotions when it comes to him...if only...

< Anyway, it's on Saturday...can you believe it?
> Anyway, it's on Saturday...can you believe it?

< Huh? What is?
> Huh? What is?

< The Cheese Festival!
> The Cheese Festival!

< Are we still talking about this?
> Are we still talking about this?

< Sorry Helga...
> Sorry Helga...

< Ugh...whatever...
> Ugh...whatever...

< It's fine, I get that you're pumped...
> It's fine, I get that you're pumped...

< But since I'm not going, remember to buy me some cheese sticks, will ya?
> But since I'm not going, remember to buy me some cheese sticks, will ya?

< Remembering!
> Remembering!

< Yeah, I guess you're right...It's just so draining sitting in those classes...
> Yeah, I guess you're right...It's just so draining sitting in those classes...

< Do you feel your creative juices leaving you Helga?
> Do you feel your creative juices leaving you Helga?

< That's one way of putting it Pheebs...
> That's one way of putting it Pheebs...

< But no matter, I'm right behind you.
> But no matter, I'm right behind you.

< The class is just as bad as I figured it would be...
> The class is just as bad as I figured it would be...

< This is soul sucking boredom I am dealing with.
> This is soul sucking boredom I am dealing with.

< I can't help it if all my brain can do is wander and wonder...
> I can't help it if all my brain can do is wander and wonder...

< To Arnold, my love, my muse~
> To Arnold, my love, my muse~

< He has no idea how I regularly stare lovingly at his weird little football head...
> He has no idea how I regularly stare lovingly at his weird little football head...

< And yet...
> And yet...

< The walk to school this morning with him was actually kind of okay..
> The walk to school this morning with him was actually kind of okay..

< And it wasn't even that hard, joking with him...
> And it wasn't even that hard, joking with him...

< In a nice way, I mean.
> In a nice way, I mean.

< I wouldn't mind spending more mornings like this one.
> I wouldn't mind spending more mornings like this one.

< Mornings, noons, nights...
> Mornings, noons, nights...

< Even after all this time I was still crazy about him.
> Even after all this time I was still crazy about him.

< I try to look away from him and stare out the window...
> I try to look away from him and stare out the window...

< I was my usual cranky self with him this morning...
> I was my usual cranky self with him this morning...

< And scared him off him like I always do.
> And scared him off him like I always do.

< Could I...actually change myself though?
> Could I...actually change myself though?

< I mean if I really tried to be his friend...maybe more than his friend...
> I mean if I really tried to be his friend...maybe more than his friend...

< Was that even possible?
> Was that even possible?

< I found myself looking out the window...
> I found myself looking out the window...

< And then I remembered the Cheese Festival.
> And then I remembered the Cheese Festival.

< Maybe...if I acted kinder towards Arnold...he might...
> Maybe...if I acted kinder towards Arnold...he might...

< Ask me to go with him?
> Ask me to go with him?

< Hell it was worth a shot!
> Hell it was worth a shot!

< Anything was better than going on like this...
> Anything was better than going on like this...

< Arnold and I...barely even anything...
> Arnold and I...barely even anything...

< I had to try!
> I had to try!

< I quietly wait beside him, waiting for him to say something to me.
> I quietly wait beside him, waiting for him to say something to me.

< The line slowly moves little by little and the waiting feels like an eternity...
> The line slowly moves little by little and the waiting feels like an eternity...

< Though more likely it was probably only a few minutes.
> Though more likely it was probably only a few minutes.

< Helga, can you pass me the tapioca?
> Helga, can you pass me the tapioca?

< Huh? What?
> Huh? What?

< Great, he finally talks and I'm not even paying attention.
> Great, he finally talks and I'm not even paying attention.

< Nothing serious, just wondering if you could pass the pudding?
> Nothing serious, just wondering if you could pass the pudding?

< I nod my head slowly and hand him over a cup.
> I nod my head slowly and hand him over a cup.

< We pick up our trays and make our way into the cafeteria.
> We pick up our trays and make our way into the cafeteria.

< I spy Gerald and Phoebe eating together so Arnold and I go over to join them.
> I spy Gerald and Phoebe eating together so Arnold and I go over to join them.

< Hey Pheebs, Geraldo...
> Hey Pheebs, Geraldo...

< And Arnold together?
> And Arnold together?

< Now I've seen everything!
> Now I've seen everything!

< What's the big deal?
> What's the big deal?

< We just came over from the lunch line is all...
> We just came over from the lunch line is all...

< I think my heart might have sunk a bit with that.
> I think my heart might have sunk a bit with that.

< Well, no matter...
> Well, no matter...

< We're all friends here, aren't we?
> We're all friends here, aren't we?

< The collected mumbles from the three of us was actually kind of funny.
> The collected mumbles from the three of us was actually kind of funny.

< Anyway Pheebs, what time should I pick you up on Saturday?
> Anyway Pheebs, what time should I pick you up on Saturday?

< I tried not to look at Arnold as Gerald brought up the Festival in front of us...
> I tried not to look at Arnold as Gerald brought up the Festival in front of us...

< Instead I stirred my pudding, hoping this subject wouldn't last very long.
> Instead I stirred my pudding, hoping this subject wouldn't last very long.

< Oh, 6:30ish should be fine...I'm really looking forward to it.
> Oh, 6:30ish should be fine...I'm really looking forward to it.

< Phoebe turns to me, and her smile slightly falls.
> Phoebe turns to me, and her smile slightly falls.

< I still think you should go Helga.
> I still think you should go Helga.

< You're not going this year?
> You're not going this year?

< Oh yeah, he wasn't there to hear me say that.
> Oh yeah, he wasn't there to hear me say that.

< Uh, yeah I was thinking about skipping it.
> Uh, yeah I was thinking about skipping it.

< And I just kept stirring away...
> And I just kept stirring away...

< Honestly...
> Honestly...

< We could all have a nice time together.
> We could all have a nice time together.

< Maybe as a group?
> Maybe as a group?

< I dunno I just...
> I dunno I just...

< That wouldn't be so bad...
> That wouldn't be so bad...

< Going as a big group I mean...
> Going as a big group I mean...

< Might be fun.
> Might be fun.

< Heh-heh...
> Heh-heh...

< That isn't anywhere near where I wanted him to be.
> That isn't anywhere near where I wanted him to be.

< A group? Like a bunch of people?
> A group? Like a bunch of people?

< No, I wanted him to myself.
> No, I wanted him to myself.

< But it's not like I can just come out and say that.
> But it's not like I can just come out and say that.

< Well as long as me and Phoebe can get {i}some{/i} one on one time, it's fine with me.
> Well as long as me and Phoebe can get {i}some{/i} one on one time, it's fine with me.

< So Helga, what do you say?
> So Helga, what do you say?

< I uh...
> I uh...

< I couldn't just say no.
> I couldn't just say no.

< I didn't want him to think I was completely not interested.
> I didn't want him to think I was completely not interested.

< What to do?
> What to do?

< Uh, yeah sure...sounds like a plan.
> Uh, yeah sure...sounds like a plan.

< I'll think about it, I promise.
> I'll think about it, I promise.

< Well, I suppose that's better than a no.
> Well, I suppose that's better than a no.

< Trust me, you're lucky I'm considering it.
> Trust me, you're lucky I'm considering it.

< Oh my god, what was the matter with me?
> Oh my god, what was the matter with me?

< Hmm...well I'll go if you go.
> Hmm...well I'll go if you go.

< It didn't make a difference, the bell rang for the next class and off he went.
> It didn't make a difference, the bell rang for the next class and off he went.

< Sorry, I gotta go...my class is upstairs, I'll see ya guys later!
> Sorry, I gotta go...my class is upstairs, I'll see ya guys later!

< That's great Helga, I'm so glad you changed your mind.
> That's great Helga, I'm so glad you changed your mind.

< Yeah me too...
> Yeah me too...

< Really Arnold...?
> Really Arnold...?

< Uh, I mean...well yeah, you know it doesn't sound like a complete waste of time this way.
> Uh, I mean...well yeah, you know it doesn't sound like a complete waste of time this way.

< And I've got nothing better to do this Saturday.
> And I've got nothing better to do this Saturday.

< Right....
> Right....

< Phoebe whispers to me, trying to be private.
> Phoebe whispers to me, trying to be private.

< You're rambling...
> You're rambling...

< Oh...thanks Pheebs.
> Oh...thanks Pheebs.

< I turn away from the table, trying to hide my red cheeks.
> I turn away from the table, trying to hide my red cheeks.

< Well...I guess since Helga's going now I might go too...
> Well...I guess since Helga's going now I might go too...

< That's not something you just leave hanging, Hair Boy!
> That's not something you just leave hanging, Hair Boy!

< Helga...are you okay?
> Helga...are you okay?

< She's perfectly fine.
> She's perfectly fine.

< Yeah, I'm freaking fantastic.
> Yeah, I'm freaking fantastic.

< Right...well I'm off.
> Right...well I'm off.

< I look away as he gives Phoebe a peck on her cheek.
> I look away as he gives Phoebe a peck on her cheek.

< I slam my head down on the table...
> I slam my head down on the table...

< I waaaaaaaaant that.
> I waaaaaaaaant that.

< Oh dear....
> Oh dear....

< With that stupidly perfect Football Head!
> With that stupidly perfect Football Head!

< By now most of the cafeteria was empty
> By now most of the cafeteria was empty

< I know Helga, I know.
> I know Helga, I know.

< I groan again, feeling utterly defeated.
> I groan again, feeling utterly defeated.

< There is no way this is going to end well...
> There is no way this is going to end well...

< Oh, it's nothing.
> Oh, it's nothing.

< ...All right Helga. Well let's go, we're going to be late.
> ...All right Helga. Well let's go, we're going to be late.

< Whatever.
> Whatever.

< Oh Helga...
> Oh Helga...

< Well duh, Football Head...where else would I be?
> Well duh, Football Head...where else would I be?

< Haha, yeah okay Helga...
> Haha, yeah okay Helga...

< I'll see ya...
> I'll see ya...

< I watched him go and tried not to breath out a heavy sigh...
> I watched him go and tried not to breath out a heavy sigh...

< ~~~sigh~~~
> ~~~sigh~~~

< I guess I would have to try harder tomorrow...
> I guess I would have to try harder tomorrow...

< Maybe you will, maybe you won't...
> Maybe you will, maybe you won't...

< What you're just not gonna show up tomorrow?
> What you're just not gonna show up tomorrow?

< Would you be worried?
> Would you be worried?

< Maybe I will, maybe I won't.
> Maybe I will, maybe I won't.

< Oh, using my own words against me, huh?
> Oh, using my own words against me, huh?

< I learn from the best.
> I learn from the best.

< Obviously.
> Obviously.

< Haha, okay, okay, enough...I'll see you tomorrow.
> Haha, okay, okay, enough...I'll see you tomorrow.

< If you say so...
> If you say so...

< I watched him go and my heart swelled just a bit...
> I watched him go and my heart swelled just a bit...

< Maybe I can do this after all...
> Maybe I can do this after all...

< Yeah, going to school seems like the best choice.
> Yeah, going to school seems like the best choice.

< It's not like sleeping in is going to get me any closer to Arnold.
> It's not like sleeping in is going to get me any closer to Arnold.

< And I can kick my butt into gear if I think about him.
> And I can kick my butt into gear if I think about him.

< It turned out I was running late, even Phoebe had gone on ahead of me.
> It turned out I was running late, even Phoebe had gone on ahead of me.

< When I slid into my desk for my first class, I watched the door, waiting for Arnold.
> When I slid into my desk for my first class, I watched the door, waiting for Arnold.

< I was going to put my all into it today but...
> I was going to put my all into it today but...

< He never freaking showed up!
> He never freaking showed up!

< When lunch finally came I sat  down, feeling pretty defeated.
> When lunch finally came I sat  down, feeling pretty defeated.

< I really was nuts...missing him like this...ugh.
> I really was nuts...missing him like this...ugh.

< I'm pathetic...
> I'm pathetic...

< Helga...you aren't eating today?
> Helga...you aren't eating today?

< No money...
> No money...

< Uh, I think I can spot you...
> Uh, I think I can spot you...

< No, it's fine...but, uh...you could answer a question.
> No, it's fine...but, uh...you could answer a question.

< ...Okay?
> ...Okay?

< Where's the Football Head today, I uh...I didn't see him.
> Where's the Football Head today, I uh...I didn't see him.

< I dunno, I texted him this morning, he said he had a cold.
> I dunno, I texted him this morning, he said he had a cold.

< A cold?
> A cold?

< Yeah, it means he's sick.
> Yeah, it means he's sick.

< I know what it means...!
> I know what it means...!

< Okay, okay I was just kidding, no need to snap.
> Okay, okay I was just kidding, no need to snap.

< Ugh...sorry, sorry.
> Ugh...sorry, sorry.

< Seriously what?
> Seriously what?

< You're apologizing?
> You're apologizing?

< What? I've done it before...
> What? I've done it before...

< She has...
> She has...

< A guy can't make a joke anymore, huh?
> A guy can't make a joke anymore, huh?

< Ugh, never mind...
> Ugh, never mind...

< The rest of the school day seemed kind of a blur...
> The rest of the school day seemed kind of a blur...

< Teachers talk about things I don't care about...students rambling amongst themselves.
> Teachers talk about things I don't care about...students rambling amongst themselves.

< And of course I thought about Arnold...this whole day felt like such a waste because he hasn't here...
> And of course I thought about Arnold...this whole day felt like such a waste because he hasn't here...

< That afternoon I left the school grounds alone, needing to think.
> That afternoon I left the school grounds alone, needing to think.

< Arnold, my love...
> Arnold, my love...

< I said aloud after making sure the coast was clear...
> I said aloud after making sure the coast was clear...

< How I miss your peaceful face when you're astray...
> How I miss your peaceful face when you're astray...

< How you calm and force my heart to beat away...
> How you calm and force my heart to beat away...

< Oh damn, I am on fire...
> Oh damn, I am on fire...

< I pull out my pink book and write that line down before I forgot it...
> I pull out my pink book and write that line down before I forgot it...

< How....I...miss...
> How....I...miss...

< .....
> .....

< Some things never change...
> Some things never change...

< After I finished up my...business...
> After I finished up my...business...

< I quickly regained my composure.
> I quickly regained my composure.

< And made my way home...
> And made my way home...

< I don't like not seeing him, despite the inspiration boost...
> I don't like not seeing him, despite the inspiration boost...

< ...Ah?
> ...Ah?

< What is this?
> What is this?

< I had walked past some neighborhood deli with a two soup specials today...
> I had walked past some neighborhood deli with a two soup specials today...

< And an idea suddenly struck...
> And an idea suddenly struck...

< Gerald did say he was sick today, didn't he?
> Gerald did say he was sick today, didn't he?

< This could be part of the new, nicer me...
> This could be part of the new, nicer me...

< Well, a step in the right direction at least.
> Well, a step in the right direction at least.

< I rush right in a grabbed both...cause I didn't know which he'd like better...
> I rush right in a grabbed both...cause I didn't know which he'd like better...

< And ran right over to the boarding house.
> And ran right over to the boarding house.

< Okay Helga, just be honest...just-be-nice!
> Okay Helga, just be honest...just-be-nice!

< With everything I had I started knocking on the door.
> With everything I had I started knocking on the door.

< It wouldn't be too bad since he probably wouldn't answer anyway...
> It wouldn't be too bad since he probably wouldn't answer anyway...

< Coming!
> Coming!

< Wait...what?
> Wait...what?

< And he opened the door suddenly, leaving me no time to prepare!
> And he opened the door suddenly, leaving me no time to prepare!

< Helga?! What are you doing here?
> Helga?! What are you doing here?

< I...uh...well...you...uh....
> I...uh...well...you...uh....

< Aren't you supposed to be sick or something?!?!
> Aren't you supposed to be sick or something?!?!

< A part of me felt like pushing the hot soup into his hands and running far, far away.
> A part of me felt like pushing the hot soup into his hands and running far, far away.

< Sick?
> Sick?

< Oh! Heh, yeah I did tell Gerald that this morning didn't I?
> Oh! Heh, yeah I did tell Gerald that this morning didn't I?

< Yes....yes you did.
> Yes....yes you did.

< So...did you bring me something?
> So...did you bring me something?

< He motioned towards the paper bag in my hands.
> He motioned towards the paper bag in my hands.

< ...Um...yeah?
> ...Um...yeah?

< But it's kind of shot to hell now that...
> But it's kind of shot to hell now that...

< He didn't let me finish and grabbed the bag and peered inside.
> He didn't let me finish and grabbed the bag and peered inside.

< Soup?
> Soup?

< He grinned at me like...like...
> He grinned at me like...like...

< Oh! I don't even know what!
> Oh! I don't even know what!

< You brought me soup?
> You brought me soup?

< Shut up! I was trying to be nice! It's your fault for not actually being sick!
> Shut up! I was trying to be nice! It's your fault for not actually being sick!

< I'm not accusing you of anything...
> I'm not accusing you of anything...

< He let that trail off as if he knew it was coming.
> He let that trail off as if he knew it was coming.

< But why two?
> But why two?

< *mumble* *mumble* didn't know *mumble mumble*
> *mumble* *mumble* didn't know *mumble mumble*

< ...What did you just say?
> ...What did you just say?

< Ugh! I said I didn't know which one you liked so I got both!
> Ugh! I said I didn't know which one you liked so I got both!

< Oh!
> Oh!

< This is kinda weird...
> This is kinda weird...

< You're telling me...
> You're telling me...

< But not in a bad way...
> But not in a bad way...

< Not...in a...?
> Not...in a...?

< You want one?
> You want one?

< Well there are two so, one for me and one for you?
> Well there are two so, one for me and one for you?

< I uh...I guess but isn't there just one spoon?
> I uh...I guess but isn't there just one spoon?

< Not a problem.
> Not a problem.

< He reached inside the bag and pulled out the white plastic utensil...
> He reached inside the bag and pulled out the white plastic utensil...

< And with a flick it suddenly became two.
> And with a flick it suddenly became two.

< Heh, very nice.
> Heh, very nice.

< I am a magician, after all...
> I am a magician, after all...

< I made you disappear once...
> I made you disappear once...

< Hah! Very funny...gimme that!
> Hah! Very funny...gimme that!

< I reached for one of the spoons and the tips of my fingers brushed against his...
> I reached for one of the spoons and the tips of my fingers brushed against his...

< It was like a shot of electricity went through my entire arm.
> It was like a shot of electricity went through my entire arm.

< And I slowly pulled away, feeling the heat rise to my cheeks.
> And I slowly pulled away, feeling the heat rise to my cheeks.

< So which one do want?
> So which one do want?

< It was like he didn't even notice.
> It was like he didn't even notice.

< Huh? Oh you pick, they're yours anyway.
> Huh? Oh you pick, they're yours anyway.

< Okay...I'll try this one.
> Okay...I'll try this one.

< He picked one up out of the bag and set it aside then handed me the other one.
> He picked one up out of the bag and set it aside then handed me the other one.

< Enjoy!
> Enjoy!

< Um, yeah same to you.
> Um, yeah same to you.

< I popped open the top and grinned.
> I popped open the top and grinned.

< Oh, broccoli and cheddar!
> Oh, broccoli and cheddar!

< For a moment we both sat in silence eating our soups...
> For a moment we both sat in silence eating our soups...

< On Arnold's stoop...
> On Arnold's stoop...

< Me on one step, Arnold a few steps higher...
> Me on one step, Arnold a few steps higher...

< When he suddenly decided to sit next to me.
> When he suddenly decided to sit next to me.

< Let me try yours?
> Let me try yours?

< Yours looks good, can't I try some?
> Yours looks good, can't I try some?

< You have your own Football Head!
> You have your own Football Head!

< I dug my spoon into the creamy cheddar and stirred it...
> I dug my spoon into the creamy cheddar and stirred it...

< So good, I guess you're gonna have to wait for the festival.
> So good, I guess you're gonna have to wait for the festival.

< Not if you'd give me some I won't.
> Not if you'd give me some I won't.

< Criminy, you're such a baby...here!
> Criminy, you're such a baby...here!

< I handed the cup to him and crossed my arms over my chest.
> I handed the cup to him and crossed my arms over my chest.

< And he gladly took it, a winning smile spread across his face.
> And he gladly took it, a winning smile spread across his face.

< ...And that made it worth it, so, so worth it.
> ...And that made it worth it, so, so worth it.

< It's good, thanks.
> It's good, thanks.

< Yeah I know it was...
> Yeah I know it was...

< Now give it back!
> Now give it back!

< I snatched the soup from him and placed it off to the side, out of his reach.
> I snatched the soup from him and placed it off to the side, out of his reach.

< Maybe you should have checked under the lids before picking, huh?
> Maybe you should have checked under the lids before picking, huh?

< Yeah, I know...my fault.
> Yeah, I know...my fault.

< Damn straight.
> Damn straight.

< I'll just eat my vegetable soup over here...
> I'll just eat my vegetable soup over here...

< Ugh, he looked so cute and pathetic...
> Ugh, he looked so cute and pathetic...

< ...Here, we can switch.
> ...Here, we can switch.

< Yeah, only cause your face is making me sick.
> Yeah, only cause your face is making me sick.

< ...Well, that's not a very good reason.
> ...Well, that's not a very good reason.

< ...You're right...I'm sorry.
> ...You're right...I'm sorry.

< Yes, really. Criminy, why does everybody doubt my sincerity!
> Yes, really. Criminy, why does everybody doubt my sincerity!

< Because you're not so nice all the time.
> Because you're not so nice all the time.

< Those were truthful words if I ever heard them...
> Those were truthful words if I ever heard them...

< Yeah I know.
> Yeah I know.

< But you have good sides too....
> But you have good sides too....

< And suddenly that truth stung just a little less...
> And suddenly that truth stung just a little less...

< No way, this is all mine Arnoldo...
> No way, this is all mine Arnoldo...

< I stuck my spoon in my mouth and ran it over my tongue.
> I stuck my spoon in my mouth and ran it over my tongue.

< Then I dug it back in for another helping...
> Then I dug it back in for another helping...

< So jealous of my cheddar goodness, aren't you?
> So jealous of my cheddar goodness, aren't you?

< But just as I lifted my serving out...
> But just as I lifted my serving out...

< He grabbed my hand and stuck the spoon into his own mouth...
> He grabbed my hand and stuck the spoon into his own mouth...

< But it had just been in my mouth...
> But it had just been in my mouth...

< What just happened?
> What just happened?

< Slowly he pulled my hand, gripped tightly on the spoon, away from his lips.
> Slowly he pulled my hand, gripped tightly on the spoon, away from his lips.

< I knew it was good.
> I knew it was good.

< I-I-I....
> I-I-I....

< If you would have shared that wouldn't have happened.
> If you would have shared that wouldn't have happened.

< That was in my mouth!
> That was in my mouth!

< We've chewed the same piece of gum before and that's much worse.
> We've chewed the same piece of gum before and that's much worse.

< Well, yeah...but...!
> Well, yeah...but...!

< I....Okay, you got me there.
> I....Okay, you got me there.

< He gave me a nearly devilish look and licked the spoon clean.
> He gave me a nearly devilish look and licked the spoon clean.

< Then he took his own spoon, going for another helping.
> Then he took his own spoon, going for another helping.

< I forgot Arnold could be like that...
> I forgot Arnold could be like that...

< I'm glad we worked this out.
> I'm glad we worked this out.

< You like getting a rise outta me, don't ya Hair Boy?
> You like getting a rise outta me, don't ya Hair Boy?

< I have no idea what you're talking about.
> I have no idea what you're talking about.

< Though his voice was serious I could see the smile that played on his lips.
> Though his voice was serious I could see the smile that played on his lips.

< He liked teasing me?!
> He liked teasing me?!

< ...Well, I did like teasing him too but that's not my point!
> ...Well, I did like teasing him too but that's not my point!

< Did he know...?
> Did he know...?

< No, he doesn't know anything!
> No, he doesn't know anything!

< Nothing!
> Nothing!

< So...are we like...friends now?
> So...are we like...friends now?

< What? I uh, well...it just seems like it ya know...
> What? I uh, well...it just seems like it ya know...

< So...I....
> So...I....

< He frowned and my heart fell...
> He frowned and my heart fell...

< We were friends before this...weren't we?
> We were friends before this...weren't we?

< Were we?
> Were we?

< If he thought so then I sure as hell wasn't going to disagree....
> If he thought so then I sure as hell wasn't going to disagree....

< I guess, I just thought I...bugged you.
> I guess, I just thought I...bugged you.

< You do bug me.
> You do bug me.

< I'm going home now...
> I'm going home now...

< No, no wait...
> No, no wait...

< He grabbed my arm and I sat back down.
> He grabbed my arm and I sat back down.

< It's not like I mean that in a bad way...
> It's not like I mean that in a bad way...

< How could that possibly mean anything else?
> How could that possibly mean anything else?

< Uh, it's like this...
> Uh, it's like this...

< Was he really being serious right now?
> Was he really being serious right now?

< Would you say something already! Criminy!
> Would you say something already! Criminy!

< Ah! Sorry, sorry...
> Ah! Sorry, sorry...

< I kinda wanna figure you out.
> I kinda wanna figure you out.

< What's to figure out? I'm me...
> What's to figure out? I'm me...

< Yeah, I know that.
> Yeah, I know that.

< Hey, watch your tone, bucko.
> Hey, watch your tone, bucko.

< Heh, well what I mean is...
> Heh, well what I mean is...

< You know, like I said...I know you're hiding something from me...
> You know, like I said...I know you're hiding something from me...

< And it bugs me cause I wanna know what it is...
> And it bugs me cause I wanna know what it is...

< Who would have thought you'd find me so...mysterious.
> Who would have thought you'd find me so...mysterious.

< He takes another spoonful of soup, MY soup, and nodded his head.
> He takes another spoonful of soup, MY soup, and nodded his head.

< I bet you're actually the sweetest girl in the world...
> I bet you're actually the sweetest girl in the world...

< In your dreams!
> In your dreams!

< ...Yep.
> ...Yep.

< ...Wait, what?
> ...Wait, what?

< I didn't say a word.
> I didn't say a word.

< Lies, I heard you!
> Lies, I heard you!

< He shook his head.
> He shook his head.

< I'm going in now, I'll see you later.
> I'm going in now, I'll see you later.

< It's nothing, thanks for the soup Helga.
> It's nothing, thanks for the soup Helga.

< He waved  his hand and walked back into he boarding house, leaving me alone on the stoop.
> He waved  his hand and walked back into he boarding house, leaving me alone on the stoop.

< He didn't just admit to dreaming about me, did he?
> He didn't just admit to dreaming about me, did he?

< DID HE?!
> DID HE?!

< I...uh...
> I...uh...

< He shot me a rather serious glance before I gave in...
> He shot me a rather serious glance before I gave in...

< Okay, okay, you're right...let's go to class.
> Okay, okay, you're right...let's go to class.

< You don't have to sound so defeated about it.
> You don't have to sound so defeated about it.

< I just...I really hate class.
> I just...I really hate class.

< I don't even know how I'm gonna make it in college....I'll barely ever go I know it....
> I don't even know how I'm gonna make it in college....I'll barely ever go I know it....

< College?...That's right around the corner isn't it.
> College?...That's right around the corner isn't it.

< I gave Arnold a side-ways glance as he walked...
> I gave Arnold a side-ways glance as he walked...

< When I went off to college...
> When I went off to college...

< I wouldn't get to see him anymore...
> I wouldn't get to see him anymore...

< It felt as if a knife had been plunged into my heart.
> It felt as if a knife had been plunged into my heart.

< As much as I wanted to get away from my family...
> As much as I wanted to get away from my family...

< I didn't want to leave Arnold behind...at all.
> I didn't want to leave Arnold behind...at all.

< Why didn't I think of this before?
> Why didn't I think of this before?

< Are you...gonna stay in state?
> Are you...gonna stay in state?

< Hah! Like Big Bob's gonna dish out the cash so I can go to an outta state school...
> Hah! Like Big Bob's gonna dish out the cash so I can go to an outta state school...

< I'm not Olga.
> I'm not Olga.

< Same here...
> Same here...

< Well, not quite the same but I only applied to in state schools too...
> Well, not quite the same but I only applied to in state schools too...

< I don't wanna put too much strain on my grandparents finances, ya know?
> I don't wanna put too much strain on my grandparents finances, ya know?

< They're telling me not to worry about it but...staying close to home seems to be the best option.
> They're telling me not to worry about it but...staying close to home seems to be the best option.

< For some reason I let out a sigh of relief...
> For some reason I let out a sigh of relief...

< Lucky for me he didn't pick up on it though.
> Lucky for me he didn't pick up on it though.

< And here we are... Our lovely little hell on Earth.
> And here we are... Our lovely little hell on Earth.

< Okay, stop exaggerating...
> Okay, stop exaggerating...

< Exaggerating? I'm dead serious Football Head...
> Exaggerating? I'm dead serious Football Head...

< Right, right...
> Right, right...

< He didn't leave me any room for argument as he pushed me through the front doors...
> He didn't leave me any room for argument as he pushed me through the front doors...

< And straight into the office for a late slip.
> And straight into the office for a late slip.

< It wasn't any fun at all...
> It wasn't any fun at all...

< See, coming to school ruined any chance of a good day.
> See, coming to school ruined any chance of a good day.

< Yeah, yeah I know...
> Yeah, yeah I know...

< I froze as I looked down the hallway...
> I froze as I looked down the hallway...

< I needed to walk in a different direction from him...
> I needed to walk in a different direction from him...

< So, I guess I'll see you?
> So, I guess I'll see you?

< Ah!...Um....
> Ah!...Um....

< What the heck was that?
> What the heck was that?

< Nothing, nothing...
> Nothing, nothing...

< Yeah, I'll see ya.
> Yeah, I'll see ya.

< With a short wave he walked off towards his class and I watched him go...
> With a short wave he walked off towards his class and I watched him go...

< I thought...maybe...
> I thought...maybe...

< If he turned around I was doing something right...
> If he turned around I was doing something right...

< Turn around Arnold...
> Turn around Arnold...

< Turn around...
> Turn around...

< And he did.
> And he did.

< He even smiled at me....
> He even smiled at me....

< And I did the same.
> And I did the same.

< Most of my daydreams that afternoon were filled with Arnold...
> Most of my daydreams that afternoon were filled with Arnold...

< As usual...
> As usual...

< But I felt they were tinted with just a little bit more hope than normal...
> But I felt they were tinted with just a little bit more hope than normal...

< When school ended I greeted Phoebe with a smile...
> When school ended I greeted Phoebe with a smile...

< I was sure I took her by surprise considering how down I've been as of late.
> I was sure I took her by surprise considering how down I've been as of late.

< Hey there Pheebs, ready to go?
> Hey there Pheebs, ready to go?

< Goodness, you've certainly cheered up...
> Goodness, you've certainly cheered up...

< Could that possibly be because you got some extra sleep this morning?
> Could that possibly be because you got some extra sleep this morning?

< Well, that's part of it...
> Well, that's part of it...

< So long as he made the first move.
> So long as he made the first move.

< What give it to me... I can take it.
> What give it to me... I can take it.

< I'm not really sure what to tell you...
> I'm not really sure what to tell you...

< I was hoping for a little Phoebe insight...
> I was hoping for a little Phoebe insight...

< The only thing I can think of is...
> The only thing I can think of is...

< Go with your gut?
> Go with your gut?

< I feel like that's how I've been doing it all along.
> I feel like that's how I've been doing it all along.

< And my gut doesn't always  know best...
> And my gut doesn't always  know best...

< Right...
> Right...

< But I'm gonna keep going.
> But I'm gonna keep going.

< Something tells me I may actually have a chance.
> Something tells me I may actually have a chance.

< Good for you Helga.
> Good for you Helga.

< Yeah. Thanks Pheebs.
> Yeah. Thanks Pheebs.

< No problem!
> No problem!

< After that, I headed back home...
> After that, I headed back home...

< For some reason...I was kind of tired.
> For some reason...I was kind of tired.

< Somehow...between then and now...
> Somehow...between then and now...

< I wound up taking a rather long nap.
> I wound up taking a rather long nap.

< And when I got up it was nearly sunset.
> And when I got up it was nearly sunset.

< Weird as it was...
> Weird as it was...

< I find myself filled with energy.
> I find myself filled with energy.

< Well, more antsy than energetic really.
> Well, more antsy than energetic really.

< And I wanted to see Arnold...
> And I wanted to see Arnold...

< Sad thing was I had NO reason...
> Sad thing was I had NO reason...

< I couldn't just walk over and ask him to...
> I couldn't just walk over and ask him to...

< Hang out or something?
> Hang out or something?

< Could I?
> Could I?

< I threw the blanket off my legs and swung my feet to the floor...
> I threw the blanket off my legs and swung my feet to the floor...

< I mean...I did kind of hang out with him today already but...
> I mean...I did kind of hang out with him today already but...

< Forget this, I'm just gonna go for it...
> Forget this, I'm just gonna go for it...

< I grabbed my ear-buds and iPhone and devised a plan of action.
> I grabbed my ear-buds and iPhone and devised a plan of action.

< Something like, I was just strolling by, wanna go for a walk?
> Something like, I was just strolling by, wanna go for a walk?

< Simple, to the point...
> Simple, to the point...

< And if he said no I would be crushed.
> And if he said no I would be crushed.

< But I could take it!
> But I could take it!

< So after cleaning myself up...
> So after cleaning myself up...

< Off I went.
> Off I went.

< My heart had been a fast paced drum the entire walk.
> My heart had been a fast paced drum the entire walk.

< I even tried singing aloud to the songs that played into my ears...
> I even tried singing aloud to the songs that played into my ears...

< But all that gave me was strange looks.
> But all that gave me was strange looks.

< And when I saw the boarding house come into view...
> And when I saw the boarding house come into view...

< My heart froze in my chest.
> My heart froze in my chest.

< And not because of nerves.
> And not because of nerves.

< Oh my, I did so enjoy those cheese burgers.
> Oh my, I did so enjoy those cheese burgers.

< And those sundaes were quite tasty.
> And those sundaes were quite tasty.

< Yeah, definitely.
> Yeah, definitely.

< Almost like I was an animal suddenly afraid...
> Almost like I was an animal suddenly afraid...

< I ducked into the alley and waited...and watched.
> I ducked into the alley and waited...and watched.

< You know, you were missed in class today.
> You know, you were missed in class today.

< Why yes, just ever so much.
> Why yes, just ever so much.

< Whatever were you possibly doing?
> Whatever were you possibly doing?

< She giggled and I felt like throwing up.
> She giggled and I felt like throwing up.

< I was with someone.
> I was with someone.

< I had forgotten how to breathe.
> I had forgotten how to breathe.

< Oh...
> Oh...

< She looked so disappointed.
> She looked so disappointed.

< I couldn't help the wicked grin that spread across my face.
> I couldn't help the wicked grin that spread across my face.

< Who?
> Who?

< He smiled and looked away.
> He smiled and looked away.

< You probably won't believe me.
> You probably won't believe me.

< Goodness Arnold, I'm sure I will.
> Goodness Arnold, I'm sure I will.

< Uh, I hung out with Helga today.
> Uh, I hung out with Helga today.

< Well that sounds lovely.
> Well that sounds lovely.

< Even I could tell she was lying.
> Even I could tell she was lying.

< But Arnold didn't seem to notice...
> But Arnold didn't seem to notice...

< The moron.
> The moron.

< You know it's like I've always said...
> You know it's like I've always said...

< When she puts down that front she always has up...
> When she puts down that front she always has up...

< I really like...
> I really like...

< That aside...
> That aside...

< I could have killed her.
> I could have killed her.

< Was he just going to confess he liked me?
> Was he just going to confess he liked me?

< I mean...even if it was only as friend it was something.
> I mean...even if it was only as friend it was something.

< A little glimmer of hope.
> A little glimmer of hope.

< I had a wonderful time on our date.
> I had a wonderful time on our date.

< Suddenly I had felt like the world had broken into pieces.
> Suddenly I had felt like the world had broken into pieces.

< She leaned in and brushed her lips against his cheek before walking off...
> She leaned in and brushed her lips against his cheek before walking off...

< But not before...
> But not before...

< Arnold, you should probably let Helga know she doesn't need to hide in the alley anymore.
> Arnold, you should probably let Helga know she doesn't need to hide in the alley anymore.

< No need to be so silly!
> No need to be so silly!

< He quickly turned to face me...and didn't look all that happy.
> He quickly turned to face me...and didn't look all that happy.

< Ta-ta for now, Arnold.
> Ta-ta for now, Arnold.

< For a minute I didn't know what to do...
> For a minute I didn't know what to do...

< Maybe if I got as close to the wall as I could, I'd just disappear into it...
> Maybe if I got as close to the wall as I could, I'd just disappear into it...

< No, that wasn't going to happen.
> No, that wasn't going to happen.

< Heh...I just didn't want to, uh interrupt you two!
> Heh...I just didn't want to, uh interrupt you two!

< What was the point of trying to save face now?
> What was the point of trying to save face now?

< He was already dating Lila.
> He was already dating Lila.

< Yeah, well hiding and eavesdropping isn't exactly what I'd call polite either.
> Yeah, well hiding and eavesdropping isn't exactly what I'd call polite either.

< I wasn't eavesdropping!
> I wasn't eavesdropping!

< I was watching...
> I was watching...

< That doesn't make it any better.
> That doesn't make it any better.

< Fine! Look, I'm sorry, didn't mean to ruin the end of your date!
> Fine! Look, I'm sorry, didn't mean to ruin the end of your date!

< Date?
> Date?

< What are you acting dumb for, Arnold?
> What are you acting dumb for, Arnold?

< I saw her kiss you...
> I saw her kiss you...

< No, that was just...
> No, that was just...

< Wait... Why am I explaining myself to you?
> Wait... Why am I explaining myself to you?

< Yeah...why was he?
> Yeah...why was he?

< How the hell should I know?
> How the hell should I know?

< You feel guilty for it?
> You feel guilty for it?

< I didn't even know what I was saying anymore.
> I didn't even know what I was saying anymore.

< I was jealous...
> I was jealous...

< We may have been friends now...but I wanted more.
> We may have been friends now...but I wanted more.

< And he just...
> And he just...

< Did not.
> Did not.

< I...don't know how I feel.
> I...don't know how I feel.

< He looked away, his expression...troubled?
> He looked away, his expression...troubled?

< I don't know what to think anymore...
> I don't know what to think anymore...

< About you...about me...everything!
> About you...about me...everything!

< It's driving me crazy...
> It's driving me crazy...

< You are driving me crazy!
> You are driving me crazy!

< So basically, you're mad at me for being nicer to you?
> So basically, you're mad at me for being nicer to you?

< Is that it?
> Is that it?

< Cause it's easier being a bitch, let me tell you!
> Cause it's easier being a bitch, let me tell you!

< No! Damn it! That isn't what I'm saying at all!
> No! Damn it! That isn't what I'm saying at all!

< I let out a small gasp, unused to the way he was speaking to me...
> I let out a small gasp, unused to the way he was speaking to me...

< But I didn't back down....No...
> But I didn't back down....No...

< I think I just got worse.
> I think I just got worse.

< Then what the hell are you saying, you idiot?
> Then what the hell are you saying, you idiot?

< Do you honestly think I can understand this nonsense you're spewing all over me?!
> Do you honestly think I can understand this nonsense you're spewing all over me?!

< Quit beating around it and just tell me.
> Quit beating around it and just tell me.

< Like you can talk!
> Like you can talk!

< Nice one minute, and than a completely horrible person the next!
> Nice one minute, and than a completely horrible person the next!

< That one hurt.
> That one hurt.

< Why do you do that?
> Why do you do that?

< Why can't you just be honest!?
> Why can't you just be honest!?

< Why can't you, for even {i}one day{/i}, be the person you really are?
> Why can't you, for even {i}one day{/i}, be the person you really are?

< Because I'm scared!
> Because I'm scared!

< I covered my mouth, as if I could catch the words before they flew away.
> I covered my mouth, as if I could catch the words before they flew away.

< And suddenly...Arnold wasn't so angry anymore.
> And suddenly...Arnold wasn't so angry anymore.

< What are you scared of?
> What are you scared of?

< I...should go...
> I...should go...

< There was too much said...I didn't know what to do...
> There was too much said...I didn't know what to do...

< Fine.
> Fine.

< His voice was like ice.
> His voice was like ice.

< All I wanted to do was be your friend...
> All I wanted to do was be your friend...

< And you're making that impossible.
> And you're making that impossible.

< Without another word he slammed his front door behind, going inside.
> Without another word he slammed his front door behind, going inside.

< And I nearly collapsed on the sidewalk...
> And I nearly collapsed on the sidewalk...

< I felt like crawling into a hole and dying.
> I felt like crawling into a hole and dying.

< Never had Arnold and I fought that badly...
> Never had Arnold and I fought that badly...

< Never.
> Never.

< Well, yeah I like to think I have some creative ideas...
> Well, yeah I like to think I have some creative ideas...

< Hmm...Yeah, I can see that about you.
> Hmm...Yeah, I can see that about you.

< Oh, I'm so glad.
> Oh, I'm so glad.

< Ouch.
> Ouch.

< Your sarcasm can kill, ya know?...
> Your sarcasm can kill, ya know?...

< I perfected it so much, it's reached that level?
> I perfected it so much, it's reached that level?

< I'm awesome.
> I'm awesome.

< I gotta learn how to turn an intended insult into a compliment too...
> I gotta learn how to turn an intended insult into a compliment too...

< Maybe then I can learn to fight you off.
> Maybe then I can learn to fight you off.

< It's a gift, you'll never know.
> It's a gift, you'll never know.

< Haha~ darn.
> Haha~ darn.

< There was a beat of silence...
> There was a beat of silence...

< Then...
> Then...

< You hungry?
> You hungry?

< I'm starving...you want something to eat?
> I'm starving...you want something to eat?

< I had completely forgotten about my lack of breakfast right up until this point.
> I had completely forgotten about my lack of breakfast right up until this point.

< And then my stomach pretty much roared.
> And then my stomach pretty much roared.

< Guess that answers your question, doesn't it?
> Guess that answers your question, doesn't it?

< My voice was as snarky as ever...
> My voice was as snarky as ever...

< By my red cheeks betrayed my bravado.
> By my red cheeks betrayed my bravado.

< He let out a quiet laugh.
> He let out a quiet laugh.

< Come on let's talk a walk and find something...
> Come on let's talk a walk and find something...

< Alrighty then...
> Alrighty then...

< We wandered about the city trying to find something to eat...
> We wandered about the city trying to find something to eat...

< And...maybe arguing about it...
> And...maybe arguing about it...

< Just a little bit.
> Just a little bit.

< This was your idea, could you pick something already?
> This was your idea, could you pick something already?

< I just don't know what I want...
> I just don't know what I want...

< Thank you, Captain Obvious, as if I didn't gather that by now.
> Thank you, Captain Obvious, as if I didn't gather that by now.

< ...Right...
> ...Right...

< He slowed his pace just a bit then took a look inside a deli window.
> He slowed his pace just a bit then took a look inside a deli window.

< Soup.
> Soup.

< Whatever, you finally made a choice I'm not gonna fight you on it.
> Whatever, you finally made a choice I'm not gonna fight you on it.

< We entered the deli and ordered our soups...
> We entered the deli and ordered our soups...

< I got cheddar and broccoli...
> I got cheddar and broccoli...

< And Arnold ordered veggie...
> And Arnold ordered veggie...

< Where are we gonna eat these?
> Where are we gonna eat these?

< As I held up the bag, I could feel the contents shift inside...
> As I held up the bag, I could feel the contents shift inside...

< I had to be a bit more careful...
> I had to be a bit more careful...

< My house is nearby, let's just go there.
> My house is nearby, let's just go there.

< And your grandparents are gonna be cool about you coming home in the middle of the day?
> And your grandparents are gonna be cool about you coming home in the middle of the day?

< I'll just tell them I had a free period and left early.
> I'll just tell them I had a free period and left early.

< And now I've corrupted you into lying!
> And now I've corrupted you into lying!

< You make it sound as if you're some criminal...
> You make it sound as if you're some criminal...

< I'm quite the {i}Hell Girl...{/i}
> I'm quite the {i}Hell Girl...{/i}

< ...That was a terrible joke.
> ...That was a terrible joke.

< Whatever, move faster I'm hungry.
> Whatever, move faster I'm hungry.

< We sat down on his front stoop and pulled the soup out of the bag...
> We sat down on his front stoop and pulled the soup out of the bag...

< I handed him his vegetable, and took out mine as well.
> I handed him his vegetable, and took out mine as well.

< Damn.
> Damn.

< I think there's only one spoon.
> I think there's only one spoon.

< I handed him off the bag to check.
> I handed him off the bag to check.

< He dug through it for a minute, then took the plastic utensil out of the bag.
> He dug through it for a minute, then took the plastic utensil out of the bag.

< Not to worry...
> Not to worry...

< Did you just shock me?
> Did you just shock me?

< Was that all it was?
> Was that all it was?

< Uh...yeah, sorry I guess.
> Uh...yeah, sorry I guess.

< No...no, it's fine.
> No...no, it's fine.

< He took a quick glance down at his hand then shook his head.
> He took a quick glance down at his hand then shook his head.

< It looked as if he was trying to erase a thought or something...
> It looked as if he was trying to erase a thought or something...

< But what the hell did I know?
> But what the hell did I know?

< When I walked into class it felt as if my feet were made of lead.
> When I walked into class it felt as if my feet were made of lead.

< I took my seat behind him and tried to speak...
> I took my seat behind him and tried to speak...

< But any noise I made sounded hollow...empty...
> But any noise I made sounded hollow...empty...

< Almost unreal.
> Almost unreal.

< I was scared.
> I was scared.

< I was always scared.
> I was always scared.

< And before I knew it class had ended.
> And before I knew it class had ended.

< And Arnold rushed out without a word...
> And Arnold rushed out without a word...

< Most of the day seemed to go the same way...
> Most of the day seemed to go the same way...

< When lunch finally came around...
> When lunch finally came around...

< I had finally worked up enough nerve to apologize...
> I had finally worked up enough nerve to apologize...

< For everything.
> For everything.

< And when I stood face to face to that reality...
> And when I stood face to face to that reality...

< It seemed like a had a lot of explaining to do.
> It seemed like a had a lot of explaining to do.

< But when I took a glance around the room...
> But when I took a glance around the room...

< I couldn't find him anywhere.
> I couldn't find him anywhere.

< I can barely even hear her.
> I can barely even hear her.

< My eyes scanned the cafeteria, once...twice...but I still couldn't find him.
> My eyes scanned the cafeteria, once...twice...but I still couldn't find him.

< And it felt like someone was squeezing my heart in their hand.
> And it felt like someone was squeezing my heart in their hand.

< She made polite Phoebe-like chit chat while I try my best to answer...
> She made polite Phoebe-like chit chat while I try my best to answer...

< It felt like, if it had been before I would have come up with some type of incredible scheme to get my way...
> It felt like, if it had been before I would have come up with some type of incredible scheme to get my way...

< I...uh, no Phoebe I'm sorry...
> I...uh, no Phoebe I'm sorry...

< I know what I said.
> I know what I said.

< Arnold and I got into a fight...
> Arnold and I got into a fight...

< You get into fights all the time...
> You get into fights all the time...

< I tried to glare but my eyes must have looked too sad to be convincing...
> I tried to glare but my eyes must have looked too sad to be convincing...

< Because Phoebe saw right through it.
> Because Phoebe saw right through it.

< ...How bad was it?
> ...How bad was it?

< Bad.
> Bad.

< At first he caught me spying on him and Lila.
> At first he caught me spying on him and Lila.

< He was with Lila?
> He was with Lila?

< I nodded my head.
> I nodded my head.

< She said they were on a date...
> She said they were on a date...

< So anything I told him was in jealousy...obviously.
> So anything I told him was in jealousy...obviously.

< I mean I've been trying so hard...
> I mean I've been trying so hard...

< And all she has to do is swing her braid around and all the boys just wanna jump her bones!
> And all she has to do is swing her braid around and all the boys just wanna jump her bones!

< I pulled at my pigtails until they fell out, my hair falling to my back in two swoops.
> I pulled at my pigtails until they fell out, my hair falling to my back in two swoops.

< I didn't even care anymore..
> I didn't even care anymore..

< I think you're right Phoebe..
> I think you're right Phoebe..

< She sounded unsure, so I tried to explain myself.
> She sounded unsure, so I tried to explain myself.

< Maybe I should just stop obsessing over him...
> Maybe I should just stop obsessing over him...

< Maybe I'll be happier if I just move on, find someone new...
> Maybe I'll be happier if I just move on, find someone new...

< If anyone will take me that is.
> If anyone will take me that is.

< I think I was wrong, Helga.
> I think I was wrong, Helga.

< Do you know what I'd do if you'd ask me to stop thinking about Gerald?
> Do you know what I'd do if you'd ask me to stop thinking about Gerald?

< Well, I'd be pretty upset. I love him.
> Well, I'd be pretty upset. I love him.

< Don't you love Arnold, too?
> Don't you love Arnold, too?

< You...you know that I do.
> You...you know that I do.

< So I was wrong Helga...
> So I was wrong Helga...

< You don't just try and forget someone you love until...well, until the very end.
> You don't just try and forget someone you love until...well, until the very end.

< And quite frankly, I still think you can keep going!
> And quite frankly, I still think you can keep going!

< I was sure my eyes had gotten wide hearing Phoebe's words of encouragement.
> I was sure my eyes had gotten wide hearing Phoebe's words of encouragement.

< Wow...thanks Pheebs.
> Wow...thanks Pheebs.

< No problem. What are best friends for?
> No problem. What are best friends for?

< Heh, yeah, you're right.
> Heh, yeah, you're right.

< So Helga...what are you going to do?
> So Helga...what are you going to do?

< ...I know I should keep going...
> ...I know I should keep going...

< No, I want to keep going... I want to apologize.
> No, I want to keep going... I want to apologize.

< Right, of course.
> Right, of course.

< I shook my head.
> I shook my head.

< But he's already with Lila, what's the point?
> But he's already with Lila, what's the point?

< Did he say he was with Lila?
> Did he say he was with Lila?

< Well...no.
> Well...no.

< I don't think you can do anything until you talk to him.
> I don't think you can do anything until you talk to him.

< Sitting around here moping is only going to make YOU worse.
> Sitting around here moping is only going to make YOU worse.

< Her words stung, but I knew they were the truth.
> Her words stung, but I knew they were the truth.

< I had a feeling she even saw me flinch.
> I had a feeling she even saw me flinch.

< You're too smart Pheebs.
> You're too smart Pheebs.

< Ehehe~ I know.
> Ehehe~ I know.

< So...I'll talk to him as soon as I see him...
> So...I'll talk to him as soon as I see him...

< The crappy thing was, I didn't see him the entire rest of the day.
> The crappy thing was, I didn't see him the entire rest of the day.

< And even though I did want to...
> And even though I did want to...

< Even though I knew I should keep fighting until the end...
> Even though I knew I should keep fighting until the end...

< It felt like it was all over.
> It felt like it was all over.

< It's nothing...really, I'm okay.
> It's nothing...really, I'm okay.

< It was just a lot...
> It was just a lot...

< Arnold takes a seat beside me.
> Arnold takes a seat beside me.

< His body goes somewhat slack, as if all that tense pressure from before has faded away.
> His body goes somewhat slack, as if all that tense pressure from before has faded away.

< A lot of what?
> A lot of what?

< He finally asks, his voice slightly quiet.
> He finally asks, his voice slightly quiet.

< A lot of everything...
> A lot of everything...

< It's just...I've been trying so hard...
> It's just...I've been trying so hard...

< And...I feel like it's for nothing!
> And...I feel like it's for nothing!

< ...Trying hard? What for?
> ...Trying hard? What for?

< To be nicer...? I dunno...
> To be nicer...? I dunno...

< As bad as I can be at trying...
> As bad as I can be at trying...

< My words felt lost...but I had to keep going.
> My words felt lost...but I had to keep going.

< I don't hate you.
> I don't hate you.

< I felt like I really needed to say that.
> I felt like I really needed to say that.

< ...I know.
> ...I know.

< Even if you made it hard for me to wanna try...
> Even if you made it hard for me to wanna try...

< I want to be your friend.
> I want to be your friend.

< Why do I do this to myself?
> Why do I do this to myself?

< Actually I was glad you did it.
> Actually I was glad you did it.

< So why did you run off?
> So why did you run off?

< I...uh...saw you with Lila...
> I...uh...saw you with Lila...

< And you guys seemed really close...
> And you guys seemed really close...

< When I slammed the door on you...
> When I slammed the door on you...

< He seems almost ashamed of himself...but there was no reason for it.
> He seems almost ashamed of himself...but there was no reason for it.

< It felt like...I should just give up.
> It felt like...I should just give up.

< I mean, why was I trying so hard when all you ever do is snap back at me?
> I mean, why was I trying so hard when all you ever do is snap back at me?

< I knew you were trying to be better though, but I got frustrated....
> I knew you were trying to be better though, but I got frustrated....

< So I'm sorry.
> So I'm sorry.

< You're sorry?
> You're sorry?

< But...it was my fault.
> But...it was my fault.

< Really, Arnold, you don't have to be the better person all the time.
> Really, Arnold, you don't have to be the better person all the time.

< He gave me a questioning look.
> He gave me a questioning look.

< Let me be a better person...at least once.
> Let me be a better person...at least once.

< Arnold, I'm sorry for...everything.
> Arnold, I'm sorry for...everything.

< And I meant it.
> And I meant it.

< Everything?
> Everything?

< Yes...everything. Every time I was mean for no reason, for bullying you, and hurting you...
> Yes...everything. Every time I was mean for no reason, for bullying you, and hurting you...

< And for yesterday...cause I was...
> And for yesterday...cause I was...

< I felt my cheeks grow warm.
> I felt my cheeks grow warm.

< I was jealous, okay?
> I was jealous, okay?

< He seemed honestly surprised.
> He seemed honestly surprised.

< Jealous over Lila...and me?
> Jealous over Lila...and me?

< Yeah, yeah...be shocked or whatever.
> Yeah, yeah...be shocked or whatever.

< I didn't know you guys were dating so...
> I didn't know you guys were dating so...

< Wait, wait, what?
> Wait, wait, what?

< She said she liked seeing you happy...
> She said she liked seeing you happy...

< Yesterday...Lila said she had a nice time on your date.
> Yesterday...Lila said she had a nice time on your date.

< That doesn't mean we're together Helga...
> That doesn't mean we're together Helga...

< You...aren't?
> You...aren't?

< Yeah, I haven't liked Lila like that in a while.
> Yeah, I haven't liked Lila like that in a while.

< I felt completely stunned.
> I felt completely stunned.

< Oh.
> Oh.

< Wait a minute...
> Wait a minute...

< Suddenly he looked away, almost as if he was shy.
> Suddenly he looked away, almost as if he was shy.

< You...like me, right?
> You...like me, right?

< Oh my god, I was such an idiot.
> Oh my god, I was such an idiot.

< What?! Who said that?! I didn't say that!
> What?! Who said that?! I didn't say that!

< But I don't hate you.
> But I don't hate you.

< It felt like it needed to be repeated.
> It felt like it needed to be repeated.

< As long as you don't hate me...
> As long as you don't hate me...

< It looked as if his little Football Head was coming up with a plan.
> It looked as if his little Football Head was coming up with a plan.

< You're still going to the Festival tomorrow, right?
> You're still going to the Festival tomorrow, right?

< Yeah, I guess so.
> Yeah, I guess so.

< Have you made up you're mind about going to the Festival?
> Have you made up you're mind about going to the Festival?

< Why...do you ask?
> Why...do you ask?

< About the Festival tomorrow...
> About the Festival tomorrow...

< Well, why don't I pick you up and we can meet Gerald and Phoebe there?
> Well, why don't I pick you up and we can meet Gerald and Phoebe there?

< ...Like...a double date or something?
> ...Like...a double date or something?

< Okay.
> Okay.

< Great. I'll see you tomorrow at seven then, okay?
> Great. I'll see you tomorrow at seven then, okay?

< Uh, yeah, okay!
> Uh, yeah, okay!

< He gave a quick wave and then off he went.
> He gave a quick wave and then off he went.

< So I was going on a date with Arnold.
> So I was going on a date with Arnold.

< It seems like things actually did go my way.
> It seems like things actually did go my way.

< So have you made up?
> So have you made up?

< I turn around and catch Lila standing behind me, smiling.
> I turn around and catch Lila standing behind me, smiling.

< I could have socked her right then and there.
> I could have socked her right then and there.

< Yeah, we made up...no thanks to you.
> Yeah, we made up...no thanks to you.

< Thank goodness!
> Thank goodness!

< Um...what?
> Um...what?

< I was so worried, just ever so worried!
> I was so worried, just ever so worried!

< Wait, I'm confused...
> Wait, I'm confused...

< Don't you like Arnold too?
> Don't you like Arnold too?

< Why of course not, Helga.
> Why of course not, Helga.

< He's a dear friend, just like you are.
> He's a dear friend, just like you are.

< ...I still don't get it.
> ...I still don't get it.

< It's quite simple, actually.
> It's quite simple, actually.

< It doesn't seem like it is.
> It doesn't seem like it is.

< I just felt like you needed a little bit of a push...
> I just felt like you needed a little bit of a push...

< You're the type of person who does well under some pressure I believe...
> You're the type of person who does well under some pressure I believe...

< Rather than...
> Rather than...

< WAIT ONE MINUTE!
> WAIT ONE MINUTE!

< Just how sick are you, thinking making us fight would...?
> Just how sick are you, thinking making us fight would...?

< It's not that I wanted you to fight...I just felt like...
> It's not that I wanted you to fight...I just felt like...

< Maybe if you were a bit more honest with him...
> Maybe if you were a bit more honest with him...

< ...Fine, I get that.
> ...Fine, I get that.

< But how is this any of your business?
> But how is this any of your business?

< Contrary to what you might think Helga...
> Contrary to what you might think Helga...

< I do considering myself your friend.
> I do considering myself your friend.

< For a moment I was speechless.
> For a moment I was speechless.

< Well, now you and Arnold are one step closer together.
> Well, now you and Arnold are one step closer together.

< I feel like it was a plan well accomplished!
> I feel like it was a plan well accomplished!

< She seemed rather proud of herself.
> She seemed rather proud of herself.

< I don't really know what to say?
> I don't really know what to say?

< You don't have to say anything...
> You don't have to say anything...

< Though, it was quite hard being so mean spirited.
> Though, it was quite hard being so mean spirited.

< I smile despite myself.
> I smile despite myself.

< It gets easier with practice.
> It gets easier with practice.

< Ehehehe~ I'll have to take you're word for it.
> Ehehehe~ I'll have to take you're word for it.

< There was beat of silence...
> There was beat of silence...

< So he's taking you to the Cheese Festival?
> So he's taking you to the Cheese Festival?

< Huh? Oh yeah...
> Huh? Oh yeah...

< What are you going to wear?
> What are you going to wear?

< My eyes got wide...
> My eyes got wide...

< Lila laughed.
> Lila laughed.

< I'm ever so sure we'll find something...
> I'm ever so sure we'll find something...

< She rushed behind me and pushed my back, out of the fair grounds...
> She rushed behind me and pushed my back, out of the fair grounds...

< To who knows where...
> To who knows where...

< This is gonna be one weird friendship I know it.
> This is gonna be one weird friendship I know it.

< When I turn and look at him my heart quickens...
> When I turn and look at him my heart quickens...

< So you're still acting this way, huh?
> So you're still acting this way, huh?

< Acting like what?
> Acting like what?

< A completely...what was it again?
> A completely...what was it again?

< That's right...a completely {i}horrible{/i} person.
> That's right...a completely {i}horrible{/i} person.

< Guess that's just me.
> Guess that's just me.

< Gonna say something Football Head?
> Gonna say something Football Head?

< It was like you weren't even listening yesterday...
> It was like you weren't even listening yesterday...

< Oh no, no...I heard every single freaking word!
> Oh no, no...I heard every single freaking word!

< I felt a shudder of pain mix with anger rush through my whole being.
> I felt a shudder of pain mix with anger rush through my whole being.

< It was getting hard to stand.
> It was getting hard to stand.

< Then can't you understand I'm trying here?
> Then can't you understand I'm trying here?

< So am I! And it's like...
> So am I! And it's like...

< !!!
> !!!

< For a minute I got dizzy...I had to grab on to something to keep straight.
> For a minute I got dizzy...I had to grab on to something to keep straight.

< It was like Arnold completely forgot we were even fighting...
> It was like Arnold completely forgot we were even fighting...

< Take it easy...
> Take it easy...

< Strong hands grab onto my shoulders and lead me towards a bench.
> Strong hands grab onto my shoulders and lead me towards a bench.

< The world started to even out again...
> The world started to even out again...

< Are you...okay now?
> Are you...okay now?

< Well, I gotta say...you do look a little funny.
> Well, I gotta say...you do look a little funny.

< I tried to stifle a laugh...and Arnold blushed.
> I tried to stifle a laugh...and Arnold blushed.

< Aw, ya see...I knew it!
> Aw, ya see...I knew it!

< I'm gonna go home and change real quick...
> I'm gonna go home and change real quick...

< But wait, Arnold...the rain?
> But wait, Arnold...the rain?

< Oh right!
> Oh right!

< He stops and smiles.
> He stops and smiles.

< The rain's already letting up, so they say the Festival's still a go...
> The rain's already letting up, so they say the Festival's still a go...

< Apparently they covered everything with tarps just in time...
> Apparently they covered everything with tarps just in time...

< Yeah, so I'll go change and you get ready.
> Yeah, so I'll go change and you get ready.

< Right, okay!
> Right, okay!

< So it looked like this wasn't a lost hope after all!
> So it looked like this wasn't a lost hope after all!

< When I woke up the next morning I was thrilled.
> When I woke up the next morning I was thrilled.

< Ready to take me to the Festival!
> Ready to take me to the Festival!

< I made a move towards my window and threw open my curtains...
> I made a move towards my window and threw open my curtains...

< Nothing was going to ruin my day!
> Nothing was going to ruin my day!

< Sure, it was a double date...but it was better than nothing!
> Sure, it was a double date...but it was better than nothing!

< I had no idea what to do with myself...
> I had no idea what to do with myself...

< I got up out of bed and moved towards my closet, pulling out the outfit I had bought the day before...
> I got up out of bed and moved towards my closet, pulling out the outfit I had bought the day before...

< I got up out of bed and walked towards my closet.
> I got up out of bed and walked towards my closet.

< I fanned through my clothes until I found something rather okay to wear tonight...
> I fanned through my clothes until I found something rather okay to wear tonight...

< I opened the drawer and pulled out the various make-up kits I had...
> I opened the drawer and pulled out the various make-up kits I had...

< After a minute of being completely frozen I got up.
> After a minute of being completely frozen I got up.

< I spent most of the day trying to find things to take off my mind about the evening...
> I spent most of the day trying to find things to take off my mind about the evening...

< Watching TV, trying to write, read...
> Watching TV, trying to write, read...

< But most of it was in vain and in the end I was still nervous as hell.
> But most of it was in vain and in the end I was still nervous as hell.

< At least the sun had come out sometime during the day...
> At least the sun had come out sometime during the day...

< I mean, sure, Phoebe was going to be there...but it still felt like so much more than just a usual hang out.
> I mean, sure, Phoebe was going to be there...but it still felt like so much more than just a usual hang out.

< And Arnold was going to be here any minute now.
> And Arnold was going to be here any minute now.

< Only minutes?!
> Only minutes?!

< Sitting on the edge of my bed I tapped my foot nervously before finally getting up.
> Sitting on the edge of my bed I tapped my foot nervously before finally getting up.

< Holding on to the railing for dear life, I made my way downstairs and sat on the first step, watching the door.
> Holding on to the railing for dear life, I made my way downstairs and sat on the first step, watching the door.

< Even if he was late I wasn't going to snipe or be rude...
> Even if he was late I wasn't going to snipe or be rude...

< Well, at least I was going to try.
> Well, at least I was going to try.

< Pulling my phone out of my bag, I watched as 6:59 became 7:00...
> Pulling my phone out of my bag, I watched as 6:59 became 7:00...

< And my eyes flashed to the door...
> And my eyes flashed to the door...

< ...Nothing....
> ...Nothing....

< ......Nothing....
> ......Nothing....

< .........Nothing...
> .........Nothing...

< And then finally...
> And then finally...

< A knock on the door.
> A knock on the door.

< Moving faster then I thought I could, I throw open the door and smile at him.
> Moving faster then I thought I could, I throw open the door and smile at him.

< And he smiles right back.
> And he smiles right back.

< You ready to go?
> You ready to go?

< Even though he told me he would be here...
> Even though he told me he would be here...

< I'm still surprised to see him.
> I'm still surprised to see him.

< So instead of answering him, I simply nod my head.
> So instead of answering him, I simply nod my head.

< Wanting to do nothing that could break the fantasy.
> Wanting to do nothing that could break the fantasy.

< He steps aside and motions for me to walk out first.
> He steps aside and motions for me to walk out first.

< And I do so, hearing him close my front door for me.
> And I do so, hearing him close my front door for me.

< Well it's finally here...
> Well it's finally here...

< He mumbles this more to himself than to me...
> He mumbles this more to himself than to me...

< So I give no reply.
> So I give no reply.

< Gerald told me to meet him and Phoebe by the food tables when we get there...
> Gerald told me to meet him and Phoebe by the food tables when we get there...

< I silently nod my head, again.
> I silently nod my head, again.

< I'm afraid my big mouth is gonna screw this up for me.
> I'm afraid my big mouth is gonna screw this up for me.

< For a few more minutes we walk in complete silence.
> For a few more minutes we walk in complete silence.

< But then, Arnold suddenly stops me.
> But then, Arnold suddenly stops me.

< Is there any reason you're being so quiet?
> Is there any reason you're being so quiet?

< It's...not really like you.
> It's...not really like you.

< Quiet?
> Quiet?

< I don't know what to say without sound like a complete moron.
> I don't know what to say without sound like a complete moron.

< So instead...I just deny it.
> So instead...I just deny it.

< I'm not being quiet, I'm just like I always am, Arnoldo really!
> I'm not being quiet, I'm just like I always am, Arnoldo really!

< Yeah!
> Yeah!

< Cause that was the first thing you've said to me all night.
> Cause that was the first thing you've said to me all night.

< Ah...um...
> Ah...um...

< Damn it, he got me.
> Damn it, he got me.

< Okay...fine...it's just...
> Okay...fine...it's just...

< I don't wanna say anything that's gonna...ya know...screw this up.
> I don't wanna say anything that's gonna...ya know...screw this up.

< So he laughs at me?
> So he laughs at me?

< Does he want me to punch him in the face or something?
> Does he want me to punch him in the face or something?

< So I bite the inside of my cheek to keep from boiling over.
> So I bite the inside of my cheek to keep from boiling over.

< Ya know, I was trying to be honest...thanks for that.
> Ya know, I was trying to be honest...thanks for that.

< That's not why I'm laughing...
> That's not why I'm laughing...

< Uh-huh, yeah sure.
> Uh-huh, yeah sure.

< No really...
> No really...

< Finally, he's able to stifle his chuckles...
> Finally, he's able to stifle his chuckles...

< I asked, you to come with me didn't I?
> I asked, you to come with me didn't I?

< You, as in Helga. Not some quiet pod person who's gonna stand next to me the whole night in silence.
> You, as in Helga. Not some quiet pod person who's gonna stand next to me the whole night in silence.

< If you're gonna yell at me, I can take it.
> If you're gonna yell at me, I can take it.

< I have all this time, now shouldn't make it any different.
> I have all this time, now shouldn't make it any different.

< I look away from him for a moment.
> I look away from him for a moment.

< But I...
> But I...

< Ugh, I want it to be different, okay?
> Ugh, I want it to be different, okay?

< It looks as if Arnold is thinking something over.
> It looks as if Arnold is thinking something over.

< But then he nods his head.
> But then he nods his head.

< Trust me, Helga.
> Trust me, Helga.

< It already is different.
> It already is different.

< Arnold continues on his way to the Festival...but...
> Arnold continues on his way to the Festival...but...

< I'm not exactly sure what to make of that.
> I'm not exactly sure what to make of that.

< But I follow behind him...thinking I guess I could act a bit more...
> But I follow behind him...thinking I guess I could act a bit more...

< Like me.
> Like me.

< When we get to the Festival we see Gerald and Phoebe just sitting down to eat.
> When we get to the Festival we see Gerald and Phoebe just sitting down to eat.

< We make our way over to them.
> We make our way over to them.

< Oh, Helga!
> Oh, Helga!

< We certainly lucked out didn't we?
> We certainly lucked out didn't we?

< Thank goodness they put those tents up!
> Thank goodness they put those tents up!

< Heh, yeah.
> Heh, yeah.

< There you are!
> There you are!

< Here you go, as promised.
> Here you go, as promised.

< She hands me a cheese stick which I take eagerly.
> She hands me a cheese stick which I take eagerly.

< With all the sleeping...and Arnold's sudden pick up...
> With all the sleeping...and Arnold's sudden pick up...

< I somehow, with all the busy work...
> I somehow, with all the busy work...

< Had forgotten to eat today.
> Had forgotten to eat today.

< Thanks Pheebs!
> Thanks Pheebs!

< Arnold, man what's up?
> Arnold, man what's up?

< Eh...nothing yet.
> Eh...nothing yet.

< I get that.
> I get that.

< They greeted each other with their classic handshake.
> They greeted each other with their classic handshake.

< Some things never change.
> Some things never change.

< So what are we doin' tonight?
> So what are we doin' tonight?

< Haha~ I have no idea.
> Haha~ I have no idea.

< That's great, I'm really excited now guys.
> That's great, I'm really excited now guys.

< Okay, give me a minute, I'll think of something.
> Okay, give me a minute, I'll think of something.

< Well what?
> Well what?

< Why don't you go think about it over there...
> Why don't you go think about it over there...

< And get me some nachos...
> And get me some nachos...

< Please?
> Please?

< Sure.
> Sure.

< Come on, Gerald.
> Come on, Gerald.

< Yeah, you want anything?
> Yeah, you want anything?

< He was looking to Phoebe.
> He was looking to Phoebe.

< Nothing, thank you.
> Nothing, thank you.

< I waited until they were out of listening distance before I turned to face Phoebe.
> I waited until they were out of listening distance before I turned to face Phoebe.

< I can't calm down!
> I can't calm down!

< Agh, I've got butterflies and everything.
> Agh, I've got butterflies and everything.

< This isn't good.
> This isn't good.

< Phoebe was only quiet a moment before she began to laugh.
> Phoebe was only quiet a moment before she began to laugh.

< That keeps happening to me today...
> That keeps happening to me today...

< I'm sorry Helga, it's just...
> I'm sorry Helga, it's just...

< It's normal to feel this way.
> It's normal to feel this way.

< I figured as much...
> I figured as much...

< I just thought I'd be more ready for this when it finally happened.
> I just thought I'd be more ready for this when it finally happened.

< But I'm kind of pathetic.
> But I'm kind of pathetic.

< Arnold wants to be here with you...
> Arnold wants to be here with you...

< Just relax.
> Just relax.

< You'll feel better soon, okay?
> You'll feel better soon, okay?

< I nod my head and take a deep breath in...
> I nod my head and take a deep breath in...

< Hoping the extra air would calm my nervous...
> Hoping the extra air would calm my nervous...

< Okay so we talked it over...
> Okay so we talked it over...

< Arnold suddenly speaks, surprising me.
> Arnold suddenly speaks, surprising me.

< Where did he come from?
> Where did he come from?

< But with a smile he places my food in front of me...
> But with a smile he places my food in front of me...

< And all is forgiven.
> And all is forgiven.

< And then...
> And then...

< Oh...it's Lila.
> Oh...it's Lila.

< I'm gonna go over and say hi.
> I'm gonna go over and say hi.

< Certainly you're joking...
> Certainly you're joking...

< Even I know that's not right.
> Even I know that's not right.

< ...Uh, well...she's not so bad...
> ...Uh, well...she's not so bad...

< Still all I was getting was blank stares.
> Still all I was getting was blank stares.

< I'll be right back.
> I'll be right back.

< With a small wave I grabbed her attention and made my way over.
> With a small wave I grabbed her attention and made my way over.

< Oh, hello there Helga!
> Oh, hello there Helga!

< Hey, so you came too, huh?
> Hey, so you came too, huh?

< Well of course, I do so enjoy the festival!
> Well of course, I do so enjoy the festival!

< Yeah, it's...
> Yeah, it's...

< I look over my shoulder towards Arnold.
> I look over my shoulder towards Arnold.

< ...Not so bad.
> ...Not so bad.

< Do you wanna come hang with us or...?
> Do you wanna come hang with us or...?

< Oh, as much as I would like to I'm here with someone.
> Oh, as much as I would like to I'm here with someone.

< Yes, eheheh~ It's a boy named George from a school downtown...
> Yes, eheheh~ It's a boy named George from a school downtown...

< He's quite charming.
> He's quite charming.

< Haha~ well have fun.
> Haha~ well have fun.

< You too, Helga.
> You too, Helga.

< And off she went.
> And off she went.

< As I sat back down at our table...
> As I sat back down at our table...

< The blank stares didn't fade.
> The blank stares didn't fade.

< Apparently no one was even going to ask...
> Apparently no one was even going to ask...

< It was probably better that way.
> It was probably better that way.

< So we were talking...
> So we were talking...

< Figured we start over at the game booths first...
> Figured we start over at the game booths first...

< He stole a chip from my plate...
> He stole a chip from my plate...

< That was a lot easier to deal with than what happened before...
> That was a lot easier to deal with than what happened before...

< Fine with me.
> Fine with me.

< Gonna try to go for that top prize?
> Gonna try to go for that top prize?

< Of course, if not...why even try?
> Of course, if not...why even try?

< Let's put a little wager on this then...
> Let's put a little wager on this then...

< I looked between the two of them...
> I looked between the two of them...

< It was like Phoebe and I weren't even here.
> It was like Phoebe and I weren't even here.

< A bet? I dunno...
> A bet? I dunno...

< Come on man, don't wimp out.
> Come on man, don't wimp out.

< Fine, fine what are your terms?
> Fine, fine what are your terms?

< Winner buys everything for the group for the rest of the night...
> Winner buys everything for the group for the rest of the night...

< He looked over at me as if I was supposed to tell him to do to.
> He looked over at me as if I was supposed to tell him to do to.

< So I went with my gut...
> So I went with my gut...

< I say go for it, Football Head...
> I say go for it, Football Head...

< He smiled and nodded his head.
> He smiled and nodded his head.

< All right, you're on.
> All right, you're on.

< I was starting to regret telling Arnold to go for that stupid bet.
> I was starting to regret telling Arnold to go for that stupid bet.

< It was my fifth consecutive loss at the water gun target game when I finally gave up...
> It was my fifth consecutive loss at the water gun target game when I finally gave up...

< Some snot nose brat kept winning...
> Some snot nose brat kept winning...

< No more...
> No more...

< I walk away from the booth and look over at Arnold a few games down...
> I walk away from the booth and look over at Arnold a few games down...

< He and Gerald were immersed in a game of darts...
> He and Gerald were immersed in a game of darts...

< I didn't know it was going to be like this...
> I didn't know it was going to be like this...

< Be like what?
> Be like what?

< Phoebe walks up beside me and pockets a little doll.
> Phoebe walks up beside me and pockets a little doll.

< Instead of answering her, I change the subject.
> Instead of answering her, I change the subject.

< Where did you get that?
> Where did you get that?

< Well...I paid the vendor five dollars for it.
> Well...I paid the vendor five dollars for it.

< ...Nice.
> ...Nice.

< I couldn't help it, it's just so cute.
> I couldn't help it, it's just so cute.

< Right, okay, okay.
> Right, okay, okay.

< So are you going to answer my question now?
> So are you going to answer my question now?

< I slump forward.
> I slump forward.

< This is just like every other Festival, Phoebe!
> This is just like every other Festival, Phoebe!

< With us over here...and them over there.
> With us over here...and them over there.

< I threw my arms up in defeat and nearly collapsed on a park bench.
> I threw my arms up in defeat and nearly collapsed on a park bench.

< Phoebe sat down beside me, quiet as she thought.
> Phoebe sat down beside me, quiet as she thought.

< Then we'll just go over, okay?
> Then we'll just go over, okay?

< No...maybe...
> No...maybe...

< Maybe I just got my hopes up...and this isn't as important...
> Maybe I just got my hopes up...and this isn't as important...

< Suddenly Arnold calls my name, running over towards us, completely pulling me from my thoughts.
> Suddenly Arnold calls my name, running over towards us, completely pulling me from my thoughts.

< What? Wrong? Nothing's wrong!
> What? Wrong? Nothing's wrong!

< He laughed.
> He laughed.

< It was then I noticed the rather large prize he had in his hands.
> It was then I noticed the rather large prize he had in his hands.

< I got him beat by just a few points.
> I got him beat by just a few points.

< So here!
> So here!

< He holds it out for me, and I'm not exactly sure what he wants me to do with it.
> He holds it out for me, and I'm not exactly sure what he wants me to do with it.

< Is he...giving this to me?
> Is he...giving this to me?

< Uh...what?
> Uh...what?

< What, did you think we were gonna play that game all this time and not get you guys something?
> What, did you think we were gonna play that game all this time and not get you guys something?

< He pulls Phoebe beside him and hands her a tiny blue snow globe.
> He pulls Phoebe beside him and hands her a tiny blue snow globe.

< Oh! Thank you!
> Oh! Thank you!

< No problem.
> No problem.

< She examines the little novelty for a minute before slipping it inside her purse for safe keeping.
> She examines the little novelty for a minute before slipping it inside her purse for safe keeping.

< The prize that I assumed was meant for me...well...
> The prize that I assumed was meant for me...well...

< It wasn't going to fit in my bag, that was for sure.
> It wasn't going to fit in my bag, that was for sure.

< He held in his hands a pink rabbit with a rather large bow sitting atop its head.
> He held in his hands a pink rabbit with a rather large bow sitting atop its head.

< I stare at it for another moment before looking back up at him.
> I stare at it for another moment before looking back up at him.

< Why...this?
> Why...this?

< I couldn't think of anything else to say.
> I couldn't think of anything else to say.

< Well it kind of looks like you, doesn't it?
> Well it kind of looks like you, doesn't it?

< Uh....what?
> Uh....what?

< I stare at him, as if I heard him wrong.
> I stare at him, as if I heard him wrong.

< To my stare he shyly tries to laugh it off...
> To my stare he shyly tries to laugh it off...

< What? Don't give me that face it does look like you.
> What? Don't give me that face it does look like you.

< It's got the bow and everything.
> It's got the bow and everything.

< I feel a steady heat rise to my cheeks before I snatch the damn thing away.
> I feel a steady heat rise to my cheeks before I snatch the damn thing away.

< I hold it tightly to my chest and turn away from all the people smiling at me...
> I hold it tightly to my chest and turn away from all the people smiling at me...

< I couldn't take it.
> I couldn't take it.

< So I point towards the rides, hoping the topsy-turvy feelings of a fast ride would get off my mind...
> So I point towards the rides, hoping the topsy-turvy feelings of a fast ride would get off my mind...

< Just how amazing Arnold is.
> Just how amazing Arnold is.

< After riding some of the bigger, faster rides with Nibbles in tow...
> After riding some of the bigger, faster rides with Nibbles in tow...

< Yes...I named the stupid thing...
> Yes...I named the stupid thing...

< Without telling anybody of course...
> Without telling anybody of course...

< Arnold suggested...
> Arnold suggested...

< I say we end the night on the Ferris Wheel.
> I say we end the night on the Ferris Wheel.

< He points up to the Festival's biggest attraction, and from way down here...
> He points up to the Festival's biggest attraction, and from way down here...

< It looked like the giant wheel almost touched the moon.
> It looked like the giant wheel almost touched the moon.

< Sounds good to me.
> Sounds good to me.

< Very romantic.
> Very romantic.

< To be honest I was glad it wasn't the Tunnel of Love...
> To be honest I was glad it wasn't the Tunnel of Love...

< That might have been a bit too much to take.
> That might have been a bit too much to take.

< So the two love birds, so used to one another by now head for the line.
> So the two love birds, so used to one another by now head for the line.

< Leaving Arnold and myself alone...
> Leaving Arnold and myself alone...

< Come on.
> Come on.

< He moves towards the ride and I follow behind, finding my legs hard to move.
> He moves towards the ride and I follow behind, finding my legs hard to move.

< This was going to be the {i}alone time{/i} wasn't it?
> This was going to be the {i}alone time{/i} wasn't it?

< Could I handle this?
> Could I handle this?

< When we reach the car, Arnold enters first, and I follow...
> When we reach the car, Arnold enters first, and I follow...

< Except...
> Except...

< My stupid shoe gets caught in the door and I nearly fall in.
> My stupid shoe gets caught in the door and I nearly fall in.

< So apparently, I can't handle this.
> So apparently, I can't handle this.

< But Arnold grabs my arms before I fall face first between the Ferris Wheel seats.
> But Arnold grabs my arms before I fall face first between the Ferris Wheel seats.

< It's okay I got you.
> It's okay I got you.

< Yeah, thanks.
> Yeah, thanks.

< I slowly move out of his grasp and take the seat across from him, my heart racing in my chest.
> I slowly move out of his grasp and take the seat across from him, my heart racing in my chest.

< The door closes behind us and then the car makes a quick move, rising off the ground.
> The door closes behind us and then the car makes a quick move, rising off the ground.

< For a moment we're both silence, looking out the window to the city below...
> For a moment we're both silence, looking out the window to the city below...

< It could have been magic if I believed in things like that...
> It could have been magic if I believed in things like that...

< Suddenly Arnold speaks, breaking me from my thoughts.
> Suddenly Arnold speaks, breaking me from my thoughts.

< Huh? Uh, yeah? What's up?
> Huh? Uh, yeah? What's up?

< I was going to ask if you were having a good time but...
> I was going to ask if you were having a good time but...

< No, No I am...it's just...
> No, No I am...it's just...

< You make me kinda nervous, all right?
> You make me kinda nervous, all right?

< Really? Why?
> Really? Why?

< {i}Why?{/i} Is he for real right now?
> {i}Why?{/i} Is he for real right now?

< Because I...
> Because I...

< I said it so quietly, he didn't even hear me.
> I said it so quietly, he didn't even hear me.

< You've been pretty okay with me over the last few days...
> You've been pretty okay with me over the last few days...

< Even if we did fight...
> Even if we did fight...

< Yeah, don't remind me...
> Yeah, don't remind me...

< That's why I asked you out in the first place.
> That's why I asked you out in the first place.

< B-but this isn't us just hanging out.
> B-but this isn't us just hanging out.

< It's not?
> It's not?

< It's a date...right?
> It's a date...right?

< Arnold slowly nods his head, then gives me a small smirk.
> Arnold slowly nods his head, then gives me a small smirk.

< I don't mind taking you out more.
> I don't mind taking you out more.

< If only to help you get more comfortable with me.
> If only to help you get more comfortable with me.

< I roll my eyes.
> I roll my eyes.

< That isn't funny.
> That isn't funny.

< I'm trying to be serious, so don't joke with me.
> I'm trying to be serious, so don't joke with me.

< Who's joking?
> Who's joking?

< I'm being completely serious too, Helga.
> I'm being completely serious too, Helga.

< I stare him down but he doesn't falter.
> I stare him down but he doesn't falter.

< So I give him a quick shrug of my shoulders.
> So I give him a quick shrug of my shoulders.

< I dunno, I think you like to tease me almost as much as I like to tease you.
> I dunno, I think you like to tease me almost as much as I like to tease you.

< Well that's true...
> Well that's true...

< Hmph!
> Hmph!

< But I'm being honest.
> But I'm being honest.

< He suddenly grabs my hand, his touch...so warm.
> He suddenly grabs my hand, his touch...so warm.

< I...really like you, Helga.
> I...really like you, Helga.

< I think we should be together.
> I think we should be together.

< I blink a few times, making sure I heard him right...
> I blink a few times, making sure I heard him right...

< Are you seri...
> Are you seri...

< But before I can finish, Arnold leans in for a quick kiss.
> But before I can finish, Arnold leans in for a quick kiss.

< It must have only been a few seconds but...
> It must have only been a few seconds but...

< This time I did believe in magic.
> This time I did believe in magic.

< As he pulls away I let out a quiet thank you, with out meaning too...
> As he pulls away I let out a quiet thank you, with out meaning too...

< To which he replies an equally quiet...
> To which he replies an equally quiet...

< You're welcome.
> You're welcome.

< For a moment there is nothing but the silence...
> For a moment there is nothing but the silence...

< The far away sounds of the city and the Festival below...
> The far away sounds of the city and the Festival below...

< Without a reason why...
> Without a reason why...

< We start to laugh...
> We start to laugh...

< Happy Cheese Festival, Helga...
> Happy Cheese Festival, Helga...

< Happy Cheese Festival, Arnold...
> Happy Cheese Festival, Arnold...

< Okay...I'll go.
> Okay...I'll go.

< Maybe?
> Maybe?

< No way!
> No way!

