< Return
> Tagasi

< Preferences
> Seaded

< Save Game
> Salvesta mäng

< Load Game
> Laadi mäng

< Help
> Abi

< Quit
> Välju

< Previous
> Eelmine

< Auto
> Auto

< Quick
> Kiire

< Next
> Järgmine

< Display
> Ekraan

< Window
> Aken

< Fullscreen
> Täisekraan

< Transitions
> Üleminekud

< All
> Kõik

< None
> Pole

< Text Speed
> Tekstikiirus

< Joystick...
> Mängupult...

< Skip
> Jäta vahele

< Seen Messages
> Näinud sõnumid

< All Messages
> Kõik sõnumid

< Begin Skipping
> Alusta vaheljätmine

< After Choices
> Pärast valikud

< Stop Skipping
> Lõpeta vaheljätmine

< Keep Skipping
> Jäta vaheljätmine

< Auto-Forward Time
> Auto-Kiire aeg

< Music Volume
> Muusika heli

< Sound Volume
> SFX heli

< Voice Volume
> Hääl heli

< Language
> Keel

< English
> English

< Eesti
> Eesti

< Yes
> Jah

< No
> Ei

< Q.Save
> K.Salvesta

< Q.Load
> K.Lae

< Save
> Salvesta

< Prefs
> Seaded

<  1. Empty Slot.
>  1. Tühislait.

<  2. Empty Slot.
>  2. Tühislait.

<  3. Empty Slot.
>  3. Tühislait.

<  4. Empty Slot.
>  4. Tühislait.

<  5. Empty Slot.
>  5. Tühislait.

<  6. Empty Slot.
>  6. Tühislait.

<  7. Empty Slot.
>  7. Tühislait.

<  8. Empty Slot.
>  8. Tühislait.

<  9. Empty Slot.
>  9. Tühislait.

< 10. Empty Slot.
> 10. Tühislait.

< Special Events One
> Erisündmused üks

< Special Events Two
> Erisündmused kaks

< Special Events Three
> Erisündmused kolm

< Are you sure you want to quit?
> Oled sa kindel tahad väljuda?

< Loading will lose unsaved progress.\nAre you sure you want to do this?
> Laadimine võib kaota salvestamata jäänud.\nOled sa kindel sa tahadki?

< Are you sure you want to overwrite your save?
> Oled sa kindel tahad üle kirjutada sinu salvestusi?

< Joystick Configuration
> Mängupult konfiguratsioon

< Left - Axis 0.0 Negative
> Left - Axis 0.0 Negative

< Right - Axis 0.0 Positive
> Right - Axis 0.0 Positive

< Up - Axis 0.1 Negative
> Up - Axis 0.1 Negative

< Down - Axis 0.1 Positive
> Down - Axis 0.1 Positive

< Select/Dismiss - Button 0.0
> Select/Dismiss - Button 0.0

< Rollback - Not Assigned
> Rollback - Not Assigned

< Hold to Skip - Not Assigned
> Hold to Skip - Not Assigned

< Toggle Skip - Not Assigned
> Toggle Skip - Not Assigned

< Hide Text - Not Assigned
> Hide Text - Not Assigned

< Menu - Button 0.7
> Menu - Button 0.7

< Joystick Mapping - Left
> Joystick Mapping - Left

< Joystick Mapping - Right
> Joystick Mapping - Right

< Joystick Mapping - Up
> Joystick Mapping - Up

< Joystick Mapping - Down
> Joystick Mapping - Down

< Joystick Mapping - Select/Dismiss
> Joystick Mapping - Select/Dismiss

< Joystick Mapping - Rollback
> Joystick Mapping - Rollback

< Joystick Mapping - Hold to Skip
> Joystick Mapping - Hold to Skip

< Joystick Mapping - Toggle Skip
> Joystick Mapping - Toggle Skip

< Joystick Mapping - Hide Text
> Joystick Mapping - Hide Text

< Joystick Mapping - Menu
> Joystick Mapping - Menu

< Move the joystick or press a joystick button to create the mapping. Click the mouse to remove the mapping.
> Liiguta mängupulti või vajuta mängupult nuppu, et looda kaardistus. Hiire vajutamisel eemaldada kaardistus.

< So, let's just start off by saying Cheese Festivals never, ever worked out in my favor...
> Nii, alustame välja ütleme Juustu Festivalid pole midagi töötanud minu teenes

< I can remember...
> Ma mäletan...

< There were two of them when I was nine-years-old and both of them ended up with me...
> Seal oli kaks nemad kui ma olin üheksa aastane ja mõlemad lõpetasid minuga.

< Well, how do they put it...
> Noh, kuidas nemad panid...

< Forever alone.
> Alatiselt üksi.

< And now...
> Ja nüüd...

< It was that time of year again.
> See oli aasta kord jälle.

< Hillwood was going to have another one.
> Hillwoodi läheb saama teise uut.

< And I wasn't looking forward to it.
> Ja ma ei ole vaadanudki.

< Because I knew it would be filled with people who were happier than me.
> Sellepärast, et ma teatsin tahan olla koos inimene kes on rõõmsad kui mina.

< They would be having a good time, laughing...enjoying their lives.
> Nemad lähevad hästi korral, naeravad... nautivad tema elud.

< Their loves...
> Nemad armastused...

< And the one thing that made me truly happy...
> Ja üks tingimus see tegi mulle tõsiselt rõõmsaks...

< Well it made me so miserable every time the Festival came to town.
> See tegi mulle kõik õnnetu iga kordselt Festivali tuli linnasse.

< I hate that.
> Ma vihkan seda.

< It really pisses me off...
> Olen täiesti pettunud mind...

< ...
> ...

< ......
> ......

< This all began on a morning pretty much exactly like any other.
> See algas kõik hommikust palju isegi nagu midagi muud.

< It started with me wondering if I should bother to tell my mother I was leaving for school.
> See alustas minuga mõtlesin, et lähen ütlema mu ema ära lahkun kooli.

< Not that you can hear me passed out on the kitchen table... Criminy!
> Mitte seda kui sa kuuled mind köögi laua... Krimiini!

< Oh, morning Pheebs...
> Oi, hommikust Pheeb...

< Phoebe's my best friend.
> Phoebe on minu parim sõber

< And a damn good assistant.
> Ja hea pagan abija.

< But of course she's mostly my friend.
> Aga muidugi ta on lihtsalt mu sõber.

< Good morning Helga, how are you today?
> Tere hommikust Helga, kuidas sul läheb täna?

< Oh you know, same ol', same ol'...
> Sa tead küll, sama nii, sama...

< I was lying...
> Ma valetasin

< I was much worse.
> Ma olin palju halvem.

< That's good to hear!
> See on hea kuulda!

< Jeez, feeling perky, Phoebe?
> Oeh, tunned ülemeelik, Phoebe?

< Of course! Since the Cheese Festival is only a few days away now and...
> Muidugi! Alates Juustu Festival on ainult mõned päevad jäänud ja...

< Phoebe's grinning like an idiot, talking about that damn Festival.
> Phoebe narritab nagu idioot, räägib midagi Festival pagan.

< I can't even imagine myself having a good time.
> Ma ei saa uskuda, et saada hea korral.

< So I snap at her...
> Siis ma snäppisin tema...

< I just can't help myself.
> Ma lihtsalt ei saa aitada minu ennast.

< Blah, blah, blah...
> Bla, bla, bla...

< That stupid festival never changes.
> See lollakas festival ei muutu midagi.

< It's the same damn carnival every year.
> See on sama pagan tsirkus igal aastal.

< Big freaking deal...
> Suur paganat soodus...

< I continue to mumble quiet profanities under my breath.
> Ma jätkasin pomisema vaikselt minu hinge.

< Ever since a few years back, whenever they started dating, Phoebe and her boyfriend Gerald were like the "it" couple.
> Isegi alates mõned aastad tagasi, kui nemad hakkasin kohtingu, Phoebe ja tema poisssõber Gerald on nagu armsad.

< He was cool, and she was smart and they just worked out perfectly...I guess...
> Tema poiss on lahe ja tema tüdruk on tark ja see töötas väga hasti...vist...

< I'll never, ever tell her I'm {i}slightly{/i} jealous.
> Ma kunagi mitte, midagi ütlen tema ma olen {i}veidikene{/i} kade.

< Why so down Helga? Don't you find the fair fun anymore?
> Miks sa oled alla, Helga? Kas sa ei leia midagi hea lõbust?

< Phoebe, how can you not remember...
> Phoebe, kuidas sa ei mäleta...

< Then again, why would she? She always ended up not feeling like a miserable failure by the end of it.
> Noh jälle, mis tal on? Ta on alati lõppetanud üles ei tunne nagu ebaõnnestus lõppult.

< Unlike me...
> Mitte nagu mina...

< Never mind, I'm just being negative...or whatever.
> Ei midagi, ma olen lihtsalt negatiivne või mida iganes.

< Negative? Hah. That's a word for it.
> Negatiivne? Ha. See on sõna.

< If you say so.
> Kui sa ütled nii.

< I do say so!
> Ma ütlen nii!

< And while we're on the topic of the Festival...
> Ja kui me oleme teema Festivali...

< Yes?
> Jah?

< There's no way I'm going this year.
> Seal ei ole midagi lähen sel aastal.

< Phoebe frowns deeper...
> Phoebe kortsutab kulmu sügavamalt...

< But why not Helga?
> Aga, miks mitte Helga?

< Even if you've had a bad time before...
> Isegi kui sul on olemas paha aeg enne...

< I cut her off before she can go on.
> Ma lõikan tema välja enne ta saab minna.

< Give it a break Phoebe, criminy...
> Anna mulle puhk, Phoebe... krimiini...

< Why do you even care?
> Miks sa huvitad?

< It's just...
> See on lihtsalt...

< She shakes her head, like she's clearing her thoughts. She seems ready to give me some type of lecture.
> Ta noogutab tema pea nagu ta puhastab oma mõtlemised. Tal on valmis anda mulle midagi tüüpimad loengut.

< It seems to me...
> See tundub mulle...

< Maybe if you tried to focus on something other than...uh...
> Äkki sa proovisid keskuda midagi muud kui...eh...

< ...You-know-who...
> ...Sa tead kes...

< You might be able to enjoy yourself more...
> Sa võid nautida sinu ennast rohkem...

< I nod my head slowly, taking it all in.
> Ma noogutasin pead aeglaselt, võtan kõik sisse.

< Just kidding.
> Tegin nalja.

< I had heard this all before, multiple times in fact.
> Ma kuulsin seda kõik enne, mitut korda faktis.

< Even if I sat her down to explain the insanity of my emotions...
> Isegi kui ma istun tema alla, et seletada minu emotsioonid hullumeelsus...

< She just couldn't understand how hard that was for me, to put him aside.
> Ta lihtsalt ei saa aru kuidas see on raske mulle panna temale.

< She would never understand how most of the time he felt like the only good part in my whole life...
> Ta kunagi ei saa aru kuidas palju kordselt ta tundis nagu hea ainult loogil minu kõik elu...

< The light in my otherwise bleak existence.
> Mu muud sünge olemas on tule.

< But at the very same time, that damn Football Head could ruin me with a smile...
> Aga väga sama kord aeg, see loll Jalgpall Pea võib rikkuda mulle rõõmsaga...

< Especially if that smile was aimed at someone other than me.
> Isegi kui seda rõõmus on paigustatud kellelegi kuid mina.

< And almost always, it was.
> Ja peaaegu alati, see oligi.

< You don't get it.
> Sa ei saa aru.

< What?
> Mida?

< It's not that easy...
> See pole lihtne...

< Helga...
> Helga...

< Ugh, don't pity me Phoebe.
> Ära hakka pihta mind, Phoebe.

< My warning didn't matter, she gives me a pitiful look anyway.
> Minu hoiatus pole tahes, ta annab mulle nägu hale välja.

< I'm used to it now.
> Ma olen kasutanud nüüd.

< I know...
> Ma tean...

< CRASH!!
> PÕMM!!

< Arnold!
> Arnold!

< Helga!
> Helga!

< We've got to stop bumping into each other like this! Haha!
> Me peame lõpetama põmmisemine iga muud nagu seda! Haha!

< Uh...well...
> Noh...jah...

< Got that right, Football Head, one of these days I might actually hurt you!
> Sul on õigus, Jalgpall Pea, üks need päevad ma võiksin haiget teha sulle!

< Whew~
> Oeh~

< Right Helga, whatever you say.
> Hea küll Helga, mida iganes sa ütled.

< Well anyway...
> Noh igatahes...

< He looks around, kind of nervously.
> Ta vaatab ringi, võib olla narviseks.

< Do you mind if I walk with you guys the rest of the way?
> Kas ma võin teile jalutada ülejääl tee?

< I've no issue with that...
> Mul ei ole probleemi sellega...

< Helga?
> Helga?

< Remain calm...calm...calm...
> Võtke rahulikult...rahu...rahu...

< Whatever floats your boat.
> Mida iganes su voolab paati.

< Why is my heart pounding like this?
> Miks mu süda tuksub nagu seda?

< Why does he do this to me?!
> Miks ta tegi mulle seda?!

< Cool, thanks.
> Lahe, äitah.

< So Arnold...
> Kuule Arnold...

< Phoebe's voice breaks through the silence.
> Phoebel hääl lõhkus vaikselt.

< Thank God.
> Jumal tänatud.

< Plan to do anything fun this weekend?
> On teil midagi plaani lõbusat sel puhkusel?

< Oh, wow...
> Oi, vau...

< Phoebe are you asking me to the Cheese Festival?
> Phoebe, kas sa küsid mulle Juustu Festivallisse?

< I really don't think Gerald will be happy about that...
> Ma päriselt ei tea, et Gerald olla rõõmus selle...

< Goodness!
> Taevakene!

< By no means was I implying that...I mean...no!
> Pole tähtus ma mõtlesin seda... ma mõtlen...ei!

< Phoebe looks as if her head is about to explode.
> Phoebe vaatab ehk kui tema pea läheb plahvatama.

< Haha, calm down I'm only teasing...
> Haha, rahu maha ma teen ainult kiusamist...

< To be honest, I don't know if I'm going this year.
> Minu aus ei tea kui ma lähen sel aastal.

< He gives an uneasy shrug of his shoulders.
> Ta annab ei lihtne tema õlad kehitamist.

< They haven't been all that great for me in the past.
> Nemad ei olnud kõik toreaded mulle paari eest.

< I know that feeling...
> Ma tean seda tundus...

< ...!
> ...!

< I didn't mean to say that out loud!
> Ma ei mõelnud öelda kõvasti välja!

< Really Helga?
> Päriselt Helga?

< Why did he have the hear me?
> Miks ta peab kuulama mind?

< Why?
> Miks?

< You haven't had a good time with the Festivals either?
> Sa ei saanud hea aeg koos Festivaalid?

< I didn't say that...
> Ma ei ütlenud seda...

< No, you did, you just said...
> Ei, sa tegid, sa lihtsalt ütlesid...

< It doesn't matter what I said, hey look!
> See pole tahes mis ma ütlesin, oi vaata!

< I point out the looming, big, brown building.
> Ma näitasin hägeva, suur, pruun ehitus.

< It's the school!
> See on kool!

< Anyway the festival...
> Igatahes festival...

< Phoebe tries to pull his attention away from me...
> Phoebe proovib tõsta tema tähelepanelikult eemale minust...

< I suppose my showing him where the school was...wasn't good enough.
> Ma lihtsalt minu nähtus koos tema kus on kool oli...ei olnud hästi aitamist.

< It's on Saturday. Can you believe it?
> See on laupäev. Saaksid uskuda?

< Wow, only three more days?
> Vau, ainult kolm päeva veel?

< Whoopee~
> Uupsiii~

< That they decide to ignore.
> Siis, nemad otsustasid ignoneerida.

< Suddenly Arnold turns towards the school.
> Arnold pöörab enda kooli poole.

< Ugh...
> Ah...

< I gotta rush...my class is all the way on the other side of the building.
> Ma pean jooksma...mu klassiruum on igal poolesse teise poole ehitusel.

< Well, I'll see you guys later!
> Noh, ma näen teile hiljem!

< There walks the love of my life...
> Seal jalutab armastus minu elust...

< Completely oblivious as always.
> Täitsa unustlik alati.

< As we get closer to the entrance of the school, I notice I start to slow down...
> Me saame lähedaselt kooli sisseminekut, ma teatsin hakkasin aeglaselt minema...

< I really don't wanna be here right now...
> Ma päriselt ei taha olla seal kohe...

< I stop completely, finding a stone on the sidewalk more interesting then moving on.
> Ma peatusin lõplikult, leian kivi pool jalutuse on veel huvitava ja siis liigun edasi.

< Phoebe, I think I'm just gonna skip class...
> Phoebe, äkki ma lihtsalt jätan klassi vahele...

< Helga that's not wise...
> Helga, see pole hea mõte...

< I know but...
> Ma tean, aga...

< I promise I'll be back before the afternoon classes start...
> Ma luban tulen tagasi enne pärast lõunat klassis alustab...

< I just gotta...
> Ma pidin...

< I want to give her a valid excuse, something better than...than...
> Ma tahtsin anda temale kehtiv vabandus, midagi parem kui...kui...

< Think or something...
> Mõtleda või midagi...

< Better than that.
> Parem kuni seda.

< Well, okay. I'll take notes for you.
> Noh, hea küll. Ma võtan märkmikud sulle.

< Thanks...
> Äitah...

< It's all I could think to say.
> See ongi kõik öelda mõtlemisel.

< Bye-bye.
> Head aega.

< I turn and leave without a word and, somehow, after a long while of aimlessly walking...
> Ma pöörasin ja lahkusin ilma sõnata ja kuidagi pärast kaua jalutuse käikul...

< I end up at the festival grounds.
> Ma lõpetasin üles festival alus.

< The whole place looks like some type of horror movie in the making.
> Terve koht oleks nagu mõned tüüpi hirmus filmi tegemist.

< It was completely abandoned...I guess the guys who were suppose to set it up were on break.
> See on täitsa vanasti... ma arvan need mehed tulid installima olid vaheajal.

< I took a look around anyway...
> Ma võtsin ja vaatsin igalpool...

< The only thing this place brought up in me was bad memories.
> Ainult tingimus on see koht tuli üles minul oli paha mälestused.

< It was like I could see every unsuccessful scheme flash before my eyes.
> See oleks nagu näinudki kõik iga ebaõnnestus välku enne mu silmad.

< Ugh, my plans never go right!
> Ah, mu plaanid ei lähe hästi!

< I felt like the best thing to do at this point was to fall down, maybe curl up and sleep.
> Ma tundsin nagu parim tingimus on teha sel point oli kukuda maha, äkki ülesse ja magada.

< Was there even a point to evil plans and plots anymore?
> Kas oli seal point kurja plaanid ja joonis midagi?

< Even if I ruined Arnold's time, he always ended up kind of, sort of happy in the end.
> Isegi kui ma rikkun Arnoldi aega, ta alati lõpetab üles, olla rõõmus lõppus.

< That beautiful, damn-it-all, always looking on the bright side attitude.
> See ilus, pagan kõik, alati vaatan ilusat poole asend.

< And that's when it hit me...I should get to him before he even has a chance to ask someone else.
> Ja see kui lõi mind... ma võtan temasse enne kui tal on valik küsida kellegi käest.

< I should just get him to bring me!
> Ma vist võtan tema, et tuua mind!

< That's it!
> Täpselt nii!

< The real question though, was how...
> Päris küsimus oli kuidas...

< It's obvious that by now, after all these years, Arnold isn't exactly used to a nice, ask-this-girl-out-right-now, type of personality from me...
> See on ilmne kohe seda, pärast kõik aastad, Arnold ei olnud kasutanud kenaks, küsida tüdruku välja kohe, tüüpi isiku minust...

< But I could try, couldn't I? To be just a little nicer to him, a little kinder...
> Aga ma võin proovida, kas võiksin? Lihtsalt olla väike kena tema, natuke kenam...

< It wasn't that much of a stretch.
> See ei olnud palju venitus.

< Could he be swayed?
> Kas ta saab kõikunud?

< Could I...his one true love...finally win his heart?!
> Kas ma...tema üks päris armas...lõpuks võitab tema süda?!

< This would have to be handled delicately, any wrong choice could completely botch things up.
> See oleks saada korras pidada, iga valesti valikud võib tekkida lõplikult lõhkuda üles.

< Without another thought I turn around and head back towards the school...
> Ilma teise arvamus ma pööran tagasi kooli juurdesse...

< This time I was going to be successful! I was sure of it...
> See kord ma läheksin saada õnnestus! Ma olen kindel...

< Helga G. Pataki, Saturday night is gonna be your night ol' girl!
> Helga G. Pataki, laupäev öö on sinu öö tüdruk!

< I somehow make it back just in time for lunch and catch Arnold standing on line for food...
> Mõnes korras sain tagasi ajal lõunal ja püüda Arnold seisab järjelkorjas toidust...

< Lunch came quicker than I expected it too...
> Lõunasöögiks tuli kiirem kuna ma mõtlesin ka...

< And I catch Arnold on the food line.
> Ja ma püüan Arnold toidu järjel.

< Without really thinking on it...
> Ilma väga päris mõtlemine...

< I casually cut the person standing behind him and take his spot.
> Ma sadun tulla inimese eest ära olla taga ja võta tema koht.

< But what do I do?...
> Aga mida ma teen?...

< Hey Arnoldo, how's it hanging?
> Tere Arnoldo, kuidas läheb?

< Oh, hey Helga...
> Oi, tere Helga...

< I didn't see you in class...
> Ma ei ole näinud sind klassis...

< Nope, I skipped.
> Ei, jätsin vahele.

< Oh yeah? Any reason?
> Oojah? On midagi põhjust?

< I just needed some time to think is all...
> Mul oli just aega võtta midagi mõtleda välja kõik...

< That excuse seems to be working for me today.
> Selle vabadamise võiks töötada mulle täna.

< Nothing to worry your handsome Football Head about...
> Pole midagi muretsema su kallis Jalgpall Pea sellest...

< Did I really say that out loud and the world didn't explode?
> Kas ma päriselt ütlesin kõva hääle ja maailma pole plahvatanud?

< .......
> .......

< Why isn't he saying anything!?
> Miks ta ei ütle midagi!?

< Well that's good, you were missed.
> Noh see on hea, sa jätsid vahele.

< He must think that I'm trying to tease him.
> Ta mõtleb seda, et ma proovin narrida temale.

< I'm not sure if that's a good thing or a bad thing.
> Ma pole kindel, et kas on hea tingimus või häbi tingimus.

< Oh was I now? Did you miss me Arnold?
> Oi, kas olin kohe? Kas igatsesid mind, Arnold?

< Yeah, I missed you kicking the back of my chair, Helga...
> Jah, igatsesin sind lööda tagant minu tooli, Helga...

< I've learned I can't live without it...
> Ma olen õppinud, et ei saa elada ilma...

< Is this flirting...or is he making fun of me?
> Kas see huvi...või ta teeb nalja mind?

< Or is it both.......?
> Või see on mõlemad..?

< Good to know, I'll kick it extra hard tomorrow.
> Hea mõtleda, ma proovin lööda lisa rasket homseks.

< Just for you!
> Lihtsalt sulle!

< Heh. I can do it too!
> Hah. Ma saan ka teha!

< Great, hah, it's a date.
> Tore, hah, see on kohtumine.

< How's your day so far?
> Kuidas su kaugel päev?

< You ask me like you weren't there for some of it...
> Sa küsid mind nagu sa ei ole seal mõnes...

< Haha, yeah, that's true.
> Haha, jah, see on õige.

< I'm gonna take a wild guess here and say, "boring"?
> Ma võtan selle asja siit ja ütlen, "igav"?

< Ding-ding-ding...you win a prize.
> Ding-ding-ding...sa võitsid auhinna.

< My voice is rather sarcastic...but he keeps smiling at me.
> Mu hääl on ilus...aga ta ikka rõõmustab mulle.

< Yeah? Anything good?
> Jah? On midagi head?

< Uh...
> Eh...

< I grab a cookie from the desert tray and pay the lunch lady what I owe her.
> Ma võtan küpsise magustoidust ja maksan lõuna naine mida ma olen oma saanudki.

< Enjoy.
> Nautige.

< Seriously?
> Päriselt?

< You should honored by my kindness...
> Sa võiksid kaunistada minu kena eest...

< Oh, trust me I am.
> Oi, usalda mind ma olen.

< We pick up our trays and walk into the cafeteria...
> Me võtsime oma taldriku ja jalutasime kohvikusse...

< On a typical day, this is when we'd walk our separate ways, to sit with our own cliques.
> Tüüpiline päev, see kui me jalutame oma jagatud valitsus, et istuda oma sõbradega.

< But...
> Aga...

< Is Arnold hesitating?
> Kas Arnold kahtleb?

< Looks like Gerald and Phoebe are eating together today...
> Näitab, et Gerald ja Phoeve söövad kokku täna...

< Yeah looks like it...
> Jah, oleks nagu...

< This wasn't unusual. They ate together often enough...
> See pole kasutus. Nemad söövad kokku mitut palju...

< So why was Arnold suddenly making such a big deal of it?
> Siis miks Arnold teeb midagi suure asja soodus?

< You wanna grab a table over there or something?
> Sa tahad võtta laua sealt või midagi?

< He motions vaguely with his shoulder to a table off in the back.
> Ta liigutab tema õlaga, et tõmbada laua tagant.

< For a moment, I'm speechless.
> Hetk, ma olen hääletu.

< How do I respond to this?
> Kuidas ma vastan seda?

< This is what I wanted, isn't it?
> Seda mis ma tahtsin, kas pole?

< I can't screw this up!
> Ma ei saa rikkuda!

< Sure, that sounds...
> Muidugi, see kõlab...

< Say something you moron, use your words! You're good at words!!
> Ütle midagi sa kartlik, kasuta oma sõnad! Sa oled hea sõnade!!

< Super...
> Super...

< God, I can't believe I just said that...
> Jumal, uskumatu ma juba ütlesin seda...

< Luckily, Arnold just nodded at my verbal nonsense...{i}SUPER{/i}... And made his way to a table near the windows.
> Õnneks, Arnold noogutas minu tundust {i}SUPER{/i}... ja võttis tema poole lauasse lähedal aknad.

< At first I thought things were going to be awkward and quiet between us...
> Esimesel ma arvasin need tingimused lähevad imelik ja vaikne meie koos...

< But Arnold started talking with me so easily, it felt like we had been alone like this all the time.
> Aga Arnold alustas räägima minuga nii lihtsalt, see tundis nagu me oleme üksis näiteks seda kõik korra.

< And for a moment I thought that this might really work out for me, just this once...
> Ja siis hetkel arvasin seda võib töötada välja mind, lihtsalt see kord...

< That was until she showed up.
> See oli kuni ta näitas meie.

< Oh, hey Lila.
> Oi, tere Lila.

< Hello Arnold! Oh, and it seems you're eating with Helga today? I think that's ever so sweet!
> Tere Arnold! Oi ja arvan täna et sa sööd koos Helga? Äkki see on nii kaunis!

< Well it was...
> Noh, see oli...

< I couldn't help the pout that made its way to my face.
> Ma ei saa aitada ise torutada selle tegin poole minu näodesse.

< Come on Helga, don't be rude...
> Tule juba Helga, ära ole rumal...

< Who's being rude? You're used to me by now, aren't you Liiiiiila?
> Kes on rumal? Sa oleks kasutanud mind kohe, on nii Liiiiiila?

< Why, of course Helga! We're like old friends!
> Miks, muidugi Helga! Me oleme meeldiva vana sõbrad!

< Heh...riiiiiiight.
> Ahh...sellllllge.

< Anyway...
> Igatahes...

< I could hear a slight gruffness in his voice.
> Ma kuulen sellise turtsakas tema hääles.

< It was a familiar tone, currently, and usually meant for me.
> See oli perelik toone, praegu ja olnuks mulle.

< Why don't you join us?
> Miks sa ei liitu meiest?

< That sounds ever so nice Arnold, thank you...
> See kõlab hea välja Arnold, äitah...

< I don't even let her finish as I make a move to stand up, picking up my tray as I do so.
> Ma ei lase tema valmis kuna ma teen liigutisi, et tõusta üles, võtan mu taldriku nagu teen.

< You know, I'm not feeling so hungry anymore...
> Sa tead, ma ei tunne midagi näljane...

< I turn towards the garbage and dump the remainders of my lunch in.
> Ma pööran prügisse sinna ja viskan lõuna sisse.

< I'll see you in class Arnold.
> Ma näen sind klassis Arnold.

< Huh? Helga wait...
> Ah? Helga oota...

< I hear him call out to me again but I ignore him.
> Ma kuulen tema, et kutsutada mind jälle, aga ma ignoneerisin.

< Even if he didn't have those types of feelings for her anymore...
> Isegi kui tema ei ole olemas need tüüpid tunneseid midagi talle...

< Even if there was the smallest chance he maybe, possibly, could have feelings for me...
> Isegi kui seal on väike valitsus äkki ei tea, kuidagi oleks olema tunneid mulle...

< The fact that he asked her to sit with us...
> Faktsioon see ta küsis mulle, et istuda meie...

< Well it made me want to pull my hair out!
> Noh see tegi mind tahta tõmbada minu juuksed välja!

< Yet the further away I walk from the cafeteria the more I realize being a bitch to Arnold's friends isn't going to get me on his good side...
> Lasen hoida vahele jalutuse kohvikust rohkem ma arvan olen tottakas Arnoldi sõbrad ei lähe võtma mind temal head...

< I stop for a minute and lean against the wall.
> Ma peatusin minutes ja panen seinasse

< What were my choices here?
> Mida mu valikud siin?

< I could either...
> Ma võiksin...

< As I turn to go back I see Arnold making his way towards me...
> Ehk ma pööran tagasi, et näen Arnold teeb tema poole minusse...

< Arnold?
> Arnold?

< Helga, there you are...
> Helga, seal sa oledgi...

< He seems slightly out of breath, like he had been running.
> Ta tunneb välja ohkamine nagu ta jookseb.

< But the trek here from the cafeteria isn't that much...
> Aga trek siin kohvikust pole palju...

< Could he have been worried?
> Kas ta on olnud muretsenud?

< Why'd you leave? We were having lunch together...
> Miks sa lahkusid? Meil on lõuna kokku...

< Weren't we?
> Oleme vist?

< Yeah, we were and I was coming back to say...
> Jah, me oleme ja ma tulin tagasi öelda...

< ...To say...
> ...et öelda...

< I'm sorry...!
> Palun vabandust...!

< I let the words fly out, truthful to the core.
> Ma lasen sõnad taevasse välja, õigussi südamiku.

< Then why did you...?
> Siis miks sa tegid...?

< It's just you asked Lila to sit with us...a-and we don't get along and...
> See lihtsalt küsisid Lila istuda meiega...j-ja me ei saanud kokku ja...

< It's probably best if I wait to talk to him...
> See võib parem kui ma ootan räägida tema...

< Lila might still be there and...
> Lila võib olla seal ja...

< A-Arnold!
> A-Arnold!

< I felt my heart race up into my throat.
> Ma tundsin mu süda võistles kõhasse.

< Criminy, Football Head, why you always sneaking up on me?
> Krimiini, Jalgpall Pea, miks sa piilud mulle alati?

< Wait, wait...
> Oota, oota...

< What are you doing here?
> Mida sa teed siin?

< We were having lunch together, weren't we?
> Meil oli lõuna kokku, on meil?

< Yeah...and then you invited Lila...
> Jah...ja siis sa kutsusid Lila...

< That was bad?
> See oli paha?

< Well she and I...we don't really get along and...
> Noh ta ja ma...me ei saanud kokku ja...

< But Helga...you and I...we don't get along either...
> Aga Helga...sina ja mina...me ei saanud kokku...

< I know, but you're different Arnold!
> Ma tean, aga sa oled eriline Arnold!

< ~gasp~
> ~ahhh~

< I cover my mouth with my hand as if I could capture my words.
> Ma panin suu kinni käega kui ma püüan mu sõnad.

< The motion was a little too late...
> Liigutus oli väike liiga hilja...

< I let go a little more then I intended.
> Ma lasen minema natuke veel kui ma tegin.

< Really...I am?
> Päriselt...ma olen?

< ........
> ........

< Yes...
> Jah...

< Can I just leave it at that?
> Kas saaksid jätta rahule?

< Yes, what?
> Jah, mida?

< No, apparently not.
> Ei, mitte.

< Yes, really...for cripes sake...
> Jah, päris...jumal eest...

< But why?
> Aga miks?

< Why am I...
> Miks ma olen...

< It was like it was hard for him to finish it.
> See oli nagu oli raske tedale lõpetada.

< It isn't as if I could just come out and say...
> See pole ehk kui ma saan tulla välja ja öelda...

< {i}Because you are the light of my life, my love, my heart, my soul...the essence of my eternal bliss.{/i}
> {i}Sellepärast sa oled tule minu elust, mu armas, mu süda, mu hing...mu taevas tänatud{/i}

< That would be a little much.
> See võib tekkida natuke palju.

< I...I can't tell you!
> Ma...ma ei oska öelda!

< Yeah, that works.
> Jah, see töötab.

< ...Yet... I can't tell you yet...
> ..Ma... Ma ei saa midagi ütleda sind...

< There would come a day I would admit my deepest secret to the holder of my heart.
> Seal tuleb üks päev ma võin avaldada minu pime saladus hoidjadel südant.

< ..........
> ..........

< What?...!
> Mida?...!

< I feel...
> Ma tunnen....

< Sorry...It's just a bad case of déjà vu.
> Vabandust... see on lihtsalt paha mingi déjà vu.

< Huh? Déjà vu?
> Ah? Déjà vu?

< It's-it's nothing, really. I probably just imagined it.
> See, see pole midagi, päris. Ma juba arvasin välja.

< Well okay...but...
> Noh olgu, aga...

< Hmm?
> Hmm?

< Do you get it Football Head?
> Kas sa said aru Jalgpall Pea?

< I guess...
> Arvates jah...

< So you will tell me...
> Siis sa ütled mulle...

< Not now...but?
> Mitte kohe...aga?

< One day...just - not - now!
> Üks päev...lihtsalt - mitte - mitte!

< Okay, okay I get it!
> Olgu, hea küll sain aru!

< *RIIIIIIIIIING*
> *RIIIIIIIIIING*

< Oh damn the bell...
> Ah, pagan kell helises...

< Wow, class just snuck up on us huh?
> Vau, lihtsalt klassi ületase meie eks?

< Yeah, too bad...I was kind of...
> Jah, liiga paha...ma olin kena...

< Hey Arnold! Let's go man, we're gonna be late!
> Hei Arnold! Lähme mees, me jääme hiljaks!

< What? Kind of what?
> Mis? Mida kenat?

< Alright I hear you!
> Hea küll, kuulen sind!

< Arnold turns and looks at me again...
> Arnold pööras ja vaatab mind jälle...

< You going my way Helga?
> Sa lähed minu poole Helga?

< With his shoulder he motions towards the hallway behind him.
> Koos teda õla, ta noogutas otselt esikus tagant teda.

< Well, looks it looks that way, doesn't it?
> Noh, vaatab nagu seda poole, pole eks?

< Great, I'll walk ya to class.
> Tore, ma jalutan klassidesse.

< Fine with me, Arnoldo...
> Olgu minuga, Arnoldo...

< Heh...
> Ah...

< Great, with all that talking we've run out of time to eat Arnoldo!
> Tore, kõik sellega jutu rääkimist meil ei ole aega süüa Arnoldo!

< Hah, right Helga, it's all my fault.
> Hah, õigus Helga, see on kõik minu süü.

< Damn straight!
> Täiesti pagan!

< I start to move down the hall, grabbing Arnold's shirt sleeve as I do so.
> Ma pean hakkama liiguma alla esikut, võtan Arnold särke.

< Come on, you can walk me to class as atonement for your crimes, haha!
> Tule juba, sa võid jalutada mind klassidesse sinut kriimid, haha!

< Should I carry your books too?
> Võin tuua su raamatud ka?

< Jeez, don't get too mushy Arnold...
> Jees, ära saa liiga põse Arnold...

< One step at a time or I might die!
> Üks astu korra või ma suren!

< Eventually the longest school day in all of history comes to an end.
> Väga kaua kool päev kõiki ajalugu läheb lõppema.

< Thank God...
> Jumal tänatud...

< Ready to head out Helga?
> Oled valmis välja, Helga?

< Phoebe's waiting for me outside the school.
> Phoebe ootab mulle väljas koolis.

< Uh, yeah.
> Ah, jah.

< Still upset about this afternoon?
> Ikka häbi sellel lõuna?

< Is it that obvious, Pheebs?
> Kas on ilmselge, Pheeb?

< Probably only to me, but still...
> Võib olla ainult mind, aga ikka...

< I take it you've come up with some sort of a plan?
> Ma võtan seda sa tulid mingi asja plaani eest?

< Phoebe, I always have a plan.
> Phoebe, mul on alati plaan olemas.

< Hmm...I thought as much.
> Hmm...Ma mõtlesin palju.

< I was about to describe my idea in great detail when a chipper voice from Hell interrupts me.
> Ma oleksin seletada mu mõte tore detiili kui chipper hääl põrgust segas mind.

< Hello Helga, Phoebe...heading home?
> Tere Helga, Phoebe...lähed kodu?

< Where else would we be going, Lila?
> Kuhu muidugi lähme, Lila?

< Oh dear...
> Ah kallis...

< Well I don't know Helga...you could be off to an assortment of different places!
> Noh ma ei tea Helga...sa võid välja teise kohasse?

< She didn't have to be so God damn literal...
> Ta ei pea olema nii jumal...

< You're right Lila, but we aren't, we're going home so...bye.
> Sul on õigus Lila, aga meil mitte, me läheme siis koju...head aega.

< No, no, if you're heading home I'll walk with you!
> Ei, ei, kui sa lähed kodu ma jalutan sinuga!

< You really don't have too.
> Sa ei pea tegema.

< It would probably be better if you didn't...
> See võib parema saada kui sa ei tee...

< Oh but I'd ever so like to!
> Oi, aga ma võiksin jah!

< Uh, Helga?
> Eh, Helga?

< I look over at Phoebe...signaling that I saw no way of getting out of this...
> Ma vaatan läbi Phoebe...selle signaalimine ma ei ole näinud poole põgemist seda...

< Right.
> Selge.

< So off we went...with Lila in tow, going on about who knows what, when suddenly she starts...
> Läks välja me läksime...koos Lila läheb kes teab mida kuna ta alustas...

< That was until Arnold came up and told me he liked how I did my hair that day...
> See oli kuni Arnold tuli ette ja palus mulle ta meeldib kuidas ma tegin juuksed see päev...

< You mean your braid?
> Sa mõtled su palmik?

< Well yes...
> Noh, jah...

< There was a moment of thoughtful silence from her...
> See oli hetkel vaikselt tedalt mõtlemine...

< Do you still like him, by the way?
> Kas sina meeldib teda ikka?

< Huh?!
> Ah?!

< Excuse me!?
> Kuidas palun!?

< Arnold? You had a crush on him when we were kids, I remember you telling me.
> Arnold? Sul on armu teda kui me olime lapsed, ma mäletan sa ütlesid mind.

< You still don't feel that way right?
> Sa ei tunne ikka poole, eks?

< It would be ever so silly if you did...
> See võib rumal saada kui sa tegid...

< Wh-why would it be silly?
> Mi-miks ma olen rumal?

< Well, pining after someone with no interest in you, even after all this time...
> Noh, toppib pärast kellel pole huvita sind, isegi pärast kõik seda...

< It's a little sad, just ever so sad.
> See on väike kurb, lihtsalt kurb.

< Shove it Lila, nobody cares what you think.
> Ole nüüd Lila, mingi ei huvita mis sa arvad.

< Oh my...
> Oh sa...

< I had pretty much answered her question with my retort...
> Ma olen palju vastanud teda küsimus mu vastusega...

< So you do still like him...
> Siis sul meeldib ikka teda...

< That's a shame...since he's gotten rather handsome.
> See on vale...alates ta sai hea kaunis 

< What are you talking about?
> Mida sa rääkid?

< He's always been handsome!
> Ta on alati kaunis!

< What the hell was the matter with me?
> Mis asja sa mõtled?

< Why couldn't I keep my mouth shut?
> Miks ma ei või jääda suu kinni?

< Wait...
> Oota...

< But why was it a shame?
> Aga miks on vale?

< ...Why is Arnold being handsome a shame?
> ...Miks Arnold on väga kaunis valesti?

< ...Uh yeah?
> ...Noh jah?

< That's not a shame...you liking him is.
> See pole vale...sul meedib teda.

< What the...care to repeat that?
> Mis...korratada asja selle?

< Well, he and I have always looked good together...haven't we?
> Noh, tema ja ma oleme väga hea vaatanud...kas pole?

< No, you haven't.
> Ei, sa ei ole.

< She was smiling, but there's this look in her eyes like she's daring me to prove her wrong.
> Ta rõõmustab, aga seal on teda silmad vaade nagu ta proovib otsustada õigusi.

< It's my life's mission.
> See on mu elu missiooni.

< Well, this is where we go our separate ways!
> Noh, see kus me lähme poolesti vaatesse.

< She was so cheerful as she completely ignored me.
> Ta oli rõõmlik ehk ta ignoneeris mulle lõplikult.

< She waves and spins around, her big, beautiful braid bouncing behind her as she walks.
> Ta lehvitab ja teeb ringi, teda suur, ilusasti põmmi teda tagant jalutamine.

< I hate her...
> Ma vihktan teda...

< I know...she isn't exactly as pleasant as she used to be...
> Ma tean...tema pole väärtuslik nagu ta on kasutanud...

< Ugh...Now I have a bad taste in my mouth.
> Oeh...Nüüd mul on paha maitse mu suus.

< I casually look down the street and catch sight of my stoop.
> Vaatsin alla teel ja püüda mu väike kodusse.

< I could use a nap now.
> Ma võin magada kohe.

< I'll call you later Pheebs, okay?
> Ma helistan sulle hiljem Pheeb, olgu?

< Right, okay.
> Hea küll, olgu.

< I'll see you later Helga!
> Ma näen sind hiljem, Helga!

< And off she went...
> Ja ta läks minema...

< And I run home as fast as my legs can carry me.
> Ja ma jooksin koju kiiresti kui mu jalad saavad toota mind.

< Eventually what felt like the longest school day in history comes to an end...
> Isegi tuntsin mida kui pikkem kool päev ajaloos läheb lõppema...

< Ready to head home, Helga?
> Oled sa valmis koju minna, Helga?

< Yeah...all ready!
> Jah...olen valmis!

< You seem a lot cheerier than you were this morning.
> Sa näed rõõmlik palju kuna olid sel hommikul.

< Phoebe notes the sound of my rather cheerful voice.
> Phoebe märkab hääldus mu rõõmlik hääle.

< Damn right, and I'll tell ya why Pheebs, so listen close.
> Tore jah ja ma ütlegin miks Pheeb, siis kuula sõna.

< Listening!~
> Kuulan!~

< I had an idea Phoebe, that deals with...
> Mu tuli mõtte Phoebe, see soovistab koos...

< You-know-who...
> Sa tead kes...

< Really? Well to be honest, I'm not all that surprised.
> Päriselt? Noh oleksin öelda, et ma ei ole kõik ülletanud.

< I knew you'd come up with something.
> Ma teatsin sa tulid ette midagi.

< Yes, you see I realized that the only person making my Cheese Festival experiences so bad, was well...me.
> Jah, sa näed et ma olen arvanud ainult inimene teeb mu Juustu Festivali lõbus on nii paha, see oli...mina.

< So I decided...
> Siis ma mõtlesin...

< Hey Phoebe.
> Hei Phoebe.

< ...Helga...
> ...Helga...

< Geraldo, really, I need her for like another minute and then you can go be cutesy far...faaaar away from me.
> Geraldo, päriselt, mul on vaja teda nagu üks minut ja siis sa võid nunnu kaug...kaugel eemale minust.

< Man, I don't know how you two can put up with her...
> Mees, ma ei tea kuidas sina paned kaks ülesse koos teda...

< Pardon? Who else are you talking about Gerald?
> Kuidas palun? Kes muidu sa räägid Gerald?

< Arnold's been talking about Miss Helga G. Pataki all day!
> Arnold räägib proua Helga G. Pataki iga päev!

< Excuse me?
> Vabandage mind?

< Arnold?!
> Arnold?!

< Yeah, so what's going on?
> Jah, nii mis toimub?

< Going on? Nothing's going on...why would you think anything's going on?!
> Toimub? Ei toimu midagi...mis sa arvad midagi toimub?!

< Damn girl, take a breath...I meant with you two.
> Taevas tüdruku, hinga ülesse...ma mõtlen te kahekesi.

< Yeah, I should probably take it easy...wouldn't want to pass out from gossip.
> Jah, ma pean võtma hooku lihtsa...ei taha lähta alla rääkimist.

< Well we were just heading home and...
> Noh me lihtsalt läheme koju ja...

< I stare Phoebe down and pray she can read my mind.
> Vaatan Phoebe alla ja paluks ta saab loeda.

< Ask him about Arnold so I don't have to Phoebe!!
> Küsi teda Arnold asja, siis ei pea olema Phoebe!!

< Then it wouldn't be gossip, it would be cold, hard facts.
> Siis ei oleks loedav, see võib külm, raske faktsioonid.

< Kind of...sort of...
> Kena...sellist...

< No wait, why is Arnold talking about Helga? Is it bad?
> Oota ei, miks Arnold rääkib Helga asja? Kas on paha?

< I knew she was my best friend for a reason.
> Ma teatsin ta oli mu parim sõber põhjusele.

< Are you kidding?
> Kas sa teed nalja?

< Non-stop he's been goin' on about you, seriously...
> Ei lõpmatu läheb sinut asja, mõtlen päriselt...

< He thinks you guys had a really great talk at lunch or...something!
> Ta arvab te räägite hästi lõunal või...midagi!

< What are you doing to him?
> Mida sa teed tedasse?

< What the hell's that supposed to mean?
> Mis asja sa mõtled?

< Nothing, nothing...just wondering what got you on his mind is all...
> Ei midagi, ei midagi...lihtsalt muretsen mis võttis su kätte kõik...

< How am I supposed to know why the Football Head's thinking about me?
> Kuidas peaksin teadma, et miks Jalgpall Pea arvab minust?

< I feel like my head's swimming...~
> Ma tunnen nagu mu pea ujub...~

< Arnold was thinking about me? Talking about me?
> Arnold mõtleb mulle asja? Räägib minust?

< Maybe this was going to be easier than I thought.
> Võib olla see läheb lihtsam kui ma arvansingi.

< Hmm...
> Hmm...

< What is it?
> Mis on?

< Arnold talking about Helga, and saying good things too?...
> Arnold räägib Helga eest ja ütleb hea tingimused ka?...

< He was teasing me now, I could hear it in his voice...
> Ta itsitab mind nüüd, ma kuulen tema häälel...

< Never thought I'd see the day.
> Miite kunagi arvasin näen päev.

< He said it with a rather earnest smile.
> Ta ütles seda, et koos auhind rõõm.

< Gerald, you say that as if you were expecting it to happen, rather than being surprised by it...
> Gerald, sa ütlesid seda ehk kui muidugi läheb juhtuma kuna oleks üllatanud...

< Yeah...I guess I always assumed you two would get together at some point.
> Jah...ma arvan vist olen alati saada teie kaks koos mõne punkti.

< What!?
> Mida!?

< I dunno man...
> Ma ei tea mees...

< He laughed suddenly...
> Ta naeras...

< You two fight so much though...
> Te kaks kaklete nii palju...

< Haha, you'd probably have some seriously hot, angry...
> Haha, sa võid olemas mõne kuum, kurja...

< Please don't finish that sentence, please don't finish that sentence!
> Palun ära lõpeta lause, palun ära lõpeta lause!

< Enough!
> Aitab!

< I was sure my head was about to explode.
> Ma olin kindel mu pea läheb plahvatama.

< Lucky Phoebe came to the rescue...
> Õnneks Phoebe tuli päästma...

< I always thought so too...
> Ma arvasin alati ka siis...

< Phoebe!
> Phoebe!

< Ehehehe....sorry, Helga.
> Ehehehe....vabandust, Helga.

< I knew it!
> Ma teatsinki!

< Ugh, I can't even...
> Ah, ma ei saa...

< It's amazing how fast one conversation can make you tired...
> See on väga vahvat kuidas üks kiir jutt võib väsitada sind...

< You know what Pheebs, text me later...I just remembered I gotta go do something!
> Sa tead mida Pheeb, saada sõnum hiljem...ma lihtsalt mäletan ma pean midagi tegema!

< Like sleep...for a year...and a half.
> Näiteks magada...aastal...ja pool.

< Oh! Well okay Helga...
> Oi! Noh olgu Helga...

< I'll see you later...
> Ma näen sind hiljem...

< After a much needed nap...
> Pärast palju magamist vaja...

< I get up from bed, grab my diary, and begin to write in poems, draw random doodles.
> Tõusen üles voodist, võtan mu päevik ja hakkan kirjuta poomid, joonistan mingit doodlid.

< And just as the sun was beginning to set over the city....
> Ja lihtsalt päike oli algusel üle linna...

< I find myself looking away from my work, out the window.
> Ma leian oma ise vaatan eemale mu tööst, välja akna.

< My mind, as always finds Arnold...wondering what my love could be doing right at this moment...
> Mu tunne leiab alati Arnold...mõtlen mida mu armas teeb õigesti hetkel...

< I look over my mess of notes and drawings, then outside, back and forth...
> Ma vaatan läbi mu sodi märkmikud ja joonistus, siis väljas, taga ja neljanda...

< Slowly I get up from my bed and leave my room, barely a word to Big Bob and Miriam as I slam the front door behind me.
> Tõusen üles aeglaselt voodist ja lahkun toas, sõnadesse Suur Bob ja Miriam ega ma löön eest uks minust tagant.

< Passing the Festival grounds once again, almost like an omen or something...
> Lasen Festivali põrandad jälle, peaaegu nagu hoiatus või midagi...

< I arrive at City Park and walk towards my tree.
> Ma sain kohale Linna Park ja jaluta otse mu puut.

< Yes, it was my tree...I took claim of it years ago even if nobody knew it...
> Jah, see oli mu puu...ma võtsin aastat tagasi isegi kui keegi ei teadnudki...

< I had carved dozen of things in its bark and yet somehow found an excuse to chisel it away afterwards.
> Mul on olemas palju kujundus tingimused haugumine ja kuidas leidsin torkada puid pärast poole.

< I was always, even at this very moment, so terribly frightened of my love for...
> Ma olin alati isegi vaatan väga hetk, nii kohutav kardnud mu armastusele...

< I keep running into you today Helga!
> Ma ikka jooksin sulle täna Helga!

< Granted this time it isn't literal...
> Said sisse korral kui see pole sõna...

< Arnold!..
> Arnold!..

< Seriously Football Head...a little warning!
> Päriselt Jalgpall Pea...väike hoiatus!

< Heh, sorry...
> Ah, palun vabandust...

< Yeah, sure...sure, whatever.
> Jah, muidugi...muidugi, mida iganes.

< ...Anyway...
> ...Igatahes...

< I heard a funny rumor about you today, Arnoldo...
> Ma kuulsin naljakat kuulujuttu sinu asja täna, Arnoldo...

< A rumor?
> Kuulujutt?

< Yeah, some tall-haired birdie said you've been talking about me~
> Jah, mõned pikk karv juuks linnuke ütlesid sa räägid mulle asja~

< I let that trail off a little more giddily than necessary.
> Ma lasen rada välja natuke väike narrida nagu on.

< Huh?
> Ah?

< Yep...so you think we had a nice chat after lunch, huh?
> Jep...sa arvad meil on hea jutt pärast lõuna, eks?

< Come on, spit it out.
> Tule juba, ütle.

< Use your big boy words.
> Kasuta sõnad, suur poiss.

< Well, yeah Helga, I did say that and I meant it too.
> Noh, jah Helga, ma ütlesin seda ja ma mõtlesin ka.

< The point of me bringing this up was to make him all flustered for once...
> Selle punkti tõid mulle teha teda kõik ärritanud...

< And yet somehow he manages to turn the tables back on me!
> Ja isegi kuidagi ta sai pöörada laua mulle tagant!

< I've always known that you were a nice girl Helga...
> Ma olenki alati teadnud, et sa oled tore tüdruk Helga...

< I'm just kinda happy you're finally showing me.
> Ma olen rõõmus sa näitad mind.

< I like you like that.
> Mul meeldib sind nagu seda.

< Really?
> Päriselt?

< Yeah...
> Jah...

< I sorta don't know what to say...
> Ma ei tea mida öelda...

< Well that's different.
> Noh see on eriline.

< Hey, watch it!
> Kuule, vaata hoolega!

< I'm sorry, it's not everyday I get to be the one who does the teasing...
> Vabandust, see pole iga päev nagu oleks üks teeb narritamist...

< Well don't go thinking I'm ever gonna give you a chance to do it again!
> Noh ära mõtle uuesti, ma annan sulle üks võimalus jälle teha!

< Alright, alright I'll keep that in mind...
> Hea küll, hea küll ma jätan selle meelde...

< Arnold looks down at the grass and kicks something visible to him.
> Arnold vaatab alla murut ja löö midagi nähtavu tedale.

< So...
> Nii...

< So?
> Nii?

< Can I walk ya home or something?
> Kas ma jalutan su koju või midagi?

< Or something...
> Või midagi...

< Nothing, Arnoldo...just teasing you.
> Ei midagi, Arnoldo...lihtsalt narritan sind.

< Restoring the world to its natural order.
> Taastamine maailma värske tellimus sellist.

< I didn't realize joking on you was such a big deal.
> Ma ei ole teadnud sa teed nalja on nii suur soodlane.

< The world could have ended and it would've been all your fault.
> Maailm võib olla lõpetanud ja võib olla see on kõik sinu süü.

< That's how serious it was.
> See on kuidas päris oli.

< Okay Helga, whatever you say.
> Hea küll Helga, mida iganes sa ütled.

< ...........
> ...........

< ...............
> ...............

< I couldn't believe he was walking me home!
> Ma ei uskunud ta jalutab koju minuga!

< I mean...yeah, yeah, he's done it before...
> Ma mõtlen...jah, jah, ta on tehtud enne...

< But for some reason, now it felt special.
> Aga mõne põhjused, nüüd tundsin eriline.

< Uh....before you go inside...
> Eh....enne kui sa lähed sisse...

< Arnold reaches out for my shoulder to hold me back a minute.
> Arnold võttis mu õlalt hoida mulle tagasi minuti.

< About earlier...
> Selle varem asja...

< Huh? Earlier when?
> Ah? Varem millal?

< Is it something good at least?
> Kas on midagi head vist?

< What is?
> Mis on?

< He stares at me shyly for a moment, as if I'm to read his mind.
> Ta vaatab mind häbi hetkel, ma loen teda.

< What is? I'm not a mind reader...
> Mis on? Ma ei ole lugeja...

< Why...
> Miks...

< Why I'm...different...right?
> Miks ma olen...eriline...eks ju?

< I just wanted to know...
> Ma tahtsin lihtsalt teada...

< Is it, that, you can't tell me cause it's good, and you want to surprise me or...?
> On see nii, sa ei tea mulle on nii hea ja sa tahad üllatada mind või...?

< Or... Is it bad? And you're just waiting for the right moment to break the news?
> Või... see on paha? Ja sa ootad hea hetkel lõhkuda uudised?

< I'm guessing it's something like that...
> Ma mõtlen see on midagi nagu selline...

< I bite at my lip nervously.
> Ma tegin hampsu mu keele kartlik.

< I couldn't tell him the answer to that question depended solely on his reaction.
> Ma ei saa ütleda vastuse teda seda küsimus sorteeriski teda reaktsioon.

< That's a good question.
> See on hea küsimus.

< You don't know?
> Sa ei tea kes?

< Not really...
> Mitte päris...

< Just...
> Lihtsalt...

< Trust me, okay?
> Usalda mind, olgu?

< Yeah, I think I can...
> Jah, ma arvan saan...

< Good!
> Hästi!

< Well...I'm heading in.
> Noh...lähen kohe sisse.

< Okay...
> Olgu...

< I'll be seeing ya.
> Ma näen siis.

< Guess so...
> Mõtled nii...

< ~~sigh~~ Maybe this won't be so hard after all!
> ~~oeh~~ Võib olla see ei olnud nii raske pärast kõik!

< Did you say something Helga?
> Kas sa ütlesid midagi, Helga?

< Nothing Football Head, just keep walking...
> Ei midagi Jalgpall Pea, lihtsalt mine jaluta edasi...

< As soon as I make my way back to my room I pull out my little pink book again...
> Nii ongi lähen minu poole tagasi tuppa, ma tõmban mu väike roosa raamat välja jälle...

< And begin to recount my day with Arnold, filling the pages with thoughts and poems for him.
> Ja hakkasin uuesti arvutama mu päev koos Arnold, sisestan paperid minu mõtlemise ja poomid tedale.

< All for my beloved Arnold.
> Kõik mu armastus Arnold.

< I write and write and write...
> Ma kirjutan...kirjutan ja kirjutan...

< Then slowly...I fall asleep.
> Siis aeglaselt...ma kukkusin pikali.

< So what brings you out here Arnold?
> Nii mis toob sind välja seal Arnold?

< Just taking a walk, I guess
> Lihtsalt võtan jalatuse, vist

< You guess? You mean you don't know?
> Sa tead mis? Sa mõtled sa ei tea?

< Very funny Helga...
> Väga nali Helga...

< I know...I'm a barrel of laughs.
> Ma tean...ma olen korv naeramised.

< You know you've kind of been hot and cold with me all day, any reason?
> Sa tead sa oled kena koos kuum ja külm minuga iga päeval, midagi põhjus?

< I'm imbalanced? I don't know...
> Olen kasvatanud? Ei tea...

< I don't think that's the case, but I won't try to pry.
> Ma ei arva see on juhuks, aga ma ei proovi teha.

< Arnold Shortman, not trying to butt into other people's business?
> Arnold Shortman, mitte proovida pepusse teistesse äri inimese?

< You must be fighting every urge not to.
> Sa pead lööma iga jura mitte saada.

< He didn't say anything...just made a face like I hit the target perfectly...
> Ta ei ütlenud midagi...lihtsalt tegin nagu nägu sain pihta suurepärase...

< Haha! I must know you better than you think I do!
> Haha! Ma pidin meelde sa oled parem kui mina arvasin!

< Seems like it...
> Olekski nagu...

< Ugh, always taking me by surprise...always!
> Ah, alati võtab mulle üllatuse...alati!

< It's just, right when I think you're gonna break down that wall for me...
> See on lihtsalt õigus kui ma arvan sa hakkad lõhkuma alla see seina mulle...

< You somehow put it right back up again...
> Sa kuidagi paned varunda uuesti jälle...

< What wall...? This is all me here Football Head.
> Mis seina...? See on kõik mina siin Jalgpall Pea.

< That's an awful, awful lie.
> See on kahju, kahju valetamine.

< No, I don't think so.
> Ei, ma ei arva nii.

< You're hiding yourself, I know it.
> Sa peidad su ennast, ma tean.

< Yeah, right I'm hiding myself...
> Jah, selge peidan oma ennast...

< Criminy! Are you kidding?
> Kriimini! Kas sa teed nalja?

< Okay Helga, like I said, I won't press your buttons.
> Olgu Helga, nagu ma ütlesin ma ei vajuta su nuppeid.

< He turns away from me, and then causally looks over his shoulder to say...
> Ta pööras välja minut ja siis vaatab oma selg, et öelda...

< I'll see ya tomorrow, okay?
> Ma näen sind homme, ok?

< Well...
> Noh...

< I woke up earlier than I had wanted to this morning...
> Ma ärkasin vara üles nagu ma tahtsin seda hommikus...

< But it was weird, I was actually feeling pretty good.
> Aga see oli imelik, ma vist tunnen väga hea.

< Okay, that was only half true.
> Olgu, see oli pool tõsi ainult.

< While my brain was all warm and fuzzy inside...
> Ehk mu peasüsteem on soojem ja külmem sees...

< My body didn't want to move...
> Mu keha ei tahtnud liigutada...

< I know if I fall back to sleep I'm going to be late for class...
> Ma tean kui ma lähen pikali, siis ma jään klassi hiljaks...

< So I should probably...
> Siis, äkki ma vist teen...

< And I felt terrible.
> Ja tundsin kohutav.

< I was tired and drained from my efforts the day before.
> Ma olin väsinud ja uppunud minu effektid päeval enne.

< I knew I couldn't give up though...
> Ma teatsin ei andnud alla...

< My future love life was at stake here...
> Minu tulevik armas elu on siin...

< Thing was, I barely wanted to move, let alone get up for school...
> See tingimus oli tahan liigutada, lase üksi tõusta üles koolidele...

< I should probably...
> Äkki ma vist teen...

< Damn...
> Pagan...

< I ended up sleeping a lot later than I planned.
> Ma lõpetasin magamist palju hiljem kuna ma plaanisin.

< It's past noon already...
> See on vara öö juba...

< Not to mention I'm starving to death...
> Mitte arvatada mul näljab surmadesse...

< Will Miriam ever remember that not everyone lives on her special smoothies?
> Kas Miriam jätab meelde, et mitte kõigile elab teda soodus kokteilid?

< I mumble this to myself as I rush towards the high school.
> Ma mõmisen seda oma ennast, lähen ruttu kõrge kooli.

< Her fruit juice and ice mixed with those special ingredients she thinks I don't know she sneaks in...
> Teda puuvili mahl ja jää küpsetatud koos eri retsepti ta arvab ei tea ta piilub sisse...

< Forget her, I had better things to worry about.
> Unusta teda, mul on parem tingimused muretseda seda.

< The real bummer was that I missed the chance at having another lunch with Arnold.
> Kõige päris tõsi oli ma jätnud otsus vahele olla koos Arnold teine lõunasööki.

< For some reason sleeping in was starting to feel like a mistake.
> Mõne põhjus magamine alustas tundmist, et ma olen ise teinud valesti.

< When I turn the corner I catch the sight of a new store that just opened up...
> Kui ma pööran nurka, ma püüan uus pood avati ülesse...

< Big Rick Black's Record Shack? When did this...
> Suur Rick Musta Rekord Snakk? Kuidas see sai...

< ...?
> ...?

< Is that...?
> Kas see on...?

< No way...
> Oh sa...

< That person looks awfully familiar...
> See inimene näeb imelik perelik...

< I need to double check this.
> Ma pean kontrollima ülesse.

< Without another thought I walk right up to the glass and peer inside the window.
> Ilma teise mõtlemine, ma jalutan aknasse ja piilun akna sees.

< Ah!
> Ah!

< I can hear is somewhat muffled exclaimation from outside the store.
> Ma kuulen mida kuidagi mõmmiseb väljas poest.

< Opps, I guess I surprised him...
> Ups, vist ma üllatasin teda...

< He places the record he was holding back in its place and comes outside to meet me.
> Ta kohtab rekordi nagu ma hoian tagasi sel kohas ja tuleb kohtuma mind väljas.

< Helga? What are you doing here?
> Helga? Mida sa teed seal siin?

< I could ask the same of you, couldn't I Football Head?
> Ma võiksin küsida sind, kas pole Jalgpall Pea?

< Uh...well, yeah but I do have a reason.
> Noh...jah, aga muidugi vajas põhjus.

< Oh, I didn't know someone needed a reason to skip school...
> Oi, ma ei teadnud kellegi vaja põhjus jätta vahele kooli...

< I give him a somewhat devilish smile to acompany my teasing.
> Ma annan teda kuidas mida rõõmsad, et tutvustada mu narridamine.

< Heh...no, you see...Record Store Day was last week...
> Ah...ei sa tead...Rekord Pood Päev oli eelmisel nädal...

< And a favorite artist of mine came out with a re-release of one of his albums.
> Ja lemmik kunstja tuli mulle välja koos uuesti avaldaus üheldes teda albumid.

< He glances back in the store, as if it would clarify his story for him.
> Ta tuli tagasi poes kui ehk saab rääkida tema lugu tedale.

< So when I saw Big Rick's on my way to school I stopped and looked in...
> Nii kui nägin Big Ricki mu poole koolidesse ma peatusin ja vaatasin...

< They do have it, but I didn't have enough cash for it.
> Nemad on olemas, aga mul ei ole raha palju.

< So, I ended up kind of browsing around...
> Siis, ma lõpetasin kena surfeerimise igalpoolt...

< Lost track of the time...
> Kaotsin kohta kord...

< And, uh, well, here we are.
> Ja, noh, noojah, siin me olemegi.

< Wow...cool story.
> Vau...lahe lugu.

< I give him a deliberately slow clap.
> Ma anna teda aeglane klapsu.

< Could you tell me again? Maybe make it longer?
> Saaksid uuesti öelda mulle? Võib olla teeb kauem?

< Well, I know...
> Noh, ma tean...

< But it's the truth so...
> Aga see on tösi, siis...

< The truth? Why yes, yes it was. Interesting? That it was not.
> Tõsi? Miks mitte jah, see ongi. Huvitav? See polnud.

< He doesn't seem too interested in me now...
> Ta ei näe liiga huvita minust nüüd...

< I have to change that.
> Ma pean vahetama seda.

< But no, no, really Arnold, I had no idea you were such a delinquent.
> Aga ei, ei, päriselt Arnold, mul ei ole idee sa oled reeglane.

< Losing track of the time, skipping school...
> Kaotsin kohta kord, jätan kooli vahele...

< Gonna start slumming it with the bad kids?
> Hakkad alustama koos paha lapsed?

< Wanna a cigarette?! I think I brought a pack with me...
> Tahad suitsu?! Ma arvan tõin pakki...

< I pat my pockets in my feign attempt to get him to laugh.
> Ma patsutasin mu taskud esiproov saada teda naeratuse.

< Oh yeah, totally...
> Ah jah, totaalne...

< He rolls his eyes at me.
> Ta teeb oma silmad ringi mulle.

< So what's your excuse?
> Noh, mis su tervist?

< I'm lazy.
> Ma olen segamatu.

< Simple, easy, to the point. And truthful.
> Tark, lihtle punktisse. Ja tõsiselt.

< My love, that is how it is done.
> Mu armas, see ongi kuidas valmis.

< ..............~sigh~
> ..............~oeh~

< Right...so, you heading to school?
> Selge...nii, sa lähed kooli?

< He pulls his phone out of his pocket to check the time.
> Ta tõmbas oma telefonis väljas taskust, et kontrollida kella.

< If we leave now we could probably make the last three periods or so.
> Kui me lahkume kohe, äkki me saame teha viimase kolme tunnid või nii.

< I look past him, towards the direction where the school sat waiting for us.
> Ma vaatan vara teda, kus suunda istusime koolis ja ootasime istumist meid.

< Hmm...I'm not sure yet.
> Hmm...ma pole vist kindel.

< I know if I go to school with Arnold now we'd be doing the "right thing"...
> Ma tean, et kui ma lähen kooli koos Arnold, me teeme midagi "hea tingimus"...

< And I know he's all about the "right thing".
> Ja ma tean ta on kõik sellest "hea tingimus".

< But a part of me wanted keep him out here...alone...
> Aga minust tahan hoida teda eemale siin...üksi...

< With just me there'd be nobody to bother us...
> Koos lihtsalt minuga, seal ei ole midagi pabiseda...

< I tried to ignore the perky, farm girl face that wormed its way into my head.
> Ma proovisin ignoneerida, talu tüdruk nägu vormib mu peasse.

< But seeing Arnold do something bad, even if it was only cutting class, was kind of a turn on.
> Aga näen Arnold teeb midagi pahad, isegi kui ta jätab klassi vahele ainult on kena kordselt.

< So I guess I'm going to...
> Siis ma lähen sinna...

< I have to get him to cut class, to hang out and be with me.
> Ma pean kätte saama jätta klassi, et nautida ja olla minuga.

< You know, we could have a lot of fun...
> Sa tead, me võime olla palju lõbus...

< If we just decided not to go, Arnoldo.
> Kui me otsustasime mitte, Arnoldo.

< He looks a little nervous when I bring this up to him.
> Ta näeb natuke kartlik kui ma toon teda ülesse.

< Just not show up?
> Lihtsalt mitte näitada?

< I nod my head.
> Ma noogutasin mu pea.

< I dunno, I haven't had very good experiences with ditching school.
> Ei tea, mul ei olnud väga hea olu asja kooli vahele jätmist.

< I think I remember him and Gerald reminiscing on this story once...
> Ma arvan ma mäletan teda ja Gerald jutustab sel lugu korral...

< I decide to bring it up, to prove I pay attention to him.
> Mõtlesin tooda ülesse, et tõesti tahan teda kuulda.

< Trust me, it's not Carnival Day.
> Usu mind, see pole tsirkuspäev.

< Haha, very funny...but still...
> Haha, väga naljkas, aga ikkagi...

< I only missed the morning classes by mistake.
> Ma olen ainult jätnud hommiku klassid valesti teost.

< Arnold...
> Arnold...

< Look, the only reason you had such a crappy time was because you weren't with me.
> Vaata, ainult põhjus on sul on loll aega, sellepärast sa ei olnud minuga.

< Oh? Is that the reason?
> Oi? Kas see on põhjus?

< Yup! Didn't you know? Common knowledge, just ask Phoebe.
> Jah! Sa ei teadnud? Väga hea, küsi Phoebe käest.

< Since you'll be skipping with me, you're bound to have a good time.
> Alates sa jätsid vahele minuga, sul on väga hea aeg ajal.

< Hahaha~
> Hahaha~

< Well, okay...but what are we going to do?
> Noh, okei...aga mida me teeme?

< That's the fun of doing something wrong, Arnoldo...
> See on lõbus teha midagi valesti, Arnoldo...

< The surprise of what's going to happen next!
> Üllatus näitab mis toimub järgmisel!

< He stares out into space for a moment.
> Vaatab välja kosmosse hetkel.

< I can tell he's thinking on something.
> Ma saan öelda ta mõtleb midagi.

< I have a funny feeling I'm going to regret this...
> Mul tunneb nali välja, äkki ma loobun seda...

< But okay...
> Aga okei...

< Holy crap, did I actually do it?
> Ohsa pagan, kas ma tegin seda?

< Unless you changed your mind?
> Kuna sa vahetasid su otsus?

< No!
> Ei!

< Relax...relax...
> Rahy..rahu...

< ....
> ....

< No, of course not Football Head...
> Ei, muidugi mitte Jalgpeall Pea...

< It was my idea after all...
> See oli mu idee pärast kõik...

< Turning you over to the dark side.
> Pööran sind läbi pimeda poole.

< Going to taint me?
> Hakkad jaurama mind?

< Hah.
> Hah.

< That sounds dirty...
> Kõlab muld...

< Jeez, shut up.
> Jees, jää vait.

< I laugh.
> Ma naersin.

< Well, let's get a move on Shortman...
> Noh, hakkame siis liiguma Shortman...

< We're burning daylight just standing around here.
> Me põletama päeva tuli lihtsalt seisame kusagil siin.

< Okay Helga, I'm right behind you.
> Hea küll Helga, ma olen paremal sind tagant.

< We basically end up kind of wandering around Hillwood...
> Me lihtsalt lõpetamise kenat aurumisel Hillwoodis...

< Inwardly, I was just happy we were together.
> Õnnelik, ma olin lihtsalt rõõmus oleme paaris.

< Despite the semi-awkward small talk about nothing in particular.
> Rääkisime natuke juttu sellest asja pole mitte midagi.

< I could tell that neither one of us were having a terrible time...
> Ma võin seda öelda kellegi üks läheb kohutav aega...

< And that means so much to me.
> Ja see annab mulle palju väga.

< But when we reached City Park, my brain felt fried
> Kui jõudsime Linna Parki, mu peasüsteem tundis küpsetatud

< I couldn't come up with anything other than wandering around!
> Ma ei saanud midagi mõteid üles muud kui kusagil plära!

< Criminy!
> Kriimini!

< I'm usually more creative than this Arnold, I swear.
> Ma olen üsna rohkem looline kuna see Arnold, aussõna.

< Oh yeah?
> Ah jah?

< ...Huh?
> ...Ah?

< Like how?
> Nagu kuidas?

< Like how what? What are you talking about?
> Nagu kuidas mida? Mida sa räägid asja?

< He's confusing me...
> Ta ei saanud aru...

< You said you were creative? Were you saying just to say so...
> Sa ütlesid sa oled looline? Oleks sa tahtnud öelda...

< Or do you actually...create things?
> Või kas sa lood tingimused?

< Umm...
> Ehh...

< Heh, I was just talking...
> Heh, ma lihtsalt rääkisin...

< It's-it's...it's nothing.
> See, see pole midagi.

< Well, now I know it's something.
> Noh, ma tean kohe on midagi.

< No...no really it's not.
> Ei...ei see pole päris.

< Oh come on Helga...you can tell me...
> Ah tule juba Helga...sa võid öelda...

< Unless it's another secret.
> Kui on teine saladus.

< Um, not exactly...
> Eh, mitte päris moodi...

< Okay, then what?
> Okei, siis mida?

< *mumble* *mumble* write *mumble*
> *mõmisen* *mõmisen* kirjuta *mõmisen*

< What did you say? I didn't get a word of that.
> Mis sa ütlesid? Ma ei saanud aru sõnast.

< I said I write.
> Ma ütlesin ma kirjutan.

< I am a writer.
> Ma olen kirjutaja.

< That's the first time I said that aloud to anyone before...
> See on esimene kord ütlesin kõva hääle kellegisse enne...

< Wow, really?
> Vau, kindel?

< Yes, really...why would I lie about that?
> Jah, kindel...miks ma valetan asja?

< Sorry, I'm just a little surprised.
> Vabandust, ma olen natuke üllatanud.

< Why? Don't I look like I can write?
> Miks? Kas sa ei näe, et ma oskan kirjutada?

< That's not it...
> See ei ole...

< I'm more surprised you actually told me...
> Ma olen rohkem üllatanud sa ütlesid mulle...

< ...What?
> ...Mida?

< I never knew you were so secretive.
> Ma kunagi ei teanud sa oled salajane.

< ...Yeah, I'm a regular Fort Knox.
> ...Jah, ma olen regulaarne Fort Knox.

< Arnold stares down at his hands for a moment, then quickly looks back up at me.
> Arnold vaatab alla mu käed hetkel, siis kiiresti vaatab mulle varundada ülest.

< Are you gonna let me read some?
> Kas sa lased mulle natuke loeda?

< What?!
> Mida?!

< Come on! You can't tell me you're a writer and then not show me anything.
> Tule juba! Sa ei saa öelda mind sa oled kirjutaja ja siis sa ei näita mulle midagi.

< Yes, actually I can.
> Jah, oskan teha.

< In fact, it's what I plan on doing.
> Faktsioonis, see mis ma plaanisin.

< ...Seriously?
> ...Päriselt?

< He looks so disappointed.
> Ta näeb nii pettunud.

< Damn it.
> Pagan.

< ...Grrrr....
> ...Grrrr....

< Fine, fine one day I'll show you something, okay?
> Olgu, olgu üks päev ma näitan sulle midagi, okei?

< Now stop looking so pathetic, Football Head, really.
> Nüüd lõpeta ära vaatad jura, Jalgpall Pea, päriselt.

< Another thing I have to wait for, huh?
> Teise tingimus ma pean ootama, ah?

< Such is what it takes being friends with me...
> Võib võtta aega olla sõbrad koos mina...

< Patience.
> Rahulik.

< Well, I've waited a long time to finally be your friend, Helga...
> Noh, ma väga kaua ootasin lõpuks saada sinu sõber, Helga...

< I don't mind.
> Mul ei meel.

< I don't know why...but him saying that makes me so happy...
> Ma ei tea miks...aga teda ütles see teeb mulle rõõmsaks...

< I almost let out a sigh!
> Ma peaaegu lasin ohkada välja!

< So, what now? Lunch?
> Nii, mis nüüd? Lõuna?

< Yeah, I could go for some grub.
> Jah, ma võin minna võtma mõned.

< Great, my treat?
> Tore, mu ravi?

< No way, I can't do that...
> Ei saa, ma ei saa teha...

< Why not?
> Miks mitte?

< Well, you gotta save up for that record you wanted so much...
> Noh, sa pead säästma selle rekordi sa tahtsid nii palju...

< So...no.
> Siis...ei.

< Come on...that record's gonna be there next week...
> Tule juba...selle rekordi tuleb järgmise nädala...

< But how many chances does a guy have to treat Helga G. Pataki?
> Aga kui palju otsused, et mees peab ravima Helga G. Pataki?

< Good point...
> Hea punkt...

< But that's completely up to you, Arnold.
> Aga see on sinu otsus lõplikult, Arnold.

< Great.
> Tore.

< It's on me then.
> See on mina siis.

< So let's go.
> Nii läksime.

< Sounds good!
> Kõlab hea!

< Awesome...now the question is where to go...
> Lahe...nüüd küsimus on kus minna...

< Any where with food.
> Midagi kus on toiduga.

< Well gee, that narrows it down Helga.
> Noh gee, see näitabki alla Helga.

< You're so fun to mess with Arnoldo!
> Sul on nii lõbus sassi teha koos Arnoldo!

< Come on, let's get some burgers.
> Tule jubam, võtame mõne burgerid.

< When I arrive home I call Phoebe on her cell.
> Kui ma jõudsin koju, helistan Phoebe teda kõnes.

< I needed to see her, A.S.A.P....
> Mul vajaks näha teda, A.S.A.P....

< When school finally let out, Arnold and I went our separate ways.
> Kui kool sai läbi, Arnold ja mina läksime meie pool teet.

< And I got in touch with Phoebe, telling her I needed to see her A.S.A.P
> Ja sain rääkida Phoebe, ütlen teda mul vajaks näha teda, A.S.A.P

< Knowing her, I wouldn't have to wait too long.
> Tean teda, ei pea kaua ootama.

< There you are Phoebe...
> Seal sa oledki Phoebe...

< Take a seat...I've got some news.
> Võtke istet...ma sain mõned uudised.

< I then proceed to explain everything that had happened the last day and a half...
> Siis ma jätkasin seletada kõik see juhtus eelmise päeval ja pool...

< Explain how I was seriously ready to tell Arnold my feelings...
> Seletada kuidas ma olen tõsiselt valmis öelda Arnold mu tunnuseid...

< So long as he kinda, sorta made the first move.
> Nii kaua oleks kena, tehti üks liigutus.

< So how do you think I'm doing Pheebs? Any advice?
> Noh, mis sa arvad, et teen Pheeb? On midagi head?

< I think you should keep doing what you're doing Helga...
> Ma arvan sa pead ikka teema edasi mida teed Helga...

< It sounds as if everything is going your way!
> See kõlab kui kõik on su pooletee!

< I thought so too...
> Arvasin vist ka...

< But, I spent pretty much the whole day with him...
> Aga, ma nautisin palju aega terve päeva tedaga...

< And he didn't say a word about that stupid Festival!
> Ja ta ei ütlenud sõna asja lollakas Festivali sellest!

< What could I be doing wrong?
> Mida ma oleksin valesti teinud?

< Probably nothing...remember he said he didn't have very good luck at the fairs?
> Vist mitte midagi...mäletad ta ütles ta ei olnud väga edu õnne?

< Well yeah, but that's cause I was sabotaging him...heh.
> Noh jah, see on üks asi olen saboteerima teda...heh.

< Maybe he thinks something will go bad if he invites you...
> Võib olla ta arvab teeb midagi paha kui ta kutsub sind...

< You think?
> Sa arvad?

< It seems like a logical conclusion to make...
> See võib olla loogiline teha...

< My only suggestion would be...
> Minu ainult väljakutse saada...

< Maybe try to be you more?
> Võib olla proovida nagu sina rohkem?

< With just a pinch of...
> Lihtsalt pisikene...

< Nice?
> Hästi?

< Well thanks Pheebs...
> Noh, äitah Pheeb...

< Glad we had this chat.
> Tore me oli suhtlus.

< Did it actually happen? I don't have to forget it?
> Kas see juhtus midagi? Ma ei pea midagi unustama?

< Haha, yeah this time it did.
> Haha, jah sel kord tegin mina.

< Alright, I'll see you later then!
> Hea küll, siis ma näen sind hiljem!

< I soon find myself in my bedroom, dumping countless old diaries and papers onto the floor.
> Leian ennast minu vooditoas, korjan arvutu vana mähkmeid ja paberid põrandal.

< Digging through the most recents ones, I try to find something decent to show Arnold.
> Kaevan mu kõige viimatised üksused, proovin leida näitada Arnoldisse.

< The question was... Why was I suddenly so determined to do so...?
> Küsimus oli...Miks ma pean tegema seda?

< A part of this excitment to impress him thrills me.
> Selle parti lõbusam sai mulle rõõm teha tedast.

< But the other part though?
> Aga muud parti?

< It scares me to death...
> See kartis mulle surma...

< But what I find most strange...
> Aga mida ma leian kõige imelik...

< Is that, somehow, even though it's only been a few hours... I miss him.
> Kas see, kuidagi, isegi see oli ainult mõned tunnid...ma igatsen teda.

< And not in the way I normally do...I miss being with him, talking with him.
> Ja mitte teen normaalselt...igatsen olla ja rääkida tedaga.

< This feeling, well, it was...new.
> See tunne, noh, see oli...uus.

< But that thought disappears as I find a good one and rip it out.
> Aga see arvatud kadus ehk leian üks head ja ripputada välja.

< Not quite as romantic as some of my other ones...
> Mitte vaikne ehk romaantika mõne muud üksused...

< But we don't want to hit him with the crazy all at once.
> Aga me ei tohi teha pihta teda koos hullu kõik kord.

< Talking aloud to myself again...gotta try to stop doing that.
> Karjun oma ise uuesti...proovin lõppetada ära.

< So with poem in hand I head out the door.
> Koos poomi minu käes, lähen uksesse.

< Just one more quick stop, and it's off to Arnold's...
> Lihtsalt üks veel väike stopp ja on kohal Arnoldil...

< The second I get to the Boarding House I knock hard on the door.
> Teine pean minema pardaleminek kodu, et koputan ukse raske.

< I can't believe I'm doing this...
> Ma ei uskunud teenki seda...

< Yeah?
> Jah?

< I hear his voice call out, but I don't answer, I'm too nervous.
> Ma kuulsin teda häälekõne, aga ma ei vasta, ma olen kartlik.

< And he looks surprised when he opens the door to see me.
> Ja vaatis üllatav kui ta avas uks lahti, et näha mind.

< Oh, hey...
> Oi, hei...

< Long time no see.
> Ei ole nii kaua aega.

< He lets out a rather cute, if not awkward laugh.
> Ta lasi välja nunnuse, kui pole imelik naer.

< Yeah, yeah I know Arnoldo. You're probably getting sick of me...aren't you?
> Jah, jah ma tean Arnoldo. Sa oled saanud haige minust...pole sina?

< To be quite honest...
> Kui päris aus olla...

< I really wanted to know...
> Ma tahan päriselt teada...

< Heh - No, not really.
> Heh - Ei, mitte kindel.

< I wasn't expecting that.
> Ma pole teadnudki.

< But, I try to shake off the shock as I fiddle with his gift behind my back.
> Aga ma proovin raputada teda kingitusi mu tagant tagal.

< Here!
> Siin!

< I hold my present out to him, almost dramatically so.
> Ma hoian kingituse talle, peaaegu dramaatikaline niigi.

< I got ya this...as...as thanks for the food this afternoon.
> Ma sainki seda...ehk..ehk.. äitah selle toidu eest sel lõunal.

< Yeah?...What is...
> Jah?...Mis see on...

< He takes the shopping bag from my hands and peers inside.
> Ta võttis toidukotti minu käest ja piilujad sees.

< Woah! Helga, you didn't need to get me the al...
> Vau! Helga, sa ei pea võtma mind...

< Suddenly, he stops short as he reaches inside and pull out my other, less extravagant, gift.
> Ta peatus väike ehk ta proovib sisse ja tõmbada teise kingituse välja, natuke lisamoodi.

< Wait...what's this?
> Oota...mis see on?

< He quickly looks over the piece of paper, then back up at me.
> Ta vaatis kiiresti üle paberi, siis varundas mulle.

< This is yours isn't it? Your work?
> See on sinu oma, eks? Su töö?

< You're letting me read it?
> Sa lased mind lugeda mind?

< Yeah...well, you know, you looked so pathetic asking for it this afternoon...
> Noh...jah, sa tead, sa näed hale küsid sel lõunal.

< I just couldn't leave you hanging...waiting for me.
> Ma lihtsalt ei saanud lahkuda sind suhtlen...ootan sind.

< So...read it or don't...whatever...stupid Football Head.
> Nii...loe kohe või ei pea...mida iganes...loll Jalgpall Pea.

< I take a few steps away from him, as if that would somehow calm me down.
> Ma võtan astmed eemale talle, kui midagi saab rahuda mind alla.

< Then suddenly, he gives me a questioning smile.
> Siis, ta andis mulle küsimus rõõmsalt.

< Heh, why are you nervous?
> Heh, miks sa oled kartlik?

< Nervous? Shut up! I'm not nervous!
> Kartlik? Jää vait! Ma ei ole kartlik!

< God, that was such a lie.
> Jumal, see oli täiesti valetamine.

< Huh...
> Ah...

< Even he could tell I was lying.
> Isegi ta ütleb ma valetan.

< Okay...if you say so...
> Okei...kui sa ütled nii...

< But I'm gunna read it now...
> Aga ma loen kohe...

< He said it slowly, as if I had forgotten what I had just given him.
> Ta ütles aeglaselt, et ma unustasin mida ma olen andnud teda.

< Fine...
> Olgu...

< The word comes out bitterly as my heart races faster.
> Sõna tuleb välja kuna mu süda hakkas võistlus kiirestama.

< That's why I gave it to you.
> Sellepärast miks ma andsin sulle.

< Doi...
> Doi...

< Okay here it goes..."My..."
> Okei siin see tuleb..."Mu..."

< You're gonna read it aloud?!
> Sa hakkad kõvasti loema?!

< I thought you didn't care either way?
> Ma arvasin sa ei huvita midagi?

< I...I don't!
> E...mitte!

< Then be quiet and let me read...
> Siis ole vaikselt ja lase mind loeda...

< Hey Ar...
> Hei Ar...

< He gives me a subtle glare, a nice way of asking me to shut up, I suppose.
> Ta annab mulle peene pimesta, kena viisi kuidas küsida mulle jää vait arvates.

< {i}My life just swims in darkness, with you my only light.{/i}
> {i}Mu elu lihtsalt ujub pimedas koos sina mu ainult tuli{/i}

< {i}And though you're not aware of this, it matters not...stay in my sight.{/i}
> {i}Ja sa ei karda mitte midagi seda, kui see pole vahet...siis seista{/i}

< {i}Because I am...{/i} Invisible...? Unheard and uncared for...?
> {i}Sellepärast ma olen{/i} Nähtamatu...? Kuulamata ja huvitamata...?

< He might have been looking at me...but I couldn't even face his direction.
> Ta võib olla vaaatab mind...aga ma ei saa teda suunda pöörduda.

< {i}I'll pretend that you do notice me, my love, it's what I wake for...{/i}
> {i}Ma käitun, et sa ei tea mulle, mu armas, see mida ma ärkan...{/i}

< That's it...he finished it.
> Kõik...ta sai valmis.

< ~exhale~ Wow...
> ~üllatus~ Vau...

< Okay! Okay! Give it to me straight!
> Okei! Okei! Anna mulle tagasi!

< ...You think it's weird, don't you?
> ...Sa arvad see on imelik, pole eks?

< No.
> Ei.

< No...?
> Ei...?

< It's beautiful Helga...honestly.
> See on ilus Helga...aussõna.

< I can't believe you wrote this.
> Ma ei uskunud sa kirjutasid seda.

< I'm really impressed.
> Ma olen väga rahuline.

< I felt as if all the air in my lungs had been sucked out.
> Ma tundsin kui mu õhk rõngad on tolmu välja sealt.

< You...
> Sina...

< You really like it Arnold?
> Sul päris meeldib Arnold?

< How much I wanted to tell him it was for him...about him.
> Kuidas ma tahtsin õelda teda, see oli talle...asja teda.

< Yeah... I do.
> Jah... teen.

< C'mere...
> Tule siia...

< He takes hold of my hand and I feel frozen in his touch.
> Ta võtab mu kätt ja hoiab, et tunnen külm teda puudutamis.

< And he leads me up to his bedroom.
> Ja tõusis mulle teda vooditoas.

< I can barely stand as I take in my surroundings.
> Ma saan tõusta ehk võtan kohta.

< One could not even count how many emotions filled me!
> Üks ei suutnud arvutada kui palju emotsioonid andis mulle!

< The fact I was standing here in his room...
> Faktsioonil ma seisin siin teda ruumis.

< Actually being brought in here...I didn't have to sneak in...like I normally did.
> Isegi ma olen toonud siia...ei pea salasti piiluma...nagu ma tegin normaalselt.

< I watch as he places the record on his bed and walks towards his desk.
> Ma vaatan teda paneb rekordi teda voodi ja läheb laua juurde.

< He rummages through the draw and fishes out a push pin.
> Ta joonistab ja kalub välja lükkeit kinnitada.

< And places my poem on his bedroom wall.
> Ja paneb mu poomi talle vooditoa seina.

< There!
> Seal!

< He sounds so accomplished, like he did something incredibly worthwhile..
> Ta näeb väga vahva, nagu ta tegi väga suurepärase midagi..

< Now whenever I need to see something beautiful...I'll know where to look.
> Nüüd on vaja näha midagi ilusamat...ma tean kuidas vaatada.

< Arnold I...
> Arnold ma...

< I...
> Ma...

< All the happiness...everything good I feel...
> Kõik rõõmsad...kõik hea ma tunnen...

< It all boils in the pit in my stomach and churns into paranoia.
> Kõik keedab iste mu kõhus ja krõpistab paranoia.

< I....I can't believe you're gonna put that on your wall...
> Ma...Ma ei uskunud sa paned seda sinu seina...

< It's just a bunch of words on paper! It doesn't mean anything!
> See on lihtsalt mitut sõnad paberi! See pole mida tahes!

< I try to stop myself from running over to his wall and ripping the damn thing to shreds.
> Ma proovin peatuda ise jooksen läbi teda seinasse ja ripputan pagan tingimus väikse säri.

< Why am I doing?
> Miks ma teen?

< What is wrong with me?
> Mis su viga minuga?

< Helga...why are you doing this?
> Helga...miks sa teed seda?

< He just...he doesn't understand.
> Ta lihtsalt...ta ei saa aru.

< Doing what?
> Tee mida?

< He doesn't understand that I can't help it...I'm scared...we're getting close and I'm scared.
> Ta ei saanud aru, et ma ei saanud aitada...ma kardan...me jääme nii lähedal ja ma kardan.

< I can feel that it's getting harder and harder to breathe...
> Ma saan tunda see läheb raskemas ja raskemas ohkada...

< Was this an anxiety attack?
> Kas oli ärevus ründamine?

< Arnold's hand flies to the bridge of his nose, like he was fighting an on coming headache.
> Arnoldi käe lendas sildi teda nohu, nagu ta lööb tuleviku peavalu.

< You just shared a really big part of yourself...
> Sa lihtsalt jagasid päris suur parti sinu endast...

< His eyes find me again, this time, his glare physically hurts.
> Talle silmad leiab mind jälle, see aeg, teda püsikaaliselt haiget.

< You can NOT put up that wall like nothing happened!
> Sa ei TOHI panna ülesse seina nagu pole midagi juhtunud!

< You have nothing to be ashamed of, to be...!
> Sa ei pea olema aurusõna...!

< I stop him before he can utter another word.
> Ma peatusin teda enne ütleb teine sõna veel.

< You just don't get it...
> Sa lihtsalt ei saa aru...

< I feel my hands twist into fists as my voice grows in volume.
> Ma tunnen mu käed väriseb löökidesse kui mu hääl kasvab tugevus.

< I can't help it!
> Ma ei saa aitadaki!

< That-that part of me...
> See-see osa minut...

< It's not something I show people!
> See pole midagi näitan inimesele!

< Why not? You created something beautiful, don't you get that I feel honored?
> Miks mitte? Sa tegiud midagi ilusa, kas sa ei saanud sellest, et tunnen aus?

< I was being ridiculous but my brain just couldn't help that fear of showing someone any part of the real me.
> Ma olin nii pettunud, aga mu peasüsteem ei saanud aitada selle kardus näitab kellegi mu osa on tõsi mina.

< The me that lives off the love of this boy.
> Mina elus välja armastus selle poissi.

< I feel like a part of my soul goes into my poems.
> Tunnen nagu mu hinge osa läheb minu poomidesse.

< And what if someone laughed at me...
> Ja mida kui keegi naerab mulle...

< What if you laughed at me?
> Mida kui sa naerad mulle?

< I couldn't even imagine the humiliation...I don't think I could live with it
> Ma ei saa uppusti humilatsiooni...ma ei arvan saan elada

< ...But I didn't.
> ...Aga ma ei teinud.

< I know...and...
> Ma tean...ja...

< And I appreciate that...
> Ja ma tänan selle eest...

< But you don't understand how hard that was for me Arnold!
> Aga sa ei saa aru kui raske see oli mulle Arnold!

< His voice grows soft, like he was pitying me, pitying my fear.
> Teda hääl kasvas pehme, nagu ta kahjustab mind, kahjustab minu kartlus.

< No one can run away from you if they were never close in the first place...
> Mitte keegi ei saa jooksa sinult kui nemad ei ole lähedal esimese koht...

< That was why I was the way I was...if I kept people at a distance they could never grow disgusted with me...
> See oli miks ma tulin ma...kui jätan inimese vahele nemad ei hakka kasvama vastiku minuga.

< They could never ignore me...
> Nemad ei saa ignoneerida mind...

< They could never overlook me...
> Nemad ei saa vaata läbi mind...

< And being mean...it's how I stay...
> Ja olla tossu...see kuidas ma seisan...

< It's how I stay safe...
> See ongi kuidas seisan turv...

< He stares at me like I'm some type of puzzle or something...
> Vaatis mulle otsa nagu mul on pussle tüüpi või midagi...

< Warm green eyes looking for what?...
> Soe roheline silmad vaatab, et mida?...

< An answer?
> Vastus?

< Do I have an answer?
> Kas mul on vastus?

< Suddenly, his eyes narrow and he steps closer...
> Teda silmad kitsas ja tuleb astme lähedale...

< That's just an excuse!
> See on lihtsalt tervist!

< Closing yourself off, even from people who want to know you?
> Sulgeb endast välja, kui inimene tahab teada sind?

< You're scared!
> Sa oled kartnud!

< You're not saving yourself from any pain, you're only making it worse.
> Sa ei päästa enda ise su mingi valu, sa teed halvem.

< Stop it...
> Lõpeta...

< I can barely even speak....
> Ma saan rääkida...

< You wrote this, Helga! You!
> Sa kirjutasid seda, Helga! Sina!

< He points towards that damn piece of paper as if I have no idea what it is.
> Ta näitas mulle paganat paberi, mul ei ole idee mis see on.

< His voice plays with both amazement and curiosity...
> Tal hääl mängib koos mõlemad lahedad ja väärtuslik...

< How could I laugh?
> Kuidas ma saan naerda?

< Because...
> Sellepärast...

< What was I thinking...
> Mida ma mõtlen...

< I don't have any answer at all.
> Mul ei ole vastus kõik.

< The room was starting to spin; my breathing was getting faster and faster...
> Toas hakkab ringi; minu ohkamine läheb kiiresti ja kiiresti

< God...
> Jumal...

< What are you...?
> Mida kas sina...?

< Why are you always so freakin' nice all the time?
> Miks sa oled alati nii veidrik kena kõik kord?

< I'm not trying to be nice...I'm being honest.
> Ma proovin mitte kena olla.. lihtsalt aus.

< Same difference...
> Sama erinevus...

< No, it's not.
> Ei, see pole.

< Helga for once in your life can't you just see...
> Helga, iga kord su elus ei saa lihtsalt näha...

< I want to know you!
> Ma tahan teada sind!

< His words spiral to my core.
> Tal sõnad läheb tuumisse.

< ...I was wrong.
> ...Ma olin valesti.

< I'm not ready at all.
> Ma ei ole valmis kõik.

< I can't do this.
> Ma ei saa teha seda.

< Look...
> Vaata...

< I need to get out of here.
> Ma pean kaduma siit välja.

< I need to escape.
> Mul on vaja põgeneda.

< Uh, enjoy the record.
> Eh, nautige rekordi.

< I gotta go...
> Ma piddin minema...

< What? No, wait!
> Oota? Ei, oota!

< I turn and nearly sprint out of the house...
> Ma pööran ja läksin kodu välja...

< There was no way I could stand being in that room anymore.
> Seal ei saa olla seista toas kunagi.

< I felt like my walls were breaking a part...and I didn't like it.
> Ma tunnen nagu mu seinad lõhkub osa...ja mul ei meeldinud.

< Though I wanted him to care about me...
> Arvasin tahtsin talle, et huvitada mulle asja...

< I didn't think I was going to be this afraid of the outcome.
> Ma ei teadnud see läheb karda väljatulemust.

< Of the closeness.
> Peaaegu läheduses.

< When I get home I lock myself in my room and pull out one of my pink books.
> Kui ma sain koju, siis ma panin lukku toas ja tõmban välja ühel mu roosi raamatud.

< It was my normal routine...I was trying to fall back into some normalcy but...
> See oli mu normaalne aktiivsus...ma proovisin kukkuda tagasi normaalse aga...

< ...But...
> ...Aga...

< I can't think of anything to write!
> Ma ei saa mõtleda kirjutada midagi!

< Where did this writer's block come from?
> Millal see tuli kirjutaja kuupist tuli?

< I hold my pen to my paper and wait...but nothing.
> Ma hoian pastakes paberisse ja ootan..aga pole midagi.

< I doubt I'm going to sleep very well tonight...
> Ma kahtlen lähen magama väga hea öösel...

< When I get up the next morning I decide it's best if I just push what happened the day before...
> Kui ma tõusen ülesse järgmise hommikul, mul on parem otsus kui ma lükkan mis päev juhtus enne...

< Way, way, way back into my mind.
> Sinna, sinna, sinna tagasi mu mõtlemisse.

< While at the same time deciding it was probably best if I actually attend classes today...
> Kuna sama aeg otsustada, et on parem teha kui oleksin klassi tulnud täna...

< Making an appearance somehow seemed appropriate.
> Teeksin, et olen kohal kuidagi sobiva.

< I'm sure teachers wondered how I did so well...
> Ma olen kindel õpetajad imestavad kuidas tegin hästi...

< When I kinda skipped frequently.
> Kui ma jätsin vahele.

< I got up out of bed and went through my normal morning routine.
> Ma läksin voodist välja ja läksin minu normaalne hommik pööre.

< As boring as that was...
> Igav, see oli...

< And as I went downstairs for breakfast and was not surprised to find there was none.
> Ja ma läksin treppist alla hommikusööki ja ei olnud üllatada, et leida mitte midagi.

< Why do I even bother looking?
> Miks ma vaatan endast?

< So as I left the house...
> Siis ma läksin kodust ära...

< Per usual...
> Iga kasulik...

< There was Phoebe.
> See oli Phoebe.

< The look on her face was ever curious as to how my scheme, if that was the word for it...was going...
> Tal nägu vaatamine oli nii uudishimulik ega mu õppe, kui see oli sõna...läheb...

< Sad thing was...
> Kurbus tingimus oli...

< Even I wasn't sure anymore.
> Isegi ma ei tea midagi.

< Morning Helga.
> Hommikust Helga.

< Morning Pheebs...
> Hommik Pheeb...

< How is your..."plan" going?
> Kuidas sul "plaan" läheb?

< There's a bit of hope and joy in her voice...
> Seal on natukene lootus ja rõõm tal hääles...

< I wish I could respond with the same tone.
> Ma vist arvates vastan sama tooniga.

< Heh...I wonder...
> Ah...ma imestan...

< Nothing, nothing...it's going fine, no problems.
> Ei midagi, ei midagi...see läheb hästi, pole probleemid.

< For some reason I can't be honest with her...
> Mõne põhjused ma ei saa olla aus talle...

< I felt like I could barely be honest with myself.
> Ma tunnen nagu ma oleks aus mind ennast.

< But I did decide...if I saw him...
> Aga ma tegin...kui ma nägin teda...

< I would try to make things better.
> Ma võin proovida teha paremi tingimused.

< I had to.
> Ma pidin.

< I had to explain anxiety got the best of me...
> Ma pidin seletama mu aktsiooni sai mulle parim...

< Explain that fear and doubt were the cause of my explosion.
> Seletada seda hirm ja mõtlemise mu plahvatusi.

< And that...in no way what-so-ever...did he deserve it.
> Ja seda...pole väärt nii mida iganes...ta vääris.

< And because of that...because of all my serious thoughts to myself...
> Ja sellepärast...sest mu kõik tõsiselt minu mõtlemised...

< The walk to school was filled mostly with silence.
> Jalutamine koolidesse oli nii vaikselt.

< But then I feel like that little gray cloud hanging over my head lifts when I see him...
> Aga siis ma tundsin seda väike hall pilv vaatab mu läbi pead liftid kui ma näen teda...

< My Arnold...
> Mu Arnold...

< At first I was going to wave, smile, anything...
> See esimene ma oleksin lehvitada, rõõm, ükskõik...

< But before I have a chance...
> Aga enne mul on otsus...

< He gives me a small smile before quickly heading into the building...
> Ta annab mulle väike rõõmsad enne ta läheb kiiresti ehitussele...

< I feel my throat close up tight when I catch sight of him.
> Ma tunnen mu köha nii lähedus kui ma püüan teda käest.

< I want to rush over and apologize but my legs won't move.
> Tahtsin ruttu teha ja anda vabandust, aga mu jalad ei liigu.

< Instead he just looks at me...
> Isegi ta vaatab mulle...

< No smile, no wave...just looks at me...
> Ei rõõm, ei lehvitus...lihtsalt vaatab mind...

< Then runs off.
> Siis jooksis välja.

< Knowing him I would guess he was rushing to get to class....
> Tean talle ma arvasin ta oli kiire saada minna klassi...

< That was what I kept telling myself anyway.
> Seda oli mida ma jätan öelda igatahes ennast.

< Dumb Football Head, he probably felt guilty for skipping school the day before.
> Loll Jalgpall Pea, ta tunneb süüdi jätta kooli vahele päeva enne.

< What a goody-two shoes...
> Mida head-kaks saabad...

< ...Rushing off to class.
> ...Läheb ruttu klassidesse.

< We should hurry too Helga!
> Me peame kiiresti minema ka Helga!

< Oh yeah, right...
> Ah jah, õigus...

< So I walk into class and take my seat behind him...
> Siis ma läksin klassi ja võtsin mu istet tagant teda...

< And wait...
> Ja oota...

< And wait...for him to turn and look at me...
> Ja oota...talle pöörada ja vaatada mind...

< To even say a simple hello...
> Et õelda lihtsalt tere...

< He doesn't do it.
> Ta ei teinud.

< As used to watching him from afar as I was...
> Olen vaatanud teda kasutanud kaugelt oligi...

< There was a sharp pain in my chest this time around.
> Seal oli terav valu minu kehast sel kord ajal.

< My mind was jumping to conclusions that I was trying so hard not to make.
> Mu mõtlemise oli hüppatada seletusi seda olin proovida nii raske mitte teha.

< Calm down Helga...everything is fine...
> Rahu maha Helga...kõik on korras...

< I try to whisper to myself, almost like a calming mantra.
> Ma proovisin sosistada endast, peaaegu nagu rahumine.

< I try to ignore the pain that twists inside me and focus on something else...
> Ma proovin ignoneerida valu selle minu sees ja keskunda midagi muud...

< Anything else...
> Ükskõik muud...

< And before I know it, class it over.
> Ja enne ma tean, klass on läbi.

< And Arnold rushes out without a word...
> Ja Arnold jookseb välja ilma sõnata...

< Again.
> Jälle.

< Most of the day seemed to go the same way.
> Palju päevad oleks minema sama sinna.

< When lunch finally comes around...
> Kui lõuna tuli välja kusagil...

< I had worked up enough nerve to ask him what was up with the cold shoulder.
> Mul on töötanud aitamist üle mitte karda küsimist talle mis tal koos külm õla.

< And apologize for everything I had said to him the day before.
> Ja annan vabandust kõik mida ma ütlesin talle enne päeva.

< But by the way he was ignoring me...
> Aga isegi ta ignoneerib mulle...

< I can't help but think...
> Ma ei saa aitada aga arva...

< He must have figured it out.
> Ta peaks mõtlenud välja.

< Figured out that I...
> Arvutasin välja see...

< Helga, do you wanna sit over there?
> Helga, kas sa tahad istuda sinna?

< Phoebe's words break me from my thoughts and I nod at her, following behind as she leads me to our table.
> Phoebe sõnad lõhub mulle minu mõtlemisedest ja noogutasin talle jägin taga ega teda pöördub mulle laual.

< My eyes scan the cafeteria, once...twice...but I still can't find him.
> Mu silmad skaneerib kohvikut, korral...kaksik...aga ikkagi ei saa otsida talle.

< And I can't understand why.
> Ja ma ei saa aru miks.

< It must have been me, right?
> See peaks olema mina, eks?

< Somehow between then and now he must have read that stupid, stupid poem...
> Kuidagi siis ja nüüd ta pidi loema seda lollakat, loll poom...

< Must have tried to figure out why I reacted the way I did...why I was so scared.
> Pidi arvanud mõtlemist välja, miks ma tegin seda...miks ma kardan nii väga.

< He must have realized that it was all about him.
> Ta oleks teadnud seda oli teda eest.

< It's always been about him.
> See oli alati tema eest.

< I almost feel like a zombie as I sit down next to Phoebe at the table.
> Ma peaaegu tundsin nagu žombi istun alla järgmisse Phoebe laual.

< She makes polite Phoebe-like chit chat while I try my best to answer...
> Ta teeb viisakat Phoebe nagu suhtlus kuna ma proovin vastada paremini...

< And I try to eat...
> Ja ma proovin sööda...

< But it all kind of feels hopeless now.
> Aga kõik kenad tundis lootmata nüüd.

< It felt like, if it had been before, I would have come up with some type of incredible scheme to get my way.
> See tundis nagu olen enne saanud tulla mingi tüüpi lahedat saada.

< But this time I didn't know what to do...
> Aga sel kord ei teadnud mida teha...

< I had come so, so far...and now...
> Ma pean minema, nii kauge...ja nüüd...

< Why was everything crashing in on itself?
> Miks kõik kokkupõrge enda?

< Why did this always have to happen to me?
> Miks ma teen alati seda juhtuda mulle?

< Can't something ever go right?
> Kas ei saa midagi isegi õigesti teha?

< Ever?!
> Isegi?!

< And so like I was saying...
> Ja siis ma ütlesin...

< Helga...you weren't listening at all, were you?
> Helga...sa ei kuula kõik, kas sa?

< I...uh, no Phoebe, I'm sorry...
> A...ah, ei Phoebe, vabandust...

< What's wrong?
> Mis viga on?

< You've been acting rather strange since this morning.
> Sa käitud nagu imeliku sel hommikul algusest.

< I just shrug my shoulders.
> Ma tegin mu õlad ülesse.

< It's...it's probably nothing.
> See...see pole lihtsalt midagi.

< I guess I'm over thinking it...or something...
> Äkki vist mul on ülemõtlemine...või midagi...

< Over thinking?
> Ülemõtlemine?

< What are you over thinking Helga?
> Mida sa mõtled üle Helga?

< I let out a long, defeated sigh.
> Ma lasen välja kaua, väljatud õhk.

< Why Arnold isn't here...
> Miks Arnold ei ole siin...

< Oh Helga, you can't possibly think he's avoiding you.
> Oi Helga, sa ei saa teada ta ignoneerib sind.

< You said things were going well between you two only yesterday.
> Sa ütlesid tingimused läheb kõik hästi sulle kaheksi eile ainult.

< I know what I said...
> Ma tean, mis ma ütlesin...

< The words come out harsher than I mean...
> Need sõnad on karmim...

< But something happened after that and...
> Aga midagi juhtus pärast seda ja...

< And?
> Ja?

< He took me to his room and...
> Ta võttis mind tema tuppa ja...

< Helga! You two didn't!
> Helga! Te kaheksi ei teinud!

< Get your mind outta the gutter! Nothing like that happened...
> Võtta sinu huvi välja sealt! Miite pole midagi juhtunud...

< I just...
> Ma lihtsalt...

< Just what?
> Lihtsalt mida?

< I gave him something I don't think I should have...
> Ma andsin talle midagi ma ei arvanudki...

< Her face reddens.
> Tal nägu punaseks.

< Phoebe I let him read one of my poems...
> Phoebe ma lasin talle loeda ühtes mu poomid...

< Jeez...
> Jees...

< When did you become such a pervert?
> Millal sa said nagu pahalik?

< Ehehe....
> Ahihi....

< Sorry Helga, I think it might be Gerald's influence.
> Vabandust Helga, ma arvan võib Gerald mõjul.

< I'm not even gonna ask.
> Ma ei hakka küsima.

< I'd rather you not anyway...
> Ma vist mitte teha midagi...

< It's not like I have to...
> See pole ma pean...

< So...you gave him a poem?
> Siis...sa andsid talle poomi?

< Smooth transition Phoebe...
> Värske transtsioon Phoebe...

< I had to give her some props though...she was making me feel a bit better.
> Ma pidin talle mõne arusaada...ta teeb mulle natuke parem.

< But yes, I did.
> Aga jah, ma tegin.

< And what if it was too much?
> Ja mida kui on liiga palju?

< What if...
> Mida kui...

< I think you should find Arnold and talk with him...
> Äkki sa leiad Arnold ja räägid talle...

< A few days ago you said I'd be better off...
> Mõned päevad tagasi sa ütlesid paremaks...

< I know, I know.
> Ma tean, ma tean.

< But I think I was wrong.
> Aga ma arvasin olin vigasti.

< You...do?
> Sa...ka?

< Arnold makes you happy.
> Arnold teeb sind rõõmsaks.

< And miserable...
> Ja õnnetu...

< Well, yes, but mostly happy right?
> Noh, jah, aga palju rõõmus eks?

< ...Ugh....
> ...Ahh....

< Then...oh, um, go and get your man!
> Siis...oi, ehh, mine ja saada su mees!

< I think I understand where she's coming from.
> Ma arvan saan aru kus ta tuleb sellest.

< He does make me happy... So, so very happy.
> Ta teeb mulle hea rõõmsat... Nii, nii väga rõõmus.

< And sitting around guessing answers to questions I never even asked isn't going to get me anywhere.
> Ja istun kusagil mõtlen vastuseid küsimusedesse ma ei olnud küsinudki ei lähe võtta mind kusagilt.

< Thanks Pheebs...
> Äitah Pheeb...

< But that last little outburst...
> Aga see viimane väike põrgandus...

< It never happened?
> See ei juhtunud?

< Bingo...
> Bingo...

< Forgetting~
> Unustan~

< So Helga, what are you gonna do?
> Noh Helga, mida sa teed?

< I have to hand it to her...
> Ma pean andma talle...

< Her little talk did help some.
> Teda väike jutt sai mõned abi.

< It did enough for me to actually get up and make an effort.
> See sai mulle tõusta üles ja teha midagi.

< I didn't know where I was looking though...
> Ma ei teadnud kus ma vaatsin oli...

< So I just kind of aimlessly walk about the school, and hope sooner or later, I'd bump into him...
> Siis ma tegin kena pöörduda jalutada koolisse ja loodan või hiljem... ma pumpan talle...

< The plan seemed to make a lot of sense.
> See plaan oleks teinud palju.

< So you think that's what I should do?
> Noh sa arvad see ongi mis sa tahtsid?

< And there he is!
> Ja seal ta ongi!

< I was just about to run to him, to tell him I'm sorry or explain what I did when I hear...
> Ma olen jooksnud talle, et õelda talle paluda vabandust või seletada mida ma tegin kui ma kuulsin...

< Oh Arnold, I do so enjoy helping you out.
> Oi Arnold, ma teen nautida aitada sind välja.

< No...
> Ei...

< No, no, no!
> Ei, ei, ei!

< Why is this still happening to me?
> Miks see toimub mulle?

< I peer from behind my hiding place and watch.
> Piilun tagant mu peidus kohta ja vaatan.

< You know I always appreciate your advice...
> Sa tead ma olen alati tänulik su vabadus...

< Hmm, that's just ever so sweet to hear.
> Hmm, see oli nii hea magus kuulda.

< You're a wonderful person Arnold and I want you to be so very happy.
> Sa oled mõnus inimene Arnold ja ma taha sind väga rõõmsa.

< Thanks Lila, really...it means a lot.
> Äitah Lila, päriselt...annab palju.

< Now I just gotta...
> Nüüd ma pidin...

< That was it.
> See ongi.

< This is over.
> See on läbi.

< To be honest I don't know why I ever even tried.
> Ma ausalt ei tea miks ma proovisinki.

< I slip out from my cover and go to my next class, hoping the day will just blur by...
> Ma silutasin välja mu nurgalt ja lähen minu järgmisse klassi, arvan päev läheb pimedaks...

< And lucky for me, Arnold isn't in my afternoon classes...
> Ja õnneks, Arnold ei ole minu lõunal klassid...

< And as soon as the final bell rang, I'm gone.
> Ja siis kui viimane kell helises, ma olen kadunud.

< I just run as fast as I can, hoping the pain in my chest will be pushed away by the sting in my lungs.
> Ma jooksen nii kiiresti kui ma saan, loodan mu valu keha läheb lükkanud edasi nõrgalt.

< And once again...
> Ja kord uuesti...

< Without meaning too...
> Ilma mõtlemise eest...

< I end up at these damn Fair Grounds.
> Ma peatusin ülesse selle pagana Tõsi Põrandad.

< Why?!
> Miks?!

< Why do I always end up here?
> Miks ma olen sattunud alati sinna?

< I scream up towards the sky...
> Karjun ülesse taevas.

< Are you trying to torture me?
> Kas sa proovid mind väänatada?

< Well ya know what?
> Noh jah tead mis?

< I hope it rains tomorrow! I hope this whole damn place floods and then NO ONE can have a good time.
> Ma arvan hakkab sajama homme! Ma loodan kõik paganat kohta urskus ja siis MITTE KEEGI ei saa olla hea kord.

< They can all sit at home and be miserable...
> Nemad saavad istuda kodus ja olla õnnetu...

< Just like me...
> Lihtsalt nagu mina...

< Just...like...
> Lihtsalt...nagu...

< I hear his calm, warm voice...and I...
> Ma kuulen talle rahu, soe hääl...ja ma...

< I'm completely frozen.
> Ma olen lõplikult jäänustanud.

< Why is he here?
> Miks ta on siin?

< How do we always end up finding each other...
> Kuidas me alati peatusime leida muidki...

< Always?
> Alati?

< Was he...looking for me?
> Kas ta...vaatab mulle?

< When I turn and look at him my heart quickens.
> Kui ma pööran ja vaatan ette mu süda hakkas tunksuma.

< Football Head...
> Jalgpall Pea...

< And I can't control my mouth.
> Ja ma ei saa juhtida mu suut.

< What are you doing following me around all the time?!
> Mida sa jälgid mulle kõik sel kord kusagilt?!

< I've already got one stalker, I don't need another one...
> Ma sain juba üks varitseja, mul ei ole vaja teist üks...

< Especially if it's you.
> Isegi kui see on sina.

< So just go.
> Siis lihtsalt mine.

< Why are you out here by yourself?
> Miks sa oled väljas siin ennast?

< I...uh, jeez!
> Eh...ma, jees!

< Didn't you hear me?
> Kas sa ei kuula mind?

< I don't want you here!
> Ma ei taha sulle sind!

< Just tell me what's wrong.
> Lihtsalt ütle mulle mis viga on.

< Look I said go...
> Vaata ma ütlesin mine...

< ...No.
> ...Ei.

< Fine!
> Olgu!

< If you won't go I will!
> Kui sa ei lähe, siis ma lähen!

< Wait!
> Oota!

< Arnold...?
> Arnold...?

< Is he...
> Kas ta...

< Mad at me...?
> Kuri mulle...?

< I wouldn't blame him if he was.
> Ma ei olnud lärma talle kui ta oli.

< Maybe mad isn't the right word.
> Võib olla kuri ei ole hea sõna.

< He then sighs and forces me to look at him.
> Ta siis ohkas ja keskundus mind vaatada talle.

< But for some reason that just lights a fire in me.
> Aga mõne põhjus seda andis tuli nagu põle mullesse.

< Why don't you just go find Lila?
> Miks sa ei mine leida Lila?

< You were with her today anyway...
> Sa olid koos talle täna igatahes...

< Yeah, I know...
> Jah, ma tean...

< I was talking to her about...
> Ma olen rääkinud talle eest...

< Why did he just stop like that?
> Miks ta lõpetas nagu seda?

< About what?!
> Et mida?!

< ...About you.
> ...Sina.

< Wait, what?
> Oota, mida?

< I was asking about you Helga...you're like a puzzle ya know.
> Ma olin küsinud sinu eest Helga...sa oled nagu pussle sa tead.

< Hard to figure out, with all the pieces scattered and upside down!
> Raske mõelda välja koos kõik tükkid lõhutud ja üles alla!

< I probably should have gone to Phoebe but...
> Ma oleksin tahtnudki minna välja Phoebe aga...

< You were asking about me?
> Sa küsisid minu eest?

< I'm still in shock...
> Ma olen kahjulik...

< Yeah...I wanna...get to know you better.
> Jah...ma tahan...teada sind parema saada.

< Then why not just {i}ask{/i} me?
> Siis miks mitte küsida {i}mind{/i} käest?

< I knew the answer to my own question.
> Ma teatsin vastusi minu oma küsimusse.

< Cause he thought I'd snap at him.
> Sest ta arvas ma olen snäppinud talle.

< Funny thing is, Lila told me to come to you...
> Nali tingimus oli, Lila tuli mulle tulla sinu järgi...

< That's why I'm here.
> Sellepärast, miks ma olen siin.

< Even if she didn't, I think I would have come looking for you anyway.
> Isegi kui ta pole, äkki ma tulin vaatama sulle tahes.

< So he really was looking for me...
> Siis ta päriselt tuli vaatama mind...

< No...wait...
> Oota...mida...

< What is he...
> Mida kui...

< I'm sorry.
> Palun vabandust.

< That I wasn't expecting.
> See pole mis ma arvasinki.

< I sound too...weak.
> Ma tunnen liiga...nõrk.

< Wh-Why the hell are you sorry...
> M-miks sa oled vabanda põrgu...

< I didn't talk to you today...pretty much ignored you.
> Ma ei tulnud rääkima täna sind...olen väga ignoneerinud sind.

< That was because...
> Sellepärast...

< I thought that was what you wanted.
> Ma arvasin sa tahtsidki.

< Why would I ever want that ever?
> Miks ma olen seda tahtnudki?

< Cause when you ran off yesterday...
> Sest sa jooksid minema eile...

< I figured I did something...wrong.
> Ma mõtlesin tegin midagi...valesti.

< My heart has surely stopped.
> Mu süda tuksumine on kindel peatunud.

< And I should have asked if you were okay when I saw you this morning...
> Ja olin olnud küsida, et sa oled korras kui ma nägin sind sel hommiku...

< I was wrong and...
> Ma olin viga ja...

< My voice is almost like a whisper...
> Mu hääl on peaaegu nagu sosistamine...

< I can't get it any louder...
> Ma ei saa saada midagi kõvasti...

< I left because of me, not you....not you.
> Läksin välja see oli mulle, mitte sina...mitte sina.

< I thought...you weren't talking to me today because...
> Ma arvasin...sa ei rääkinud mulle täna sest...

< Because I scared you off or...or something and...
> Et, ma kartsin sind välja või...või midagi ja...

< And...the way you just accepted it right then...
> Ja...selle poole sa nõustusid õigusi siis...

< That part of me I always hide, I...
> Selle osa minu ma alati peidan, ma...

< I wasn't prepared for that.
> Ma ei alustanud seda.

< But rejection?
> Aga keeldumine?

< That's easier to expect.
> See on lihtne seletus.

< All this time I just assumed that was going to happen, that I'd be laughed at or something.
> Kõik see kord ma arvasin see võib juhtuda, et olen naernud talle või midagi.

< Even though I was so happy when I decided to show you my work, it still...
> Isegi mõelnud olen nii rõõmus kui ma olen näitanud mu oma töö, kui ikka...

< It still somehow got all messed up in my head...
> See ikkagi kuidagi sai kõik puruks mu pea üle...

< But you praised me Arnold...
> Aga sa kiitsid mulle Arnold...

< You surprised me...and elated me...and scared me.
> Sa ülletasid mind...ja ergas mind...ja kardis mulle.

< It was... it was a lot to handle all at once.
> See oli... see oli palju tassida kõik korraga.

< Helga...did you really think I'd laugh at you for opening up to me?
> Helga...kas päriselt arvad olen naernudki sulle tulid mulle ette?

< Do I seem like that kind of person to you?
> Kas ma olen nagu kena inimest sulle?

< ...He was right...of course he wasn't.
> ...Tal oli õigus...muidugi ta ei olnud.

< No, but still...
> Ei, aga ikka...

< I was really happy when you gave that poem to me.
> Ma olin päris rõõmus kui sa andsid mulle poomiga.

< I don't know how many times I have to tell you...
> Ma ei tea kui palju olen õelnud sulle...

< I've always known there was apart of you that you hid from everybody else...
> Ma olen alati teadnud seal oli sina see sa peidsid kõik selle eest...

< That you weren't so cold...or mean...
> See sa ei olnud nii külm..või mõtlen...

< And when you gave me your poem...
> Ja kui sa andsid mulle sinu poom...

< Well, it was kind of like you gave me the key.
> Noh, see oli arvates nagu sa andsid mulle võtme.

< Hah...how corny.
> Ahh...kuidas teravillu.

< He's working his way deeper and deeper into my heart, which is incredible considering how much I truly love him.
> Ta töötab nii kaugel ja kaugel minu südasse, et on nii tore kuidas ma tõsiselt armastan talle.

< Yeah, but it's the truth Helga.
> Jah, aga see on tõsine Helga.

< And I'm no liar.
> Ja ma ei valeta.

< Nobody but you can say all this corny stuff with a straight face and mean it...
> Miite keegi, aga sa võid õelda kõik teravillu asjad koos nägu ja ma mõtlen...

< He grins at me despite my sarcasm.
> Ta naeris mulle mu asja.

< He finally lets go...
> Siis lõpuks läks minema...

< And for some reason I feel half-hearted about it...
> Ja mõne põhjus tunnen pool südamärkmikud sellest...

< So...were you here by yourself because of me?
> Siis..sa olid siin endast sellepärast mina?

< Be honest.
> Ole aus.

< Uh...I guess that's part of it...
> Eh...äkki ma olen selle osaga...

< A braver soul would have just come clean all together...
> Tark hing või tulla kõik puhas korralikult...

< So uh...
> Siis noh...

< ...So the Festival is tomorrow, looks like it's almost ready!
> ...Festivaal on homme, näeb see on peaaegu valmis!

< Darn did that happen fast!
> Pagan see läks kiiresti!

< I was changing the subject...very badly.
> Ma vahetasin tundi...väga pahasti.

< He glances around the grounds as if to clarify what I had just said.
> Ta pilgutab kusagil põrandad kui seletada mida ma ütlesin.

< And now he isn't saying anything...
> Ja ta ei ütle midagi...

< Great!
> Tore!

< What is it, Arnold?
> Mis on, Arnold?

< Him suddenly calling my name kind of took me by surprise.
> Tal ütleb mu nime kenast võttis mind üllatusi.

< Would you...like to go with me?
> Kas sa...tahad minna minuga koos?

< No...did he...
> Ei...kas ta...

< What...did you say? Go where? What now?
> Mida...kas ütlesid? Kuhu minna? Mida nüüd?

< Well, you brought up the Festival all of a sudden and since we both seem to have such awful times when we come alone...
> Noh, sa tõid Festivaali kõik üles ja alates me oleme kaks olnud imeliku aegu kui me lähme üksis...

< He seems so shy...
> Ta näeb nii häbelik...

< It's adorable.
> See on kaunis.

< God how I love him.
> Jumal kuidas ma armastan talle.

< I thought maybe we could have fun...if we went...
> Äkki võib olla saada lõbusat...kui me läksime...

< Together?
> Koos?

< ...Uh...
> ...Noh...

< Slowly I nod my head, as if this entire scene may vanish before me.
> Ma noogutasin pead aeglaselt kui kogu stseen midagi juhtub enne mina.

< And then he smiles at me...
> Ja siis ta rõõmustas mind...

< And everything feels okay again.
> Ja kõik läheb hästi jälle.

< Yeah?!
> Jah?!

< ...Oh...um...
> ...Oi...ma...

< He suddenly coughs, trying to recapture his composure.
> Ta köhas, proovib uuesti öelda.

< Uh, that's great...
> Ah, see on tore...

< We're gonna have a good time I swear...
> Meil läheb hea aega tõsiselt...

< So do me a favor?
> Kas saaksid teha mulle?

< S-s-sure...what?
> M-m-muidugi...mida?

< Don't be sad anymore...okay?
> Ära ole kurb enam...olgu?

< You look good when you're smiling.
> Sa näed hea kui sa oled rõõmus.

< I-uh, I mean...yeah I'm super happy, just look at me Hair Boy!
> Ehh, ma mõtlen...jah ma olen täiesti rõõmus, vaata mind Juuks Poiss!

< Hah. Right Helga...I'll pick you up at seven tomorrow, okay?
> Haha. Olgu Helga...ma võtan sind vastu homme kell seitse, okei?

< Be ready...
> Ole valmis...

< And with that his wonderful Football Head disappears...
> Ja selle koos talle armas Jalgpall Pea kadus...

< And then I realize...
> Ja siis ma tundsin...

< I did it!
> Ma tegin!

< I actually did it!
> Ma sain teha!

< Without scheming or tricking anybody into anything...
> Ilma kaval või trikkimine kellegi midagi...

< I got Arnold to ask me to the Festival.
> Ma sain Arnold küsida mulle Festivaalisse.

< And he actually seems excited about it!
> Ja ta on nii uhke selle seda!

< As I finally head home after that long...strange day...
> Ma lõpuks sain koju pärast seda kaua...imelik päev...

< I realize it's the first time in a long time I actually felt...
> Ma tundsin see on esimene kord kaua aega ma olen tundnud...

< Well...pretty happy.
> Noh...tore rõõm kuulda.

< As I head home I'm nearly dancing in the streets, floating in the clouds.
> Kui ma läksin koju ma peaaegu tantsisin teed, puhub pilved.

< I was so happy!
> Ma olin nii rõõmus!

< Some how this all turned out so perfectly...
> Kuidagi see sai suurepärase saada...

< Such is the mysteries of love and life I suppose...
> Nii tore mu müsteeriumid armastusi ja elu...

< When I reach my room I take my phone out of my bag and call Phoebe.
> Kui ma läksin tuppa, võtan telefoni välja kottist ja helistan Phoebe.

< So it looks like it's gonna be a double date at the festival...
> Siis oleks nagu saame teha kaksikud kohtuda Festivaalis...

< Really Helga? That's great; I'm so excited for you!
> Päriselt Helga? See on tore; Ma olen nii uhke sulle!

< Haha! Thanks Phoebe, I'm excited too!
> Haha! Äitah Phoebe, ma olen uhke ka!

< He asked me!
> Ta küsis mulle!

< I don't even have to say anything else, I know she'll get it.
> Ma ei pea midagi õelda muid, ma tean ta saab hakkama.

< Really Helga? I'm so happy for you!
> Päriselt Helga? Ma olen nii rõõmus sinuga!

< Thanks Pheebs...I'm happy too...
> Äitah Pheeb...ma olen rõõmus ka...

< And for once I really, really was...
> Ja sel kord ma päriselt, päriselt oli...

< By the time midnight rolls around, hours closer to the Festival...
> Öösel aeg kusagi, tunnid peaeeguni Festivaalisse...

< I finally find my muse again...
> Ma sain lõpuks leida mu muusa jälle...

< Arnold my love, it may finally be...could you too feel the same for me?
> Arnold mu armas, see sai lõpuks...kas sa tunned sama ka mulle?

< I write and write, filled with inspiration...until I drift off to sleep.
> Ma kirjutan ja kirjutan, täitan inspiratsiooni...kuni ma läksin magama.

< When I awake the next morning, I'm thrilled.
> When I awake the next morning, I'm thrilled.

< In just...
> In just...

< I glance at my alarm clock...
> I glance at my alarm clock...

< Eight hours my love would come here looking for me...
> Eight hours my love would come here looking for me...

< Ready to take me to...
> Ready to take me to...

< It is then I hear the sound of tapping on the window, light but tapping none the less...
> It is then I hear the sound of tapping on the window, light but tapping none the less...

< Slowly, I go to throw open the blinds and...
> Slowly, I go to throw open the blinds and...

< It's raining.  It was just a little bit and I already can see the sun starting to work its way through the clouds.
> It's raining.  It was just a little bit and I already can see the sun starting to work its way through the clouds.

< Good.
> Good.

< I'm not going to let anything ruin this day for me.
> I'm not going to let anything ruin this day for me.

< Sure, it was a double date...but it's better than nothing!
> Sure, it was a double date...but it's better than nothing!

< The only down side...
> The only down side...

< I have no idea what to do with myself...
> I have no idea what to do with myself...

< I get up out of bed and walk towards my closet.
> I get up out of bed and walk towards my closet.

< I fan through my clothes until I find something rather okay to wear tonight...
> I fan through my clothes until I find something rather okay to wear tonight...

< Well, that's something done...at least.
> Well, that's something done...at least.

< After another minute of lost thought...
> After another minute of lost thought...

< I sit down at my vanity...
> I sit down at my vanity...

< And stare at my face.
> And stare at my face.

< Of course, I just got up so I didn't exactly look my best...
> Of course, I just got up so I didn't exactly look my best...

< But I was more curious as to what I should do with it tonight.
> But I was more curious as to what I should do with it tonight.

< I open the drawer and pull out the various make-up kits I have...
> I open the drawer and pull out the various make-up kits I have...

< And uh, barely ever wore.
> And uh, barely ever wore.

< Ugh, I used to be better at this...
> Ugh, I used to be better at this...

< After a minute of being completely frozen, I get up.
> After a minute of being completely frozen, I get up.

< Shower first...
> Shower first...

< Other things...later...much later.
> Other things...later...much later.

< And there it was...
> And there it was...

< It seems someone had been listening to me yesterday...
> It seems someone had been listening to me yesterday...

< It's raining.
> It's raining.

< No, raining isn't the right word for it...
> No, raining isn't the right word for it...

< It's pouring...
> It's pouring...

< I rush to my phone to check for messages from Arnold but...
> I rush to my phone to check for messages from Arnold but...

< There's nothing...
> There's nothing...

< Nothing from him anyway...
> Nothing from him anyway...

< Instead what I find is a voice mail from Phoebe...
> Instead what I find is a voice mail from Phoebe...

< As I go to my inbox to listen to my messages, I'm already feeling nervous.
> As I go to my inbox to listen to my messages, I'm already feeling nervous.

< And Pheebs' heavy sigh on the other end of the phone does nothing to calm me down...
> And Pheebs' heavy sigh on the other end of the phone does nothing to calm me down...

< Nope, not at all...
> Nope, not at all...

< In fact, she only makes it worse.
> In fact, she only makes it worse.

< Hello Helga this is Phoebe...
> Hello Helga this is Phoebe...

< ...Is she serious right now?
> ...Is she serious right now?

< I have some rather troubling news I just heard from Gerald that I thought I should tell you...
> I have some rather troubling news I just heard from Gerald that I thought I should tell you...

< It seems....well, it seems that if the rain doesn't stop by at least this afternoon...
> It seems....well, it seems that if the rain doesn't stop by at least this afternoon...

< The festival will be cancelled...
> The festival will be cancelled...

< Oh Helga, I'm so sorry!
> Oh Helga, I'm so sorry!

< Why is she apologizing?
> Why is she apologizing?

< It's not her fault...
> It's not her fault...

< I was the one who had asked, no begged for it to rain today...
> I was the one who had asked, no begged for it to rain today...

< And the universe finally does as I ask it too...
> And the universe finally does as I ask it too...

< To be honest, I should have seen it coming.
> To be honest, I should have seen it coming.

< Just when I finally get a chance to be with Arnold like I wanted...
> Just when I finally get a chance to be with Arnold like I wanted...

< To show him my true colors because I know now he'll accept me as I am....
> To show him my true colors because I know now he'll accept me as I am....

< This happens.
> This happens.

< Well that's it.
> Well that's it.

< I'm done.
> I'm done.

< I'm going back to bed and maybe...
> I'm going back to bed and maybe...

< Just maybe....
> Just maybe....

< I'll wake up some where better than here.
> I'll wake up some where better than here.

< When I finally wake up, the world seems a darker gray then when I went to sleep...
> When I finally wake up, the world seems a darker gray then when I went to sleep...

< The clock reads close to 6:50 and most of the day has slipped away.
> The clock reads close to 6:50 and most of the day has slipped away.

< I didn't care.
> I didn't care.

< If the world had actually wanted me happy I would have been all dressed up...
> If the world had actually wanted me happy I would have been all dressed up...

< ...Waiting for Arnold to come pick me up for our...
> ...Waiting for Arnold to come pick me up for our...

< I breathe out a rather large, depressed sigh...
> I breathe out a rather large, depressed sigh...

< {i}Date.{/i}
> {i}Date.{/i}

< I move slowly towards my bedroom mirror and look at my reflection in the glass...
> I move slowly towards my bedroom mirror and look at my reflection in the glass...

< Helga ol' girl, you look like hell.
> Helga ol' girl, you look like hell.

< Without thinking much on it, I pull the ties from my pigtails and attempt to brush the nest I like to call hair.
> Without thinking much on it, I pull the ties from my pigtails and attempt to brush the nest I like to call hair.

< Best to look at least presentable in case Bob felt like picking me apart tonight.
> Best to look at least presentable in case Bob felt like picking me apart tonight.

< And while I much rather just hide out in my room for the remainder of time...
> And while I much rather just hide out in my room for the remainder of time...

< My stomach's begging for nourishment...super loudly in fact.
> My stomach's begging for nourishment...super loudly in fact.

< So, I make my way down the stairs, counting each step aloud...
> So, I make my way down the stairs, counting each step aloud...

< One, two, three...
> One, two, three...

< And nearly fall flat on my face when I hear a loud pounding on the door...
> And nearly fall flat on my face when I hear a loud pounding on the door...

< We have a bell!
> We have a bell!

< But they didn't hear me...and I'm too hungry to care.
> But they didn't hear me...and I'm too hungry to care.

< Instead I ignore whoever's at the door and head to the kitchen, hoping Miriam picked up something to eat...
> Instead I ignore whoever's at the door and head to the kitchen, hoping Miriam picked up something to eat...

< And still that person keeps on knockin'.
> And still that person keeps on knockin'.

< I even hear my father screaming for someone to answer...
> I even hear my father screaming for someone to answer...

< And what exactly was stopping you, Dad?
> And what exactly was stopping you, Dad?

< Oh, but me he completely ignores.
> Oh, but me he completely ignores.

< Fine! Whatever, I'll get it!
> Fine! Whatever, I'll get it!

< I swing open the front door, ready to tell whoever's been annoying the hell out of me off...
> I swing open the front door, ready to tell whoever's been annoying the hell out of me off...

< I've lost the ability to speak.
> I've lost the ability to speak.

< You know, I don't think you're suppose to make your date wait out here in the rain...
> You know, I don't think you're suppose to make your date wait out here in the rain...

< But...Arnold...what...
> But...Arnold...what...

< In front of me was Arnold, with his hair pushed back, dressed up kinda fancy...
> In front of me was Arnold, with his hair pushed back, dressed up kinda fancy...

< Wearing a rather bashful smile...
> Wearing a rather bashful smile...

< And above his head was an old, green umbrella...
> And above his head was an old, green umbrella...

< And I stood here in front of him...in my PJ's still...
> And I stood here in front of him...in my PJ's still...

< Really...Arnold...
> Really...Arnold...

< I was still having trouble speaking...
> I was still having trouble speaking...

< Okay, just don't laugh...
> Okay, just don't laugh...

< L-laugh?
> L-laugh?

< At how I look...I was just gonna wear the blazer but when my Grandma found out about our date...
> At how I look...I was just gonna wear the blazer but when my Grandma found out about our date...

< She grabbed my head and wouldn't let me go until I looked...respectable...
> She grabbed my head and wouldn't let me go until I looked...respectable...

< You look...
> You look...

< Yeah....?
> Yeah....?

< I actually think you look rather handsome, Football Head...
> I actually think you look rather handsome, Football Head...

< Getting all snazzy for me...
> Getting all snazzy for me...

< I smile as he blushes a bit at my words...
> I smile as he blushes a bit at my words...

< But then I shake my head, trying to clear my thoughts...
> But then I shake my head, trying to clear my thoughts...

< But Arnold...I thought our...
> But Arnold...I thought our...

< Our date...I thought it was cancelled...cause of the rain?
> Our date...I thought it was cancelled...cause of the rain?

< I mean the Cheese Festival has been called off and...
> I mean the Cheese Festival has been called off and...

< Arnold shrugs his shoulders and takes a step closer to me...
> Arnold shrugs his shoulders and takes a step closer to me...

< I fight the instinct to push him away, like I normally would have...
> I fight the instinct to push him away, like I normally would have...

< I didn't know a little rain...was enough to stop Helga G. Pataki from having a good time.
> I didn't know a little rain...was enough to stop Helga G. Pataki from having a good time.

< For a minute I'm completely blank...
> For a minute I'm completely blank...

< Until I realize...
> Until I realize...

< He's right!
> He's right!

< The only thing that was stopping me from having a good time was... Me...
> The only thing that was stopping me from having a good time was... Me...

< It's always me.
> It's always me.

< You're right.
> You're right.

< Yeah, but don't get too used to hearing it...
> Yeah, but don't get too used to hearing it...

< Haha...don't worry. I'm starting to learn your rules as we go.
> Haha...don't worry. I'm starting to learn your rules as we go.

< Good, I'm glad.
> Good, I'm glad.

< Now, I'm gonna go change so wait! I won't be long.
> Now, I'm gonna go change so wait! I won't be long.

< I nearly fly up the stairs to my room and try to make myself look...more human?
> I nearly fly up the stairs to my room and try to make myself look...more human?

< I grab my brush and make an attempt at my hair again before I open the closet to peer over my clothes...
> I grab my brush and make an attempt at my hair again before I open the closet to peer over my clothes...

< And while I searched for something to wear...I couldn't help thinking about Arnold...
> And while I searched for something to wear...I couldn't help thinking about Arnold...

< I was freaking ecstatic that he still showed up, even if I was just a little pissed he didn't tell me anything about it.
> I was freaking ecstatic that he still showed up, even if I was just a little pissed he didn't tell me anything about it.

< I pull clothes out of my closet on to the floor, not knowing what we're doing, what Arnold had planned...
> I pull clothes out of my closet on to the floor, not knowing what we're doing, what Arnold had planned...

< But to be honest it didn't matter...
> But to be honest it didn't matter...

< Cause he was actually here and waiting for me...
> Cause he was actually here and waiting for me...

< Arnold was waiting for me!
> Arnold was waiting for me!

< In the corner of my eye I catch my black leggings...
> In the corner of my eye I catch my black leggings...

< Pulling out a red skirt and nice pink top, I settle on that outfit.
> Pulling out a red skirt and nice pink top, I settle on that outfit.

< And after I pull on my boots, I grab for a small pink bow...for...obvious reasons.
> And after I pull on my boots, I grab for a small pink bow...for...obvious reasons.

< Then after a few glances in the mirror...
> Then after a few glances in the mirror...

< And a big breath in...
> And a big breath in...

< I finally make my way down the stairs...to Arnold.
> I finally make my way down the stairs...to Arnold.

< God I was so nervous...and my heart was beating way too fast.
> God I was so nervous...and my heart was beating way too fast.

< Sorry to...uh, make you wait.
> Sorry to...uh, make you wait.

< I didn't mind...I guess I took you by surprise huh?
> I didn't mind...I guess I took you by surprise huh?

< But...I did say seven...
> But...I did say seven...

< Hey! I spent most of the day thinking this was called off so...
> Hey! I spent most of the day thinking this was called off so...

< Well that was kind of true...I actually spent most of the day sleeping.
> Well that was kind of true...I actually spent most of the day sleeping.

< But Arnold just smiles at me and turns to open my front door...
> But Arnold just smiles at me and turns to open my front door...

< And frowns as he looks up at the dark, rainy sky.
> And frowns as he looks up at the dark, rainy sky.

< Hasn't even lightened up a little bit...
> Hasn't even lightened up a little bit...

< I hear him mumble to himself, and can't help but smile.
> I hear him mumble to himself, and can't help but smile.

< I watch as he opens up his umbrella and stands beneath it...
> I watch as he opens up his umbrella and stands beneath it...

< There...
> There...

< And then he turns around and holds his hand out for me to take.
> And then he turns around and holds his hand out for me to take.

< He nods.
> He nods.

< Slowly, I put my hand in his, and he gently pulls me to him, out into the rain.
> Slowly, I put my hand in his, and he gently pulls me to him, out into the rain.

< And the funny thing was...
> And the funny thing was...

< He doesn't let go.
> He doesn't let go.

< So, I have uh...quite the night planned.
> So, I have uh...quite the night planned.

< Sounds great Football Head...
> Sounds great Football Head...

< My voice comes out harsher than I mean it too...
> My voice comes out harsher than I mean it too...

< Force of habit I guess.
> Force of habit I guess.

< But it doesn't matter.
> But it doesn't matter.

< Arnold keeps holding onto my hand anyway.
> Arnold keeps holding onto my hand anyway.

< And by the way...
> And by the way...

< You look good Helga.
> You look good Helga.

< I really like your bow.
> I really like your bow.

< We stand side by side under the umbrella as we make our way to our destination.
> We stand side by side under the umbrella as we make our way to our destination.

< I have no idea where he's taking me, but I kinda didn't care...
> I have no idea where he's taking me, but I kinda didn't care...

< This whole thing felt like a dream, a rainy dream, but still a dream.
> This whole thing felt like a dream, a rainy dream, but still a dream.

< So, here we are!
> So, here we are!

< He points to Chez Paris and I start to slow down and fall behind him...
> He points to Chez Paris and I start to slow down and fall behind him...

< I almost let go of his hand too...
> I almost let go of his hand too...

< Uh, you are aware that a few years ago we didn't pay the bill here...
> Uh, you are aware that a few years ago we didn't pay the bill here...

< And had to wash dishes...right?
> And had to wash dishes...right?

< And he laughs at me...
> And he laughs at me...

< Don't worry, I've got enough money for a nice dinner...
> Don't worry, I've got enough money for a nice dinner...

< No dish washing tonight.
> No dish washing tonight.

< I think you're missing my...
> I think you're missing my...

< Come on...
> Come on...

< With a laugh and a shrug of my shoulders I follow him inside.
> With a laugh and a shrug of my shoulders I follow him inside.

< It was funny...
> It was funny...

< This was the same restaurant we had our Valentine's Day dinner at too...
> This was the same restaurant we had our Valentine's Day dinner at too...

< Not that Arnold would know that.
> Not that Arnold would know that.

< He thought I was someone else.
> He thought I was someone else.

< After we make our orders and hand our menus to the waiter...
> After we make our orders and hand our menus to the waiter...

< Arnold clears his throat.
> Arnold clears his throat.

< Hmm? What's up?
> Hmm? What's up?

< Uh, haha...well...
> Uh, haha...well...

< I have something for you.
> I have something for you.

< Wha-what? For me?
> Wha-what? For me?

< I point to myself as if there is anyone else at the table.
> I point to myself as if there is anyone else at the table.

< He nods his head and pulls something out of his blazer pocket.
> He nods his head and pulls something out of his blazer pocket.

< A shoe?
> A shoe?

< I take a closer look at it and reach for it, smiling.
> I take a closer look at it and reach for it, smiling.

< As weird as your little present is Arnold, it's actually kinda funny...
> As weird as your little present is Arnold, it's actually kinda funny...

< I used to have a pair of shoes just like this...
> I used to have a pair of shoes just like this...

< But I lost one of them somewhere.
> But I lost one of them somewhere.

< I know.
> I know.

< I uh, took it by mistake.
> I uh, took it by mistake.

< Kinda like Cinderella I guess...
> Kinda like Cinderella I guess...

< What? Does that make you Prince Charming?
> What? Does that make you Prince Charming?

< Maybe...
> Maybe...

< Anyway, I picked it up by mistake after our first date.
> Anyway, I picked it up by mistake after our first date.

< I drop the shoe and it falls into the silverware, making it clatter.
> I drop the shoe and it falls into the silverware, making it clatter.

< D-date?
> D-date?

< What date?
> What date?

< I would have remembered that happening!
> I would have remembered that happening!

< I catch myself before I say something I would later most likely regret...
> I catch myself before I say something I would later most likely regret...

< But Arnold just smiles at me.
> But Arnold just smiles at me.

< It was Valentine's Day...
> It was Valentine's Day...

< No...way...
> No...way...

< I think we were like nine? Maybe?
> I think we were like nine? Maybe?

< And you...haha, you pretended to be my pen pal.
> And you...haha, you pretended to be my pen pal.

< And her name was...ah, I can't even remember...
> And her name was...ah, I can't even remember...

< But that's not important.
> But that's not important.

< What is...is that I always remembered that girl.
> What is...is that I always remembered that girl.

< He smiles at the memory then looks up at me.
> He smiles at the memory then looks up at me.

< And...after a while...
> And...after a while...

< I finally figured out it was you.
> I finally figured out it was you.

< I pick up the shoe again and try to look him in the eye...
> I pick up the shoe again and try to look him in the eye...

< My cheeks feel hot, I must be blushing like mad.
> My cheeks feel hot, I must be blushing like mad.

< Why...did you uh...keep this?
> Why...did you uh...keep this?

< Though I sounded wary, inside I was flying...
> Though I sounded wary, inside I was flying...

< Terrified, but flying...
> Terrified, but flying...

< It's funny...like I said I always remembered her...you, I mean.
> It's funny...like I said I always remembered her...you, I mean.

< Always kind of wondered how I could have such a strong connection with someone that quickly.
> Always kind of wondered how I could have such a strong connection with someone that quickly.

< I mean, I knew that girl from her letters but...it was different.
> I mean, I knew that girl from her letters but...it was different.

< Maybe I stole the shoe as a memento or something, I don't know.
> Maybe I stole the shoe as a memento or something, I don't know.

< He looks away from me for a moment, as if he's trying to gather his thoughts.
> He looks away from me for a moment, as if he's trying to gather his thoughts.

< Then finally, I figured out you were her...
> Then finally, I figured out you were her...

< ...And I thought to myself...
> ...And I thought to myself...

< "Now it kinda makes sense...but I should probably give Helga her shoe back..."
> "Now it kinda makes sense...but I should probably give Helga her shoe back..."

< I place the shoe down on the table and stare at it.
> I place the shoe down on the table and stare at it.

< I want to wait for Arnold to say more....
> I want to wait for Arnold to say more....

< But instead, I end up talking first.
> But instead, I end up talking first.

< How did you figure it out?
> How did you figure it out?

< My voice was quiet, shy.
> My voice was quiet, shy.

< I wanted to know...how you figured it out?
> I wanted to know...how you figured it out?

< It's been a really long time...so I wanted to know...
> It's been a really long time...so I wanted to know...

< You're not mad...right?
> You're not mad...right?

< It didn't seem like he was, but I had to ask.
> It didn't seem like he was, but I had to ask.

< The way you've been acting lately...the way you've been speaking to me...
> The way you've been acting lately...the way you've been speaking to me...

< It all kind of made sense, reminded me of that gir...
> It all kind of made sense, reminded me of that gir...

< Uh, of you.
> Uh, of you.

< He frowns at me though.
> He frowns at me though.

< And no, I'm not mad...I just wish you would have told me it was you.
> And no, I'm not mad...I just wish you would have told me it was you.

< With that I gruffly sigh and look away, trying to hide my red face.
> With that I gruffly sigh and look away, trying to hide my red face.

< That would have been a fun conversation wouldn't it?
> That would have been a fun conversation wouldn't it?

< Oh Arnold, remember that weird girl who wouldn't tell you who she is...
> Oh Arnold, remember that weird girl who wouldn't tell you who she is...

< But confessed she really liked you? Well, that was me!
> But confessed she really liked you? Well, that was me!

< How do you feel about that?!
> How do you feel about that?!

< Happy.
> Happy.

< I think I felt my face grow even hotter...if that was possible.
> I think I felt my face grow even hotter...if that was possible.

< That's nice F-football Head...but I wasn't really asking...
> That's nice F-football Head...but I wasn't really asking...

< It was hypothetical or rhetorical or whatever.
> It was hypothetical or rhetorical or whatever.

< Arnold nods his head and gives me that familiar knowing, warm smile.
> Arnold nods his head and gives me that familiar knowing, warm smile.

< I know, but I thought I'd like to answer anyway.
> I know, but I thought I'd like to answer anyway.

< When I found out I was...well, happy.
> When I found out I was...well, happy.

< I watch as he reached across the table and takes my hand in his...
> I watch as he reached across the table and takes my hand in his...

< And I can't tear my eyes away from it.
> And I can't tear my eyes away from it.

< It was much easier than looking at him.
> It was much easier than looking at him.

< I'm sorry...
> I'm sorry...

< But that's enough to make me look up.
> But that's enough to make me look up.

< What for?
> What for?

< I'm no good at giving you answers Helga.
> I'm no good at giving you answers Helga.

< I didn't understand what he meant...
> I didn't understand what he meant...

< And before I have the chance to ask him, the waiter comes with our food.
> And before I have the chance to ask him, the waiter comes with our food.

< And Arnold pulls his hand away from mine...
> And Arnold pulls his hand away from mine...

< It might have been my imagination...or more likely my disappointment...
> It might have been my imagination...or more likely my disappointment...

< But my hand feels colder.
> But my hand feels colder.

< As we eat and make polite chit-chat...I'm dying to ask him more questions...
> As we eat and make polite chit-chat...I'm dying to ask him more questions...

< To explain what he meant earlier...
> To explain what he meant earlier...

< But I wasn't going to press him.
> But I wasn't going to press him.

< Maybe I was maturing or whatever, but I figured he'd tell me when he wanted.
> Maybe I was maturing or whatever, but I figured he'd tell me when he wanted.

< And if he wanted to talk about it, I wouldn't stop him.
> And if he wanted to talk about it, I wouldn't stop him.

< Okay, are you ready to go?
> Okay, are you ready to go?

< Arnold gets up from his seat and pulls my chair out.
> Arnold gets up from his seat and pulls my chair out.

< I would think I'd be used to him by now but he's still taking me by surprise.
> I would think I'd be used to him by now but he's still taking me by surprise.

< We make our way outside...
> We make our way outside...

< {i}After{/i} paying the bill, of course...
> {i}After{/i} paying the bill, of course...

< And it seems, now, it's finally stopped raining.
> And it seems, now, it's finally stopped raining.

< And a part of me thinks of the little red shoe in my purse as I watch Arnold take a few steps ahead of me.
> And a part of me thinks of the little red shoe in my purse as I watch Arnold take a few steps ahead of me.

< He turns back around to face me, smiling widely.
> He turns back around to face me, smiling widely.

< Helga, would you still like to go to the Festival with me?
> Helga, would you still like to go to the Festival with me?

< What the...?
> What the...?

< Uh, I hate the break this to ya Arnold...but just cause it stopped raining...
> Uh, I hate the break this to ya Arnold...but just cause it stopped raining...

< Doesn't mean the Festival's back on...it's still called off.
> Doesn't mean the Festival's back on...it's still called off.

< Arnold reaches for my hand and pulls me along after him.
> Arnold reaches for my hand and pulls me along after him.

< That doesn't mean we can't use our imaginations...
> That doesn't mean we can't use our imaginations...

< Jeez Arnoldo, when did you become so bossy?
> Jeez Arnoldo, when did you become so bossy?

< I dunno...
> I dunno...

< Maybe you're rubbing off on me.
> Maybe you're rubbing off on me.

< I didn't argue him on it...I'm too happy he's holding my hand again...
> I didn't argue him on it...I'm too happy he's holding my hand again...

< Siiiigh~
> Siiiigh~

< The grounds look just as I has imagined them...soaked and muddy...
> The grounds look just as I has imagined them...soaked and muddy...

< It's kind of dark...but it's quiet...and private.
> It's kind of dark...but it's quiet...and private.

< So, what would we have done if our date had gone as planned?
> So, what would we have done if our date had gone as planned?

< He's asking me as if I know...
> He's asking me as if I know...

< All I can think of is to shrug my shoulders.
> All I can think of is to shrug my shoulders.

< I dunno, I didn't think that far ahead.
> I dunno, I didn't think that far ahead.

< He nods his head slowly...
> He nods his head slowly...

< Then what should we do first...right now?
> Then what should we do first...right now?

< How the heck should I know?
> How the heck should I know?

< I'm not that creative...
> I'm not that creative...

< Oh no...
> Oh no...

< He smirks at me and shakes his head.
> He smirks at me and shakes his head.

< Liar.
> Liar.

< I-I-I swear I can't think of anything!
> I-I-I swear I can't think of anything!

< My mind's racing with overly romantic thoughts...and those aren't going to work.
> My mind's racing with overly romantic thoughts...and those aren't going to work.

< But there's one thing I can do...
> But there's one thing I can do...

< Something that has been on my mind since he returned the shoe to me.
> Something that has been on my mind since he returned the shoe to me.

< I finally feel like I'm ready to tell Arnold my feelings...
> I finally feel like I'm ready to tell Arnold my feelings...

< And now all I have to do is wait for an opening...that perfect moment to let him know.
> And now all I have to do is wait for an opening...that perfect moment to let him know.

< Arnold suddenly sighs and turns his back to me, looking over the wet fair grounds.
> Arnold suddenly sighs and turns his back to me, looking over the wet fair grounds.

< The action breaks me from my previous thoughts.
> The action breaks me from my previous thoughts.

< All right then...I guess I'll just have to tell you how I saw the night going...
> All right then...I guess I'll just have to tell you how I saw the night going...

< Did you seriously have a plan Football Head?
> Did you seriously have a plan Football Head?

< He bashfully smiles and rubs at the back of his head.
> He bashfully smiles and rubs at the back of his head.

< My Arnold, how adorable you look!
> My Arnold, how adorable you look!

< Well yeah...I wanted to make sure we had a good time.
> Well yeah...I wanted to make sure we had a good time.

< ...You didn't need to try...
> ...You didn't need to try...

< I mumble quietly.
> I mumble quietly.

< I...uh, well I would of have a nice time...just...uh...
> I...uh, well I would of have a nice time...just...uh...

< Just...what?
> Just...what?

< Just being with you, okay?!
> Just being with you, okay?!

< Making me get all mushy...look what you're doing to me!
> Making me get all mushy...look what you're doing to me!

< For a moment he looks surprised...
> For a moment he looks surprised...

< But then he smiles and laughs.
> But then he smiles and laughs.

< Okay, I'll remember that for next time.
> Okay, I'll remember that for next time.

< There's gonna be a next time?! ~swoon~
> There's gonna be a next time?! ~swoon~

< I must have gotten caught in a daydream because suddenly Arnold grabs my hand.
> I must have gotten caught in a daydream because suddenly Arnold grabs my hand.

< Well, come on!
> Well, come on!

< Arnold pulls me towards where the game booths were set upâ¦
> Arnold pulls me towards where the game booths were set upâ¦

< No toys lined the shelves though.
> No toys lined the shelves though.

< It was kind of lonely.
> It was kind of lonely.

< First I would have tried to win you something.
> First I would have tried to win you something.

< Oh really?
> Oh really?

< Yeah, I think itâs like a written rule..
> Yeah, I think itâs like a written rule..

< Trying to win your date a prize at a carnival.
> Trying to win your date a prize at a carnival.

< Hmm~ and what would you have gotten me?
> Hmm~ and what would you have gotten me?

< Anything you wanted.
> Anything you wanted.

< I look away shyly and blow the bangs out of my face.
> I look away shyly and blow the bangs out of my face.

< Okay Romeo, what happens next?
> Okay Romeo, what happens next?

< Haha~ okay, then we come over here.
> Haha~ okay, then we come over here.

< He pulls me over towards the shut down rides, slicked wet from the rain.
> He pulls me over towards the shut down rides, slicked wet from the rain.

< Some of them werenât even fully set up yet.
> Some of them werenât even fully set up yet.

< I would have asked if you wanted to go on some rides.
> I would have asked if you wanted to go on some rides.

< Oh~ well...
> Oh~ well...

< I look around and point towards the Octopus.
> I look around and point towards the Octopus.

< It was always one of my favorites.
> It was always one of my favorites.

< And for a minute, I thought Arnold might have squeezed my hand.
> And for a minute, I thought Arnold might have squeezed my hand.

< Yup.
> Yup.

< I would have picked that one too.
> I would have picked that one too.

< You have good taste.
> You have good taste.

< He looks like he wants to say something.
> He looks like he wants to say something.

< Got something on your mind?
> Got something on your mind?

< It appears like he wasn't expecting me to ask him that, from his reaction anyway.
> It appears like he wasn't expecting me to ask him that, from his reaction anyway.

< Oh, itâs  nothing.
> Oh, itâs  nothing.

< Just thinking something...
> Just thinking something...

< Well, spit it out.
> Well, spit it out.

< You're always making me confess things, it's your turn.
> You're always making me confess things, it's your turn.

< Heh..
> Heh..

< Well, I know I have good taste.
> Well, I know I have good taste.

< That's it?
> That's it?

< What a big secret...I...
> What a big secret...I...

< I'm here with you, aren't I?
> I'm here with you, aren't I?

< Did he really just say that to me?
> Did he really just say that to me?

< I'm dead right?
> I'm dead right?

< So...um...
> So...um...

< And I thought I was bad at a quick subject change.
> And I thought I was bad at a quick subject change.

< Then we'd come over here next.
> Then we'd come over here next.

< He points over to the food tables and gives a rather cool shrug.
> He points over to the food tables and gives a rather cool shrug.

< Then we'd have an all cheese dinner...as per the rules of the Festival.
> Then we'd have an all cheese dinner...as per the rules of the Festival.

< I laugh a bit at his joke.
> I laugh a bit at his joke.

< I kinda like that.
> I kinda like that.

< Like what?
> Like what?

< Stop being weird, saying random things outta nowhere...jeez...
> Stop being weird, saying random things outta nowhere...jeez...

< No, I just mean I like it when you laugh with me...
> No, I just mean I like it when you laugh with me...

< Rather than...you know, at me.
> Rather than...you know, at me.

< Well, yeah, uh, um...I'm sorry about that you know cause....
> Well, yeah, uh, um...I'm sorry about that you know cause....

< It's fine Helga...come on, last place.
> It's fine Helga...come on, last place.

< He finally pulls me over to what would have been the Tunnel of Love and I stare at him questioningly.
> He finally pulls me over to what would have been the Tunnel of Love and I stare at him questioningly.

< Really...the Tunnel of Love?
> Really...the Tunnel of Love?

< Arnold slowly nods his head and smiles...
> Arnold slowly nods his head and smiles...

< It makes some sort of sense I think...
> It makes some sort of sense I think...

< How?
> How?

< Because right as the ride came to an end...
> Because right as the ride came to an end...

< And also the Festival...
> And also the Festival...

< I would've told you...
> I would've told you...

< Told me what?
> Told me what?

< I think I'm in love with you.
> I think I'm in love with you.

< I shake my head.
> I shake my head.

< ...Oh...
> ...Oh...

< Helga's I'm sor...
> Helga's I'm sor...

< I wanted to say it first!
> I wanted to say it first!

< I had been thinking about it this whole time, stupid Football Head!
> I had been thinking about it this whole time, stupid Football Head!

< I wanted to confess first!
> I wanted to confess first!

< I turn away, facing my back towards him.
> I turn away, facing my back towards him.

< Are we really fighting about this right now?
> Are we really fighting about this right now?

< Nope.
> Nope.

< I move quickly and without another thought wrap my arms around him in a tight embrace.
> I move quickly and without another thought wrap my arms around him in a tight embrace.

< You know this is kinda funny...
> You know this is kinda funny...

< I don't think so...
> I don't think so...

< No, not this...I mean, me hugging you first.
> No, not this...I mean, me hugging you first.

< If I recall correctly you've hugged me many times before.
> If I recall correctly you've hugged me many times before.

< Well, yeah...that's true.
> Well, yeah...that's true.

< I know it's true.
> I know it's true.

< But I won't push you away this time around...
> But I won't push you away this time around...

< Consider yourself lucky.
> Consider yourself lucky.

< Hahaha!
> Hahaha!

< Almost on instinct I pull him closer to me.
> Almost on instinct I pull him closer to me.

< I'm happy and nervous and rambling.
> I'm happy and nervous and rambling.

< But then...
> But then...

< Hey, Arnold...?
> Hey, Arnold...?

< What's wrong...
> What's wrong...

< ...Why?
> ...Why?

< Why what?
> Why what?

< He pulls me away just a bit, but doesn't let go...
> He pulls me away just a bit, but doesn't let go...

< Just far enough so he can look me in the eye.
> Just far enough so he can look me in the eye.

< Why...are you falling...
> Why...are you falling...

< For me?
> For me?

< I think I've known for awhile now...
> I think I've known for awhile now...

< And I wanted to be...with you.
> And I wanted to be...with you.

< You just made it hard to get close.
> You just made it hard to get close.

< For...awhile?
> For...awhile?

< He laughs quietly to himself, amused at my amazement.
> He laughs quietly to himself, amused at my amazement.

< But you finally opened up to me and...
> But you finally opened up to me and...

< I don't believe this...
> I don't believe this...

< And yet I thought there would never be a chance but...
> And yet I thought there would never be a chance but...

< Here we are, me and you and we're together now and...
> Here we are, me and you and we're together now and...

< Helga.
> Helga.

< Shut up.
> Shut up.

< Without another word, he silences me with a warm kiss...
> Without another word, he silences me with a warm kiss...

< I like being quieted this way.
> I like being quieted this way.

< Especially when the lips that move against mine...
> Especially when the lips that move against mine...

< ...Are Arnold's...
> ...Are Arnold's...

< I close my eyes and fall into his soft kiss...
> I close my eyes and fall into his soft kiss...

< And after a long moment, together, we pull away.
> And after a long moment, together, we pull away.

< I refuse to open my eyes, afraid it'll all somehow be a dream.
> I refuse to open my eyes, afraid it'll all somehow be a dream.

< I always enjoyed kissing you.
> I always enjoyed kissing you.

< And I'm glad you finally did it first.
> And I'm glad you finally did it first.

< He moves in closer, leaning his forehead against mine.
> He moves in closer, leaning his forehead against mine.

< And he smiles.
> And he smiles.

< You know...some people always told me I'd end up with Helga G. Pataki.
> You know...some people always told me I'd end up with Helga G. Pataki.

< I always thought so.
> I always thought so.

< Me too.
> Me too.

< He leans me back just a bit and his lips find mine again...
> He leans me back just a bit and his lips find mine again...

< The dark, soaked Festival Grounds somehow make the perfect backdrop.
> The dark, soaked Festival Grounds somehow make the perfect backdrop.

< This was it...it had finally happened.
> This was it...it had finally happened.

< This was obviously the greatest Cheese Festival...ever.
> This was obviously the greatest Cheese Festival...ever.

< He pulls away again and takes my hand, lacing his fingers with mine.
> He pulls away again and takes my hand, lacing his fingers with mine.

< So, are you ready to head home?
> So, are you ready to head home?

< Are you kidding Football Head?
> Are you kidding Football Head?

< The night's just getting started!
> The night's just getting started!

< I squeeze his hand gently and pull him after me, not sure where I was going but damn sure I wasn't ready to go home.
> I squeeze his hand gently and pull him after me, not sure where I was going but damn sure I wasn't ready to go home.

< And behind me, Arnold just laughs, and I find myself laughing along too...
> And behind me, Arnold just laughs, and I find myself laughing along too...

< Whatever you say Helga...
> Whatever you say Helga...

< Whatever you say.
> Whatever you say.

< Got that right!
> Sain seda õigus!

< No, it's fine.
> Ei, see on korras.

< Okay, you're right...
> Olgu, sul on õigus...

< I'll be back later.
> Ma tulen tagasi hiljem.

< Say something to him...
> Ütle midagi talle...

< Wait to be greeted...
> Oodake õnnistus...

< Go and apologize...
> Mine ja vabanda...

< Find him later...
> Leia tema hiljem...

< I'll try to stall him.
> Ma proovin narritada teda.

< I'll joke around...
> Ma teen nalja üle...

< I'll be there.
> Ma tulen seal.

< I dunno yet.
> Ma ei tea.

< Just sleep in...
> Just sleep in...

< Get up and go!
> Get up and go!

< Get up and go....
> Get up and go....

< Go with him to school.
> Go with him to school.

< Convince him to cut...
> Convince him to cut...

< I have no idea.
> I have no idea.

< That's the fun!
> That's the fun!

< I was just saying...
> I was just saying...

< Well, yeah I guess.
> Well, yeah I guess.

< Of course!
> Of course!

< Absolutely not!
> Absolutely not!

< I'm gonna go look for him now!
> I'm gonna go look for him now!

< The second I see him, I'll let him know.
> The second I see him, I'll let him know.

< It's nothing, I'm fine.
> It's nothing, I'm fine.

< I want to know more...
> I want to know more...

< Let him find his words.
> Let him find his words.

< You look good....
> You look good....

< You look a little funny...
> You look a little funny...

< Oh my god, where the hell is it?!
> Oh my god, where the hell is it?!

< In a matter of moments, my room has quickly become a disaster area, clothes, books, everything...
> In a matter of moments, my room has quickly become a disaster area, clothes, books, everything...

< ...Scattered about in a desperate attempt to find something.
> ...Scattered about in a desperate attempt to find something.

< My locket is missing!
> My locket is missing!

< I had clearly remembered it on the car ride home.
> I had clearly remembered it on the car ride home.

< And then I put it back in my bag...
> And then I put it back in my bag...

< But now...
> But now...

< But now it isn't here!
> But now it isn't here!

< Every single thing that had been in that damn suitcase is, well everywhere.
> Every single thing that had been in that damn suitcase is, well everywhere.

< I slump to the floor and pull the bed sheet over my head.
> I slump to the floor and pull the bed sheet over my head.

< I have had that locket for years now...
> I have had that locket for years now...

< And while it may have been time to replace it...
> And while it may have been time to replace it...

< That doesn't mean I actually I want to.
> That doesn't mean I actually I want to.

< Popping my head out from the dim darkness of my blanket I let out a heavy sigh.
> Popping my head out from the dim darkness of my blanket I let out a heavy sigh.

< Well, I guess this makes packing everything up easier.
> Well, I guess this makes packing everything up easier.

< With college now in the past, as scary as that is all by itself...
> With college now in the past, as scary as that is all by itself...

< This bedroom's no longer going to be my own.
> This bedroom's no longer going to be my own.

< Everything in here was still the same though, green wallpaper and all...
> Everything in here was still the same though, green wallpaper and all...

< But already, it's starting to feel empty.
> But already, it's starting to feel empty.

< I'm moving on, going some place better...much better.
> I'm moving on, going some place better...much better.

< In fact...
> In fact...

< I dig through the mess of clothes and find my phone at the very bottom of the pile.
> I dig through the mess of clothes and find my phone at the very bottom of the pile.

< What? 8:00 already? Crap, I'm late!
> What? 8:00 already? Crap, I'm late!

< Frantically, I get up from the mess of clothes and blankets and head towards the door.
> Frantically, I get up from the mess of clothes and blankets and head towards the door.

< Well, first I check to make sure I don't look like a one, big giant mess myself....
> Well, first I check to make sure I don't look like a one, big giant mess myself....

< Then off I go...
> Then off I go...

< By the time I find myself a little bit more than half way there...
> By the time I find myself a little bit more than half way there...

< I hear a very familiar voice calling out to me.
> I hear a very familiar voice calling out to me.

< I stop.
> I stop.

< Oh, Phoebe!
> Oh, Phoebe!

< It had been a few months since I last saw Phoebe face to face...
> It had been a few months since I last saw Phoebe face to face...

< Texting and phone calls were a constant with us...but getting together was a lot harder...
> Texting and phone calls were a constant with us...but getting together was a lot harder...

< Espeically when one of us went to school on the other side of the country...
> Espeically when one of us went to school on the other side of the country...

< Or...used to, anyway.
> Or...used to, anyway.

< Congratulations!
> Congratulations!

< Yeah, you too!
> Yeah, you too!

< We give each other a quick hug, both happy to be back in Hillwood...
> We give each other a quick hug, both happy to be back in Hillwood...

< My previous appointment can wait...if only a moment...
> My previous appointment can wait...if only a moment...

< So, tell me, how did you do?
> So, tell me, how did you do?

< I was lazy, as always...but I did it.
> I was lazy, as always...but I did it.

< Got your English degree?
> Got your English degree?

< Yup, I'm pretty proud of myself...it got really, really boring sometimes.
> Yup, I'm pretty proud of myself...it got really, really boring sometimes.

< But Creative Writing was fun...
> But Creative Writing was fun...

< That's right! Your book of poems! I got that on my eReader!
> That's right! Your book of poems! I got that on my eReader!

< I was very impressed!
> I was very impressed!

< Oh Yeah? What about you? Dr. Heyerdahl, right? Haha...
> Oh Yeah? What about you? Dr. Heyerdahl, right? Haha...

< Well, not yet...l start medical school in the fall but...
> Well, not yet...l start medical school in the fall but...

< That's not important right now.
> That's not important right now.

< It's not? Isn't that what catch up's all about?
> It's not? Isn't that what catch up's all about?

< I've distracted you enough, haven't I?
> I've distracted you enough, haven't I?

< Pheebs, you're my best friend...you're not a distraction.
> Pheebs, you're my best friend...you're not a distraction.

< If he doesn't understand...then I'll just have to punch him in the face.
> If he doesn't understand...then I'll just have to punch him in the face.

< Helga, don't say that.
> Helga, don't say that.

< I'm kidding, I swear...more like the arm than the face.
> I'm kidding, I swear...more like the arm than the face.

< I know, and you wonder how he puts up with me.
> I know, and you wonder how he puts up with me.

< Phoebe shakes her head slowly, her smile doesn't fade away.
> Phoebe shakes her head slowly, her smile doesn't fade away.

< I don't wonder that at all.
> I don't wonder that at all.

< This was clearly meant to be.
> This was clearly meant to be.

< I smile at her words...
> I smile at her words...

< But you're probably right...
> But you're probably right...

< I should get going.
> I should get going.

< Call me later, okay?
> Call me later, okay?

< Let's meet up tomorrow.
> Let's meet up tomorrow.

< Okay. I'll see you then!
> Okay. I'll see you then!

< Right! Good luck!
> Right! Good luck!

< And off I go again...
> And off I go again...

< Heading towards City Park.
> Heading towards City Park.

< By the time I get there, the sun has gone down completely.
> By the time I get there, the sun has gone down completely.

< The park now, is lit only by the bright full moon.
> The park now, is lit only by the bright full moon.

< And considering stars were rare in a city sky...a few of them twinkle for me.
> And considering stars were rare in a city sky...a few of them twinkle for me.

< No, no...
> No, no...

< There you are, I've been waiting!
> There you are, I've been waiting!

< They're twinkling for us.
> They're twinkling for us.

< I make my way to him, falling into a tight embrace.
> I make my way to him, falling into a tight embrace.

< I missed you.
> I missed you.

< Missed me?
> Missed me?

< He laughs~
> He laughs~

< I dropped you off at your house this morning.
> I dropped you off at your house this morning.

< Too long...
> Too long...

< I mumble into his chest, leaning on him...
> I mumble into his chest, leaning on him...

< At this point he's basically holding me up.
> At this point he's basically holding me up.

< I was sure he doesn't mind.
> I was sure he doesn't mind.

< Heh, I guess you're right.
> Heh, I guess you're right.

< I'm always right.
> I'm always right.

< He pulls me back a bit and smiles.
> He pulls me back a bit and smiles.

< I missed you too.
> I missed you too.

< Of course you did.
> Of course you did.

< He laughs at me again and pulls me towards the old park bench.
> He laughs at me again and pulls me towards the old park bench.

< And as we sit down, we are still holding on to one another.
> And as we sit down, we are still holding on to one another.

< We're freaks of nature.
> We're freaks of nature.

< How so?
> How so?

< I don't even phase him anymore...
> I don't even phase him anymore...

< I could come up with the most random of topics and it'll rarely ever take him by surprise.
> I could come up with the most random of topics and it'll rarely ever take him by surprise.

< We've been together, what...five years or so?
> We've been together, what...five years or so?

< Seems longer...
> Seems longer...

< Right? Shouldn't we hate each other by now?
> Right? Shouldn't we hate each other by now?

< It's just...and I'm saying this, even though I know how romantic I can be...
> It's just...and I'm saying this, even though I know how romantic I can be...

< Right...?
> Right...?

< It's not too common for high school sweethearts, as corny as that may sound...
> It's not too common for high school sweethearts, as corny as that may sound...

< To be together forever.
> To be together forever.

< ...Arnold?
> ...Arnold?

< You think we're in for the long run?
> You think we're in for the long run?

< Yeah.
> Yeah.

< And that's it...
> And that's it...

< I have never doubted my love for him, even after all this time...and yet...
> I have never doubted my love for him, even after all this time...and yet...

< I think it still amazes me that he loves me back.
> I think it still amazes me that he loves me back.

< Though, a part of me was terrified a little nine-year-old Helga was going to wake up from one incredible dream one morning.
> Though, a part of me was terrified a little nine-year-old Helga was going to wake up from one incredible dream one morning.

< But I mean, it wasn't always a freakin' fairy tale.
> But I mean, it wasn't always a freakin' fairy tale.

< Of course we fought...but we always made up...
> Of course we fought...but we always made up...

< Which was very...very...{i}fun{/i}.
> Which was very...very...{i}fun{/i}.

< I knew it.
> I knew it.

< ...Cause I've told you before.
> ...Cause I've told you before.

< I know, I know...gimme a break.
> I know, I know...gimme a break.

< I've been crazy about you for so long...
> I've been crazy about you for so long...

< I still think I'm dreaming.
> I still think I'm dreaming.

< He doesn't say anything. Just puts his arms around me and pulls me closer to him...
> He doesn't say anything. Just puts his arms around me and pulls me closer to him...

< His silent way of telling me he was real.
> His silent way of telling me he was real.

< It is then I remember...
> It is then I remember...

< Oh, sorry I was late by the way...
> Oh, sorry I was late by the way...

< Wha...?
> Wha...?

< At first it was because I was looking for something...
> At first it was because I was looking for something...

< Then I ran into Phoebe on the way here...
> Then I ran into Phoebe on the way here...

< Uh-huh, she's doing good.
> Uh-huh, she's doing good.

< I'm glad.
> I'm glad.

< You said you were looking for something?
> You said you were looking for something?

< I suddenly sit straight up, the memory coming back to me.
> I suddenly sit straight up, the memory coming back to me.

< My locket! I lost my locket!
> My locket! I lost my locket!

< The one with my picture?
> The one with my picture?

< Like I have any other...
> Like I have any other...

< Didn't you have it in the car with you?
> Didn't you have it in the car with you?

< Yes! That's what I don't understand!!
> Yes! That's what I don't understand!!

< Ah...
> Ah...

< That must be where I took it then...
> That must be where I took it then...

< You have my locket?
> You have my locket?

< Yeah, it's right here.
> Yeah, it's right here.

< He taps his hand on his left side pocket and smirks.
> He taps his hand on his left side pocket and smirks.

< Give it back! What am I supposed to look at when you're not around?!
> Give it back! What am I supposed to look at when you're not around?!

< Hold on, in a minute.
> Hold on, in a minute.

< In a minute? Why in a minute?
> In a minute? Why in a minute?

< He looks away for a moment, as if he is thinking something over...
> He looks away for a moment, as if he is thinking something over...

< Then suddenly, he turns back to me, almost catching me by surprise.
> Then suddenly, he turns back to me, almost catching me by surprise.

< It's interesting...how you asked if I thought we were in this for the long run.
> It's interesting...how you asked if I thought we were in this for the long run.

< Yeah? Why?
> Yeah? Why?

< I have to be honest, I'm barely listening...
> I have to be honest, I'm barely listening...

< I just want to know why he's keeping my locket.
> I just want to know why he's keeping my locket.

< It's my locket, not his.
> It's my locket, not his.

< Even if his name is on the inside of it...
> Even if his name is on the inside of it...

< And his picture is on the front of it...
> And his picture is on the front of it...

< None of that matters!
> None of that matters!

< It's mine and he should...
> It's mine and he should...

< You know I love you, right?
> You know I love you, right?

< Oh...!
> Oh...!

< Now I'm paying attention.
> Now I'm paying attention.

< I always like hearing that...
> I always like hearing that...

< But he sounds shy...almost nervous as he says it.
> But he sounds shy...almost nervous as he says it.

< Something is up...
> Something is up...

< Of course...I love you too.
> Of course...I love you too.

< It almost seems like he's double checking.
> It almost seems like he's double checking.

< He's being so weird...weirder than normal.
> He's being so weird...weirder than normal.

< He takes a deep breath in a reaches into his pocket, pulling it out and handing it to me.
> He takes a deep breath in a reaches into his pocket, pulling it out and handing it to me.

< Here.
> Here.

< But instead of his picture...the words "Open Me" were written over a piece of paper, cut out in the locket's heart shape.
> But instead of his picture...the words "Open Me" were written over a piece of paper, cut out in the locket's heart shape.

< What is this? You change my engraving or something?
> What is this? You change my engraving or something?

< Heh...not quite.
> Heh...not quite.

< With a shrug of my shoulders, I click the lock and open the heart wide.
> With a shrug of my shoulders, I click the lock and open the heart wide.

< This is a lie, isn't it?
> This is a lie, isn't it?

< Some sick joke...
> Some sick joke...

< Helga...you know this is for real.
> Helga...you know this is for real.

< His voice is warm and sweet...but...
> His voice is warm and sweet...but...

< I-I don't...it can't be.
> I-I don't...it can't be.

< He laughs as if he were expecting my shock...
> He laughs as if he were expecting my shock...

< He knows me too well...
> He knows me too well...

< And why not?
> And why not?

< I won't believe you until I hear you ask it.
> I won't believe you until I hear you ask it.

< Otherwise it's just words on paper.
> Otherwise it's just words on paper.

< It's not just words on paper...I know you're staring at it.
> It's not just words on paper...I know you're staring at it.

< What? I don't see anything...
> What? I don't see anything...

< He shrugs his shoulders and lets out a quiet laugh.
> He shrugs his shoulders and lets out a quiet laugh.

< There goes trying to be creative.
> There goes trying to be creative.

< I guess I'm just traditional when it comes to stuff like this...
> I guess I'm just traditional when it comes to stuff like this...

< I'm not sure if that scares me or not...
> I'm not sure if that scares me or not...

< Shut up...you're ruining the moment.
> Shut up...you're ruining the moment.

< I'm ruining the moment?
> I'm ruining the moment?

< Yes.
> Yes.

< He looks away with a laugh, still amused with my disbelief.
> He looks away with a laugh, still amused with my disbelief.

< ...Okay, you don't have to get on one knee or anything.
> ...Okay, you don't have to get on one knee or anything.

< Just ask me.
> Just ask me.

< I know it sounds stupid but...
> I know it sounds stupid but...

< I wanna hear you say it.
> I wanna hear you say it.

< Without a word, he takes the locket from my hands and removes the little, glittering {i}thing{/i}...I had been staring at.
> Without a word, he takes the locket from my hands and removes the little, glittering {i}thing{/i}...I had been staring at.

< It is just too perfectly pretty to be real.
> It is just too perfectly pretty to be real.

< By now my heart is in my throat, and without meaning to, I'm holding my breath.
> By now my heart is in my throat, and without meaning to, I'm holding my breath.

< Baby, you're gonna wanna breathe if you'd like to be conscious for this.
> Baby, you're gonna wanna breathe if you'd like to be conscious for this.

< His voice is soft, but I hear the teasing behind it...
> His voice is soft, but I hear the teasing behind it...

< I can't help it...
> I can't help it...

< Okay...then maybe you're not ready for this...
> Okay...then maybe you're not ready for this...

< He's probably kidding, but the words are enough to wake me from my stupor.
> He's probably kidding, but the words are enough to wake me from my stupor.

< No! No! No! I wanna hear it, please Arnold...I'm sorry...it's just...
> No! No! No! I wanna hear it, please Arnold...I'm sorry...it's just...

< A lot?
> A lot?

< ...Yes.
> ...Yes.

< I know...it's heavy for me too.
> I know...it's heavy for me too.

< But you had more time to prepare!
> But you had more time to prepare!

< Yeah, but apparently that didn't go over so well...
> Yeah, but apparently that didn't go over so well...

< It's not that I don't appreciate the idea...
> It's not that I don't appreciate the idea...

< I just wanted you to say...
> I just wanted you to say...

< Will you marry me?
> Will you marry me?

< I wasn't ready!
> I wasn't ready!

< ...Can't make anything easy can you?
> ...Can't make anything easy can you?

< Hello? Have we met? I'm you're fiancÃ©...
> Hello? Have we met? I'm you're fiancÃ©...

< I didn't even mean to say it...
> I didn't even mean to say it...

< And a chill runs up my spine as a response.
> And a chill runs up my spine as a response.

< That's...just...
> That's...just...

< Yeah...didn't sound half bad.
> Yeah...didn't sound half bad.

< One more time.
> One more time.

< I'm ready for it now.
> I'm ready for it now.

< He grabs my hand and without words, slips the ring on my finger.
> He grabs my hand and without words, slips the ring on my finger.

< Helga...will you marry me?
> Helga...will you marry me?

< There's no hesitation in my answer, not a beat of silence.
> There's no hesitation in my answer, not a beat of silence.

< I knew I wanted to be his wife long before he even wanted to ask me.
> I knew I wanted to be his wife long before he even wanted to ask me.

< Doesn't mean I'm not nervous as hell that it was finally happening...
> Doesn't mean I'm not nervous as hell that it was finally happening...

< But when he kisses me soon after, it becomes increasingly harder to...think...logical...thoughts...
> But when he kisses me soon after, it becomes increasingly harder to...think...logical...thoughts...

< To...think...at...all...
> To...think...at...all...

< His lips come to mine, and it is as if he's pouring his soul into me...
> His lips come to mine, and it is as if he's pouring his soul into me...

< This feeling is something I had felt before, but loved every time it happened.
> This feeling is something I had felt before, but loved every time it happened.

< His kisses are just as pure and kind as he is...but there was something else, this passion that fueled it too...
> His kisses are just as pure and kind as he is...but there was something else, this passion that fueled it too...

< But the excitement and the romance of it all...makes it hard to wanna stop at just kissing...
> But the excitement and the romance of it all...makes it hard to wanna stop at just kissing...

< When we pull away, the smiles on our faces cannot be contained.
> When we pull away, the smiles on our faces cannot be contained.

< I think...we should continue this at {i}our place{/i}.
> I think...we should continue this at {i}our place{/i}.

< I laugh, that just sounded so good to hear.
> I laugh, that just sounded so good to hear.

< A place that was mine...with someone who wanted to be with me, to love me.
> A place that was mine...with someone who wanted to be with me, to love me.

< Oh yeah? All my clothes are still at Big Bob's.
> Oh yeah? All my clothes are still at Big Bob's.

< You won't need them anyway.
> You won't need them anyway.

< Arnold! That's very unlike you...in fact, it's more like me.
> Arnold! That's very unlike you...in fact, it's more like me.

< I did say you were rubbing off on me once, didn't I?
> I did say you were rubbing off on me once, didn't I?

< You obviously spend too much time with me...
> You obviously spend too much time with me...

< He laughs at my words.
> He laughs at my words.

< And now you're gonna spend the rest of your life with me!
> And now you're gonna spend the rest of your life with me!

< What's going to end up happening to you?
> What's going to end up happening to you?

< But I can't wait to find out.
> But I can't wait to find out.

< Before we make our way home, I grab onto his arm, calling his attention.
> Before we make our way home, I grab onto his arm, calling his attention.

< Thank you for asking.
> Thank you for asking.

< He lets out a quiet laugh... A knowing, warm smile spreads across his face.
> He lets out a quiet laugh... A knowing, warm smile spreads across his face.

< Trust me...
> Trust me...

< He reaches up, tucking a stray piece of hair that had fallen into my face, behind my ear.
> He reaches up, tucking a stray piece of hair that had fallen into my face, behind my ear.

< I was happy to do it.
> I was happy to do it.

< And...?
> And...?

< And...
> And...

< He takes my face in his hands and I move into his touch.
> He takes my face in his hands and I move into his touch.

< I love you, Helga.
> I love you, Helga.

< I close my eyes and feel happy tears begin to bust their way through.
> I close my eyes and feel happy tears begin to bust their way through.

< If I didn't speak up and say something in return I would probably end up sobbing...
> If I didn't speak up and say something in return I would probably end up sobbing...

< G-good!
> G-good!

< Hey! Just a good?
> Hey! Just a good?

< Apparently, he's expecting a bit more as well.
> Apparently, he's expecting a bit more as well.

< Haha~ I love you, too!
> Haha~ I love you, too!

< With a quick pull, his lips find mine again...
> With a quick pull, his lips find mine again...

< And after one more long kiss, he helps me to my feet and I run along after him...to our new home.
> And after one more long kiss, he helps me to my feet and I run along after him...to our new home.

< Granted it will be mostly empty but...
> Granted it will be mostly empty but...

< It's still ours.
> It's still ours.

< And that's the way it's going to be from now on, too.
> And that's the way it's going to be from now on, too.

< Finally!
> Finally!

< On the way, we pass by what looks to be this year's Cheese Festival, just beginning to set up.
> On the way, we pass by what looks to be this year's Cheese Festival, just beginning to set up.

< I stop, which made Arnold in turn stop as well.
> I stop, which made Arnold in turn stop as well.

< Cheese Festival's come again, huh?
> Cheese Festival's come again, huh?

< Looks like it.
> Looks like it.

< Are we going?
> Are we going?

< Of course...
> Of course...

< I love the Cheese Festival.
> I love the Cheese Festival.

< Whatever, I'm fine.
> Mida iganes, ma olen korras.

< I mumble as I try to dust the dirt off my jeans.
> Ma mõmisen ehk ma proovin teha muru välja mu teksad.

< Oh, okay...are you feeling alright Helga?
> Oi, olgu...kas sul on korras kõik, Helga?

< You seem a little off...
> Sa näed väike välja...

< Really, Football Head, do you listen?
> Päriselt, Jalgpall Pea, kas sa kuulad?

< I just said everything's fine, so get off my case, okay?!
> Ma ütlesin sulle kõik on korras, siis tõmba eest ära, eks?!

< Uh, yeah sure Helga...sorry again. I'll see you when I see you I guess...
> Ah, jah muidugi Helga... vabandust jälle. Ma näen sind kui ma näen sind vist...

< I watch as Arnold runs off ahead, the reason, of course, being me...
> Ma vaatan Arnold jookseb välja, põhjus, noh muidugi, minust...

< But it can't be helped! I can't control my wacky emotions when it comes to him...if only...
> Aga ei saa aitada! Ma ei saa juhtida mu sugudav emotsioonid kui tuleb tema...kui ainult...

< Anyway, it's on Saturday...can you believe it?
> Igatahes, see on laupäev...kas sa uskud?

< Huh? What is?
> Ah? Mis on?

< The Cheese Festival!
> Juustu Festival!

< Are we still talking about this?
> Kas ikkagi rääkime seda?

< Sorry Helga...
> Vabandust Helga...

< Ugh...whatever...
> Ah...mida iganes...

< It's fine, I get that you're pumped...
> See on okei, ma sain aru sa said põmpsti...

< But since I'm not going, remember to buy me some cheese sticks, will ya?
> Aga alates ma ei lähe midagi, jäta meelde osta mulle mõned juustupulgad, võid?

< Remembering!
> Mäletan!

< Yeah, I guess you're right...It's just so draining sitting in those classes...
> Jah, ma arvan sul on õigus...See on nii voolab istumine need klassides...

< Do you feel your creative juices leaving you Helga?
> Kas sa tunned su loodus mahlad lahkub sind, Helga?

< That's one way of putting it Pheebs...
> See ongi üks valiku panna, Pheeb...

< But no matter, I'm right behind you.
> Aga pole vahet, ma olen õigus taga sinult.

< The class is just as bad as I figured it would be...
> See klassi on lihtsalt paha mõtlesinki olla võiks...

< This is soul sucking boredom I am dealing with.
> See on hinge toppib ma nõustun koos.

< I can't help it if all my brain can do is wander and wonder...
> Ma ei saa aitada kui mu kõik peasüsteemi saab 

< To Arnold, my love, my muse~
> Arnoldisse, mu armas, mu kallikene~

< He has no idea how I regularly stare lovingly at his weird little football head...
> Tal ei ole idee kuidas ma hoida kokku minu imelik väike jalgpall pea...

< And yet...
> Ja isegi...

< The walk to school this morning with him was actually kind of okay..
> Jalutades koolisse sel hommikul koos tema oli lihtne kena tõesti..

< And it wasn't even that hard, joking with him...
> Ja see ei olnud raske, teen nalja temaga...

< In a nice way, I mean.
> Kena poole, ma mõtlen.

< I wouldn't mind spending more mornings like this one.
> Mul ei ole tahes jookseb rohkem hommikud näiteks üks seda.

< Mornings, noons, nights...
> Hommikud, lõunad, ööd...

< Even after all this time I was still crazy about him.
> Isegi pärast kõik seda kord ma olin ikka hullu tema eest.

< I try to look away from him and stare out the window...
> Ma proovin vaatada eemale temast ja vaatan aknasse välja...

< I was my usual cranky self with him this morning...
> Ma olin mu kasutus ähvardanud endast temaga sel hommikul.

< And scared him off him like I always do.
> Ja kartsin tema välja nagu ma teen alati.

< Could I...actually change myself though?
> Kas saaksin... päriselt saan muuda enda ise?

< I mean if I really tried to be his friend...maybe more than his friend...
> Ma mõtlen kui ma oleksin proovinud olla tema sõber... arvan rohken kui tema sõber...

< Was that even possible?
> Kas oli võimalik?

< I found myself looking out the window...
> Ma leidsin ennast vaatada välja aknas...

< And then I remembered the Cheese Festival.
> Ja siis ma mäletan Juustu Festival.

< Maybe...if I acted kinder towards Arnold...he might...
> Võib olla...kui olen käitunud kenaks kohta Arnold... ta võib...

< Ask me to go with him?
> Küsida mind käest, et minna?

< Hell it was worth a shot!
> Põrgus, see oli tult!

< Anything was better than going on like this...
> Midagi kui paremas kuna see läks seda...

< Arnold and I...barely even anything...
> Arnold ja ma...kavatsen teha midagi...

< I had to try!
> Ma pean proovima!

< I quietly wait beside him, waiting for him to say something to me.
> Ma ootan vaikselt vastu temast, ootan tema öelda midagi mulle.

< The line slowly moves little by little and the waiting feels like an eternity...
> Rida liigub edasi aeglaselt pisikene ja ootmine tunneb nagu niimoodi...

< Though more likely it was probably only a few minutes.
> Arvasin võib rohkem meeldiva ainult mõned minutid.

< Helga, can you pass me the tapioca?
> Helga, saaksid mulle anda tapiokk?

< Huh? What?
> Ah? Mida?

< Great, he finally talks and I'm not even paying attention.
> Tore, lõpuks ta räägis ja ma ei kuulanud sõna.

< Nothing serious, just wondering if you could pass the pudding?
> Ei midagi päris, lihtsalt arvan saaksid võtta pudru?

< I nod my head slowly and hand him over a cup.
> Ma noogutasin aeglaselt pead ja anna tema tassi.

< We pick up our trays and make our way into the cafeteria.
> Me võtsime oma taldrikud ja saime minna kohvikusse.

< I spy Gerald and Phoebe eating together so Arnold and I go over to join them.
> Ma piilun Gerald ja Phoebe söövad koos, siis Arnold ja mina saame liituda neid.

< Hey Pheebs, Geraldo...
> Hei Pheeb, Geraldo...

< And Arnold together?
> Ja Arnold koos?

< Now I've seen everything!
> Nüüd olen kõik näinud!

< What's the big deal?
> Mis on suur soodus?

< We just came over from the lunch line is all...
> Me tulime läbi lõunal järjelkorras kõik...

< I think my heart might have sunk a bit with that.
> Ma arvates mu süda läks uppuma selle.

< Well, no matter...
> Noh, pole vahet...

< We're all friends here, aren't we?
> Me oleme kõik sõbrad siin, pole nii?

< The collected mumbles from the three of us was actually kind of funny.
> Korjatud pobitud kolme meiest oli kena naljakat.

< Anyway Pheebs, what time should I pick you up on Saturday?
> Igatahes Pheeb, mis kell võtan sind üles laupäeval?

< I tried not to look at Arnold as Gerald brought up the Festival in front of us...
> Ma proovin mitte vaatada Arnold ehk Gerald tõi üles Festival meie eest...

< Instead I stirred my pudding, hoping this subject wouldn't last very long.
> Isegi ma segasin mu pudru arvan see ülesanne polnud väga kaua viimane.

< Oh, 6:30ish should be fine...I'm really looking forward to it.
> Oi, kella 18:30 on okei...ma vaatan üle siis.

< Phoebe turns to me, and her smile slightly falls.
> Phoebe pööras mulle ja tema rõõm läks alla.

< I still think you should go Helga.
> Ma ikka arvan sa pead minema Helga.

< You're not going this year?
> Sa ei lähe sel aastal?

< Oh yeah, he wasn't there to hear me say that.
> Ah jah, ta ei olnud seal kuulda mind öelda seda.

< Uh, yeah I was thinking about skipping it.
> Eh, jah ma arvasin jäta vahele.

< And I just kept stirring away...
> Ja ikka segasin eemale...

< Honestly...
> Aus...

< We could all have a nice time together.
> Me võime olla hea kenad aeg kõik.

< Maybe as a group?
> Äkki vist grupp?

< I dunno I just...
> Ma ei tea, lihtsalt...

< That wouldn't be so bad...
> See pole paha juhul...

< Going as a big group I mean...
> Läheb ehk suur gruppi ma mõtlen...

< Might be fun.
> Lõbus ongi.

< Heh-heh...
> Hih-hih...

< That isn't anywhere near where I wanted him to be.
> See ei lähe tagant kusagilt kus ma tahtsin olla teda.

< A group? Like a bunch of people?
> Gruppi? Näiteks topelt inimene?

< No, I wanted him to myself.
> Ei, ma tahan teda olla ennast.

< But it's not like I can just come out and say that.
> Aga see pole näiteks, ma võin tulla välja ja ütleda.

< Well as long as me and Phoebe can get {i}some{/i} one on one time, it's fine with me.
> Noh ehk siis kaua mina ja Phoebe saame {i}mõned{/i} üks korraga, kuna on okei minuga.

< So Helga, what do you say?
> Nii Helga, mis sa ütled?

< I uh...
> Noh, et...

< I couldn't just say no.
> Ma ei saa öelda ei vist.

< I didn't want him to think I was completely not interested.
> Ma ei taha teda mõtleda ma arvasti pole huvitada lõplikult.

< What to do?
> Mida teha?

< Uh, yeah sure...sounds like a plan.
> Ah, jah see kõlab hea plaan.

< I'll think about it, I promise.
> Ma mõtlen välja, ma luban.

< Well, I suppose that's better than a no.
> Noh, ma arvatse see on parem kui ei.

< Trust me, you're lucky I'm considering it.
> Usu mind, sa oled edu ma otsustan.

< Oh my god, what was the matter with me?
> Issand jumal, mis mu oli vahet on?

< Hmm...well I'll go if you go.
> Hmm...noh ma lähen kui sa lähed.

< It didn't make a difference, the bell rang for the next class and off he went.
> See ei teinud kumbat, keel helises järgmise klassi ja läks välja.

< Sorry, I gotta go...my class is upstairs, I'll see ya guys later!
> Vabandust, ma pean minema...mu klass on üleval, ma näen teile hiljem!

< That's great Helga, I'm so glad you changed your mind.
> See on tore Helga, ma olen õnnelik sa vahetasid su otsus.

< Yeah me too...
> Jah mina ka...

< Really Arnold...?
> Päriselt Arnold...?

< Uh, I mean...well yeah, you know it doesn't sound like a complete waste of time this way.
> Noh, mõtlen...jah, sa tead see ei kõla lõpmatu raiskamine aegus.

< And I've got nothing better to do this Saturday.
> Ja mul ei ole mitte midagi teha sel laupäeval.

< Right....
> Selge....

< Phoebe whispers to me, trying to be private.
> Phoebe sosistab mulle, proovib privaatne.

< You're rambling...
> You're rambling...

< Oh...thanks Pheebs.
> Oi...äitah Pheebs.

< I turn away from the table, trying to hide my red cheeks.
> Ma pööran välja lauast, proovin peida mu punane põsed.

< Well...I guess since Helga's going now I might go too...
> Noh...äkki arvan alates Helga läheb kohe, ma vist lähen ka...

< That's not something you just leave hanging, Hair Boy!
> See pole midagi sa nautid juttu, Juuks Poiss!

< Helga...are you okay?
> Helga...kas sa oled okei?

< She's perfectly fine.
> Ta on suurepäraselt hästi.

< Yeah, I'm freaking fantastic.
> Jah, olen fantastiline 

< Right...well I'm off.
> Hea küll, noh ma lähen välja.

< I look away as he gives Phoebe a peck on her cheek.
> Vaatan välja, tema annab Phoebe tonksi teda põset.

< I slam my head down on the table...
> Ma viskan mu pea alla laual...

< I waaaaaaaaant that.
> Ma tahaaaaan seda.

< Oh dear....
> Oi kallis....

< With that stupidly perfect Football Head!
> Koos selle lollaka suurpärat Jalgpall Pea!

< By now most of the cafeteria was empty
> Nüüd kohvik oli palju tühi

< I know Helga, I know.
> Ma tean Helga, ma tean.

< I groan again, feeling utterly defeated.
> Ma oigan uuesti, tunnen olen sain maha.

< There is no way this is going to end well...
> See ei saa olla, et lõpetada hästi...

< Oh, it's nothing.
> Oi, see pole midagi.

< ...All right Helga. Well let's go, we're going to be late.
> ...Hea küll Helga. Noh läksime siis, me jääme hiljaks.

< Whatever.
> Mida iganes.

< Oh Helga...
> Oi Helga...

< Well duh, Football Head...where else would I be?
> Nojah, Jalgpall Pea...kus see võiks olla?

< Haha, yeah okay Helga...
> Haha, jah olgu Helga...

< I'll see ya...
> Ma näen sind...

< I watched him go and tried not to breath out a heavy sigh...
> Ma vaatsin teda minema ja proovin mitte ohkada välja suur õhk...

< ~~~sigh~~~
> ~~~oeh~~~

< I guess I would have to try harder tomorrow...
> Äkki ma proovin saada raskem vist homme...

< Maybe you will, maybe you won't...
> Maybe you will, maybe you won't...

< What you're just not gonna show up tomorrow?
> What you're just not gonna show up tomorrow?

< Would you be worried?
> Would you be worried?

< Maybe I will, maybe I won't.
> Maybe I will, maybe I won't.

< Oh, using my own words against me, huh?
> Oh, using my own words against me, huh?

< I learn from the best.
> I learn from the best.

< Obviously.
> Obviously.

< Haha, okay, okay, enough...I'll see you tomorrow.
> Haha, okay, okay, enough...I'll see you tomorrow.

< If you say so...
> If you say so...

< I watched him go and my heart swelled just a bit...
> I watched him go and my heart swelled just a bit...

< Maybe I can do this after all...
> Maybe I can do this after all...

< Yeah, going to school seems like the best choice.
> Yeah, going to school seems like the best choice.

< It's not like sleeping in is going to get me any closer to Arnold.
> It's not like sleeping in is going to get me any closer to Arnold.

< And I can kick my butt into gear if I think about him.
> And I can kick my butt into gear if I think about him.

< It turned out I was running late, even Phoebe had gone on ahead of me.
> It turned out I was running late, even Phoebe had gone on ahead of me.

< When I slid into my desk for my first class, I watched the door, waiting for Arnold.
> When I slid into my desk for my first class, I watched the door, waiting for Arnold.

< I was going to put my all into it today but...
> I was going to put my all into it today but...

< He never freaking showed up!
> He never freaking showed up!

< When lunch finally came I sat  down, feeling pretty defeated.
> When lunch finally came I sat  down, feeling pretty defeated.

< I really was nuts...missing him like this...ugh.
> I really was nuts...missing him like this...ugh.

< I'm pathetic...
> I'm pathetic...

< Helga...you aren't eating today?
> Helga...you aren't eating today?

< No money...
> No money...

< Uh, I think I can spot you...
> Uh, I think I can spot you...

< No, it's fine...but, uh...you could answer a question.
> No, it's fine...but, uh...you could answer a question.

< ...Okay?
> ...Okay?

< Where's the Football Head today, I uh...I didn't see him.
> Where's the Football Head today, I uh...I didn't see him.

< I dunno, I texted him this morning, he said he had a cold.
> I dunno, I texted him this morning, he said he had a cold.

< A cold?
> A cold?

< Yeah, it means he's sick.
> Yeah, it means he's sick.

< I know what it means...!
> I know what it means...!

< Okay, okay I was just kidding, no need to snap.
> Okay, okay I was just kidding, no need to snap.

< Ugh...sorry, sorry.
> Ugh...sorry, sorry.

< Seriously what?
> Seriously what?

< You're apologizing?
> You're apologizing?

< What? I've done it before...
> What? I've done it before...

< She has...
> She has...

< A guy can't make a joke anymore, huh?
> A guy can't make a joke anymore, huh?

< Ugh, never mind...
> Ugh, never mind...

< The rest of the school day seemed kind of a blur...
> The rest of the school day seemed kind of a blur...

< Teachers talk about things I don't care about...students rambling amongst themselves.
> Teachers talk about things I don't care about...students rambling amongst themselves.

< And of course I thought about Arnold...this whole day felt like such a waste because he hasn't here...
> And of course I thought about Arnold...this whole day felt like such a waste because he hasn't here...

< That afternoon I left the school grounds alone, needing to think.
> That afternoon I left the school grounds alone, needing to think.

< Arnold, my love...
> Arnold, my love...

< I said aloud after making sure the coast was clear...
> I said aloud after making sure the coast was clear...

< How I miss your peaceful face when you're astray...
> How I miss your peaceful face when you're astray...

< How you calm and force my heart to beat away...
> How you calm and force my heart to beat away...

< Oh damn, I am on fire...
> Oh damn, I am on fire...

< I pull out my pink book and write that line down before I forgot it...
> I pull out my pink book and write that line down before I forgot it...

< How....I...miss...
> How....I...miss...

< .....
> .....

< Some things never change...
> Some things never change...

< After I finished up my...business...
> After I finished up my...business...

< I quickly regained my composure.
> I quickly regained my composure.

< And made my way home...
> And made my way home...

< I don't like not seeing him, despite the inspiration boost...
> I don't like not seeing him, despite the inspiration boost...

< ...Ah?
> ...Ah?

< What is this?
> What is this?

< I had walked past some neighborhood deli with a two soup specials today...
> I had walked past some neighborhood deli with a two soup specials today...

< And an idea suddenly struck...
> And an idea suddenly struck...

< Gerald did say he was sick today, didn't he?
> Gerald did say he was sick today, didn't he?

< This could be part of the new, nicer me...
> This could be part of the new, nicer me...

< Well, a step in the right direction at least.
> Well, a step in the right direction at least.

< I rush right in a grabbed both...cause I didn't know which he'd like better...
> I rush right in a grabbed both...cause I didn't know which he'd like better...

< And ran right over to the boarding house.
> And ran right over to the boarding house.

< Okay Helga, just be honest...just-be-nice!
> Okay Helga, just be honest...just-be-nice!

< With everything I had I started knocking on the door.
> With everything I had I started knocking on the door.

< It wouldn't be too bad since he probably wouldn't answer anyway...
> It wouldn't be too bad since he probably wouldn't answer anyway...

< Coming!
> Coming!

< Wait...what?
> Wait...what?

< And he opened the door suddenly, leaving me no time to prepare!
> And he opened the door suddenly, leaving me no time to prepare!

< Helga?! What are you doing here?
> Helga?! What are you doing here?

< I...uh...well...you...uh....
> I...uh...well...you...uh....

< Aren't you supposed to be sick or something?!?!
> Aren't you supposed to be sick or something?!?!

< A part of me felt like pushing the hot soup into his hands and running far, far away.
> A part of me felt like pushing the hot soup into his hands and running far, far away.

< Sick?
> Sick?

< Oh! Heh, yeah I did tell Gerald that this morning didn't I?
> Oh! Heh, yeah I did tell Gerald that this morning didn't I?

< Yes....yes you did.
> Yes....yes you did.

< So...did you bring me something?
> So...did you bring me something?

< He motioned towards the paper bag in my hands.
> He motioned towards the paper bag in my hands.

< ...Um...yeah?
> ...Um...yeah?

< But it's kind of shot to hell now that...
> But it's kind of shot to hell now that...

< He didn't let me finish and grabbed the bag and peered inside.
> He didn't let me finish and grabbed the bag and peered inside.

< Soup?
> Soup?

< He grinned at me like...like...
> He grinned at me like...like...

< Oh! I don't even know what!
> Oh! I don't even know what!

< You brought me soup?
> You brought me soup?

< Shut up! I was trying to be nice! It's your fault for not actually being sick!
> Shut up! I was trying to be nice! It's your fault for not actually being sick!

< I'm not accusing you of anything...
> I'm not accusing you of anything...

< He let that trail off as if he knew it was coming.
> He let that trail off as if he knew it was coming.

< But why two?
> But why two?

< *mumble* *mumble* didn't know *mumble mumble*
> *mumble* *mumble* didn't know *mumble mumble*

< ...What did you just say?
> ...What did you just say?

< Ugh! I said I didn't know which one you liked so I got both!
> Ugh! I said I didn't know which one you liked so I got both!

< Oh!
> Oh!

< This is kinda weird...
> This is kinda weird...

< You're telling me...
> You're telling me...

< But not in a bad way...
> But not in a bad way...

< Not...in a...?
> Not...in a...?

< You want one?
> You want one?

< Well there are two so, one for me and one for you?
> Well there are two so, one for me and one for you?

< I uh...I guess but isn't there just one spoon?
> I uh...I guess but isn't there just one spoon?

< Not a problem.
> Not a problem.

< He reached inside the bag and pulled out the white plastic utensil...
> He reached inside the bag and pulled out the white plastic utensil...

< And with a flick it suddenly became two.
> And with a flick it suddenly became two.

< Heh, very nice.
> Heh, very nice.

< I am a magician, after all...
> I am a magician, after all...

< I made you disappear once...
> I made you disappear once...

< Hah! Very funny...gimme that!
> Hah! Very funny...gimme that!

< I reached for one of the spoons and the tips of my fingers brushed against his...
> I reached for one of the spoons and the tips of my fingers brushed against his...

< It was like a shot of electricity went through my entire arm.
> It was like a shot of electricity went through my entire arm.

< And I slowly pulled away, feeling the heat rise to my cheeks.
> And I slowly pulled away, feeling the heat rise to my cheeks.

< So which one do want?
> So which one do want?

< It was like he didn't even notice.
> It was like he didn't even notice.

< Huh? Oh you pick, they're yours anyway.
> Huh? Oh you pick, they're yours anyway.

< Okay...I'll try this one.
> Okay...I'll try this one.

< He picked one up out of the bag and set it aside then handed me the other one.
> He picked one up out of the bag and set it aside then handed me the other one.

< Enjoy!
> Enjoy!

< Um, yeah same to you.
> Um, yeah same to you.

< I popped open the top and grinned.
> I popped open the top and grinned.

< Oh, broccoli and cheddar!
> Oh, broccoli and cheddar!

< For a moment we both sat in silence eating our soups...
> For a moment we both sat in silence eating our soups...

< On Arnold's stoop...
> On Arnold's stoop...

< Me on one step, Arnold a few steps higher...
> Me on one step, Arnold a few steps higher...

< When he suddenly decided to sit next to me.
> When he suddenly decided to sit next to me.

< Let me try yours?
> Let me try yours?

< Yours looks good, can't I try some?
> Yours looks good, can't I try some?

< You have your own Football Head!
> You have your own Football Head!

< I dug my spoon into the creamy cheddar and stirred it...
> I dug my spoon into the creamy cheddar and stirred it...

< So good, I guess you're gonna have to wait for the festival.
> So good, I guess you're gonna have to wait for the festival.

< Not if you'd give me some I won't.
> Not if you'd give me some I won't.

< Criminy, you're such a baby...here!
> Criminy, you're such a baby...here!

< I handed the cup to him and crossed my arms over my chest.
> I handed the cup to him and crossed my arms over my chest.

< And he gladly took it, a winning smile spread across his face.
> And he gladly took it, a winning smile spread across his face.

< ...And that made it worth it, so, so worth it.
> ...And that made it worth it, so, so worth it.

< It's good, thanks.
> It's good, thanks.

< Yeah I know it was...
> Yeah I know it was...

< Now give it back!
> Now give it back!

< I snatched the soup from him and placed it off to the side, out of his reach.
> I snatched the soup from him and placed it off to the side, out of his reach.

< Maybe you should have checked under the lids before picking, huh?
> Maybe you should have checked under the lids before picking, huh?

< Yeah, I know...my fault.
> Yeah, I know...my fault.

< Damn straight.
> Damn straight.

< I'll just eat my vegetable soup over here...
> I'll just eat my vegetable soup over here...

< Ugh, he looked so cute and pathetic...
> Ugh, he looked so cute and pathetic...

< ...Here, we can switch.
> ...Here, we can switch.

< Yeah, only cause your face is making me sick.
> Yeah, only cause your face is making me sick.

< ...Well, that's not a very good reason.
> ...Well, that's not a very good reason.

< ...You're right...I'm sorry.
> ...You're right...I'm sorry.

< Yes, really. Criminy, why does everybody doubt my sincerity!
> Yes, really. Criminy, why does everybody doubt my sincerity!

< Because you're not so nice all the time.
> Because you're not so nice all the time.

< Those were truthful words if I ever heard them...
> Those were truthful words if I ever heard them...

< Yeah I know.
> Yeah I know.

< But you have good sides too....
> But you have good sides too....

< And suddenly that truth stung just a little less...
> And suddenly that truth stung just a little less...

< No way, this is all mine Arnoldo...
> No way, this is all mine Arnoldo...

< I stuck my spoon in my mouth and ran it over my tongue.
> I stuck my spoon in my mouth and ran it over my tongue.

< Then I dug it back in for another helping...
> Then I dug it back in for another helping...

< So jealous of my cheddar goodness, aren't you?
> So jealous of my cheddar goodness, aren't you?

< But just as I lifted my serving out...
> But just as I lifted my serving out...

< He grabbed my hand and stuck the spoon into his own mouth...
> He grabbed my hand and stuck the spoon into his own mouth...

< But it had just been in my mouth...
> But it had just been in my mouth...

< What just happened?
> What just happened?

< Slowly he pulled my hand, gripped tightly on the spoon, away from his lips.
> Slowly he pulled my hand, gripped tightly on the spoon, away from his lips.

< I knew it was good.
> I knew it was good.

< I-I-I....
> I-I-I....

< If you would have shared that wouldn't have happened.
> If you would have shared that wouldn't have happened.

< That was in my mouth!
> That was in my mouth!

< We've chewed the same piece of gum before and that's much worse.
> We've chewed the same piece of gum before and that's much worse.

< Well, yeah...but...!
> Well, yeah...but...!

< I....Okay, you got me there.
> I....Okay, you got me there.

< He gave me a nearly devilish look and licked the spoon clean.
> He gave me a nearly devilish look and licked the spoon clean.

< Then he took his own spoon, going for another helping.
> Then he took his own spoon, going for another helping.

< I forgot Arnold could be like that...
> I forgot Arnold could be like that...

< I'm glad we worked this out.
> I'm glad we worked this out.

< You like getting a rise outta me, don't ya Hair Boy?
> You like getting a rise outta me, don't ya Hair Boy?

< I have no idea what you're talking about.
> I have no idea what you're talking about.

< Though his voice was serious I could see the smile that played on his lips.
> Though his voice was serious I could see the smile that played on his lips.

< He liked teasing me?!
> He liked teasing me?!

< ...Well, I did like teasing him too but that's not my point!
> ...Well, I did like teasing him too but that's not my point!

< Did he know...?
> Did he know...?

< No, he doesn't know anything!
> No, he doesn't know anything!

< Nothing!
> Nothing!

< So...are we like...friends now?
> So...are we like...friends now?

< What? I uh, well...it just seems like it ya know...
> What? I uh, well...it just seems like it ya know...

< So...I....
> So...I....

< He frowned and my heart fell...
> He frowned and my heart fell...

< We were friends before this...weren't we?
> We were friends before this...weren't we?

< Were we?
> Were we?

< If he thought so then I sure as hell wasn't going to disagree....
> If he thought so then I sure as hell wasn't going to disagree....

< I guess, I just thought I...bugged you.
> I guess, I just thought I...bugged you.

< You do bug me.
> You do bug me.

< I'm going home now...
> I'm going home now...

< No, no wait...
> No, no wait...

< He grabbed my arm and I sat back down.
> He grabbed my arm and I sat back down.

< It's not like I mean that in a bad way...
> It's not like I mean that in a bad way...

< How could that possibly mean anything else?
> How could that possibly mean anything else?

< Uh, it's like this...
> Uh, it's like this...

< Was he really being serious right now?
> Was he really being serious right now?

< Would you say something already! Criminy!
> Would you say something already! Criminy!

< Ah! Sorry, sorry...
> Ah! Sorry, sorry...

< I kinda wanna figure you out.
> I kinda wanna figure you out.

< What's to figure out? I'm me...
> What's to figure out? I'm me...

< Yeah, I know that.
> Yeah, I know that.

< Hey, watch your tone, bucko.
> Hey, watch your tone, bucko.

< Heh, well what I mean is...
> Heh, well what I mean is...

< You know, like I said...I know you're hiding something from me...
> You know, like I said...I know you're hiding something from me...

< And it bugs me cause I wanna know what it is...
> And it bugs me cause I wanna know what it is...

< Who would have thought you'd find me so...mysterious.
> Who would have thought you'd find me so...mysterious.

< He takes another spoonful of soup, MY soup, and nodded his head.
> He takes another spoonful of soup, MY soup, and nodded his head.

< I bet you're actually the sweetest girl in the world...
> I bet you're actually the sweetest girl in the world...

< In your dreams!
> In your dreams!

< ...Yep.
> ...Yep.

< ...Wait, what?
> ...Wait, what?

< I didn't say a word.
> I didn't say a word.

< Lies, I heard you!
> Lies, I heard you!

< He shook his head.
> He shook his head.

< I'm going in now, I'll see you later.
> I'm going in now, I'll see you later.

< It's nothing, thanks for the soup Helga.
> It's nothing, thanks for the soup Helga.

< He waved  his hand and walked back into he boarding house, leaving me alone on the stoop.
> He waved  his hand and walked back into he boarding house, leaving me alone on the stoop.

< He didn't just admit to dreaming about me, did he?
> He didn't just admit to dreaming about me, did he?

< DID HE?!
> DID HE?!

< I...uh...
> I...uh...

< He shot me a rather serious glance before I gave in...
> He shot me a rather serious glance before I gave in...

< Okay, okay, you're right...let's go to class.
> Okay, okay, you're right...let's go to class.

< You don't have to sound so defeated about it.
> You don't have to sound so defeated about it.

< I just...I really hate class.
> I just...I really hate class.

< I don't even know how I'm gonna make it in college....I'll barely ever go I know it....
> I don't even know how I'm gonna make it in college....I'll barely ever go I know it....

< College?...That's right around the corner isn't it.
> College?...That's right around the corner isn't it.

< I gave Arnold a side-ways glance as he walked...
> I gave Arnold a side-ways glance as he walked...

< When I went off to college...
> When I went off to college...

< I wouldn't get to see him anymore...
> I wouldn't get to see him anymore...

< It felt as if a knife had been plunged into my heart.
> It felt as if a knife had been plunged into my heart.

< As much as I wanted to get away from my family...
> As much as I wanted to get away from my family...

< I didn't want to leave Arnold behind...at all.
> I didn't want to leave Arnold behind...at all.

< Why didn't I think of this before?
> Why didn't I think of this before?

< Are you...gonna stay in state?
> Are you...gonna stay in state?

< Hah! Like Big Bob's gonna dish out the cash so I can go to an outta state school...
> Hah! Like Big Bob's gonna dish out the cash so I can go to an outta state school...

< I'm not Olga.
> I'm not Olga.

< Same here...
> Same here...

< Well, not quite the same but I only applied to in state schools too...
> Well, not quite the same but I only applied to in state schools too...

< I don't wanna put too much strain on my grandparents finances, ya know?
> I don't wanna put too much strain on my grandparents finances, ya know?

< They're telling me not to worry about it but...staying close to home seems to be the best option.
> They're telling me not to worry about it but...staying close to home seems to be the best option.

< For some reason I let out a sigh of relief...
> For some reason I let out a sigh of relief...

< Lucky for me he didn't pick up on it though.
> Lucky for me he didn't pick up on it though.

< And here we are... Our lovely little hell on Earth.
> And here we are... Our lovely little hell on Earth.

< Okay, stop exaggerating...
> Okay, stop exaggerating...

< Exaggerating? I'm dead serious Football Head...
> Exaggerating? I'm dead serious Football Head...

< Right, right...
> Right, right...

< He didn't leave me any room for argument as he pushed me through the front doors...
> He didn't leave me any room for argument as he pushed me through the front doors...

< And straight into the office for a late slip.
> And straight into the office for a late slip.

< It wasn't any fun at all...
> It wasn't any fun at all...

< See, coming to school ruined any chance of a good day.
> See, coming to school ruined any chance of a good day.

< Yeah, yeah I know...
> Yeah, yeah I know...

< I froze as I looked down the hallway...
> I froze as I looked down the hallway...

< I needed to walk in a different direction from him...
> I needed to walk in a different direction from him...

< So, I guess I'll see you?
> So, I guess I'll see you?

< Ah!...Um....
> Ah!...Um....

< What the heck was that?
> What the heck was that?

< Nothing, nothing...
> Nothing, nothing...

< Yeah, I'll see ya.
> Yeah, I'll see ya.

< With a short wave he walked off towards his class and I watched him go...
> With a short wave he walked off towards his class and I watched him go...

< I thought...maybe...
> I thought...maybe...

< If he turned around I was doing something right...
> If he turned around I was doing something right...

< Turn around Arnold...
> Turn around Arnold...

< Turn around...
> Turn around...

< And he did.
> And he did.

< He even smiled at me....
> He even smiled at me....

< And I did the same.
> And I did the same.

< Most of my daydreams that afternoon were filled with Arnold...
> Most of my daydreams that afternoon were filled with Arnold...

< As usual...
> As usual...

< But I felt they were tinted with just a little bit more hope than normal...
> But I felt they were tinted with just a little bit more hope than normal...

< When school ended I greeted Phoebe with a smile...
> When school ended I greeted Phoebe with a smile...

< I was sure I took her by surprise considering how down I've been as of late.
> I was sure I took her by surprise considering how down I've been as of late.

< Hey there Pheebs, ready to go?
> Hey there Pheebs, ready to go?

< Goodness, you've certainly cheered up...
> Goodness, you've certainly cheered up...

< Could that possibly be because you got some extra sleep this morning?
> Could that possibly be because you got some extra sleep this morning?

< Well, that's part of it...
> Well, that's part of it...

< So long as he made the first move.
> So long as he made the first move.

< What give it to me... I can take it.
> What give it to me... I can take it.

< I'm not really sure what to tell you...
> I'm not really sure what to tell you...

< I was hoping for a little Phoebe insight...
> I was hoping for a little Phoebe insight...

< The only thing I can think of is...
> The only thing I can think of is...

< Go with your gut?
> Go with your gut?

< I feel like that's how I've been doing it all along.
> I feel like that's how I've been doing it all along.

< And my gut doesn't always  know best...
> And my gut doesn't always  know best...

< Right...
> Right...

< But I'm gonna keep going.
> But I'm gonna keep going.

< Something tells me I may actually have a chance.
> Something tells me I may actually have a chance.

< Good for you Helga.
> Good for you Helga.

< Yeah. Thanks Pheebs.
> Yeah. Thanks Pheebs.

< No problem!
> No problem!

< After that, I headed back home...
> After that, I headed back home...

< For some reason...I was kind of tired.
> For some reason...I was kind of tired.

< Somehow...between then and now...
> Somehow...between then and now...

< I wound up taking a rather long nap.
> I wound up taking a rather long nap.

< And when I got up it was nearly sunset.
> And when I got up it was nearly sunset.

< Weird as it was...
> Weird as it was...

< I find myself filled with energy.
> I find myself filled with energy.

< Well, more antsy than energetic really.
> Well, more antsy than energetic really.

< And I wanted to see Arnold...
> And I wanted to see Arnold...

< Sad thing was I had NO reason...
> Sad thing was I had NO reason...

< I couldn't just walk over and ask him to...
> I couldn't just walk over and ask him to...

< Hang out or something?
> Hang out or something?

< Could I?
> Could I?

< I threw the blanket off my legs and swung my feet to the floor...
> I threw the blanket off my legs and swung my feet to the floor...

< I mean...I did kind of hang out with him today already but...
> I mean...I did kind of hang out with him today already but...

< Forget this, I'm just gonna go for it...
> Forget this, I'm just gonna go for it...

< I grabbed my ear-buds and iPhone and devised a plan of action.
> I grabbed my ear-buds and iPhone and devised a plan of action.

< Something like, I was just strolling by, wanna go for a walk?
> Something like, I was just strolling by, wanna go for a walk?

< Simple, to the point...
> Simple, to the point...

< And if he said no I would be crushed.
> And if he said no I would be crushed.

< But I could take it!
> But I could take it!

< So after cleaning myself up...
> So after cleaning myself up...

< Off I went.
> Off I went.

< My heart had been a fast paced drum the entire walk.
> My heart had been a fast paced drum the entire walk.

< I even tried singing aloud to the songs that played into my ears...
> I even tried singing aloud to the songs that played into my ears...

< But all that gave me was strange looks.
> But all that gave me was strange looks.

< And when I saw the boarding house come into view...
> And when I saw the boarding house come into view...

< My heart froze in my chest.
> My heart froze in my chest.

< And not because of nerves.
> And not because of nerves.

< Oh my, I did so enjoy those cheese burgers.
> Oh my, I did so enjoy those cheese burgers.

< And those sundaes were quite tasty.
> And those sundaes were quite tasty.

< Yeah, definitely.
> Yeah, definitely.

< Almost like I was an animal suddenly afraid...
> Almost like I was an animal suddenly afraid...

< I ducked into the alley and waited...and watched.
> I ducked into the alley and waited...and watched.

< You know, you were missed in class today.
> You know, you were missed in class today.

< Why yes, just ever so much.
> Why yes, just ever so much.

< Whatever were you possibly doing?
> Whatever were you possibly doing?

< She giggled and I felt like throwing up.
> She giggled and I felt like throwing up.

< I was with someone.
> I was with someone.

< I had forgotten how to breathe.
> I had forgotten how to breathe.

< Oh...
> Oh...

< She looked so disappointed.
> She looked so disappointed.

< I couldn't help the wicked grin that spread across my face.
> I couldn't help the wicked grin that spread across my face.

< Who?
> Who?

< He smiled and looked away.
> He smiled and looked away.

< You probably won't believe me.
> You probably won't believe me.

< Goodness Arnold, I'm sure I will.
> Goodness Arnold, I'm sure I will.

< Uh, I hung out with Helga today.
> Uh, I hung out with Helga today.

< Well that sounds lovely.
> Well that sounds lovely.

< Even I could tell she was lying.
> Even I could tell she was lying.

< But Arnold didn't seem to notice...
> But Arnold didn't seem to notice...

< The moron.
> The moron.

< You know it's like I've always said...
> You know it's like I've always said...

< When she puts down that front she always has up...
> When she puts down that front she always has up...

< I really like...
> I really like...

< That aside...
> That aside...

< I could have killed her.
> I could have killed her.

< Was he just going to confess he liked me?
> Was he just going to confess he liked me?

< I mean...even if it was only as friend it was something.
> I mean...even if it was only as friend it was something.

< A little glimmer of hope.
> A little glimmer of hope.

< I had a wonderful time on our date.
> I had a wonderful time on our date.

< Suddenly I had felt like the world had broken into pieces.
> Suddenly I had felt like the world had broken into pieces.

< She leaned in and brushed her lips against his cheek before walking off...
> She leaned in and brushed her lips against his cheek before walking off...

< But not before...
> But not before...

< Arnold, you should probably let Helga know she doesn't need to hide in the alley anymore.
> Arnold, you should probably let Helga know she doesn't need to hide in the alley anymore.

< No need to be so silly!
> No need to be so silly!

< He quickly turned to face me...and didn't look all that happy.
> He quickly turned to face me...and didn't look all that happy.

< Ta-ta for now, Arnold.
> Ta-ta for now, Arnold.

< For a minute I didn't know what to do...
> For a minute I didn't know what to do...

< Maybe if I got as close to the wall as I could, I'd just disappear into it...
> Maybe if I got as close to the wall as I could, I'd just disappear into it...

< No, that wasn't going to happen.
> No, that wasn't going to happen.

< Heh...I just didn't want to, uh interrupt you two!
> Heh...I just didn't want to, uh interrupt you two!

< What was the point of trying to save face now?
> What was the point of trying to save face now?

< He was already dating Lila.
> He was already dating Lila.

< Yeah, well hiding and eavesdropping isn't exactly what I'd call polite either.
> Yeah, well hiding and eavesdropping isn't exactly what I'd call polite either.

< I wasn't eavesdropping!
> I wasn't eavesdropping!

< I was watching...
> I was watching...

< That doesn't make it any better.
> That doesn't make it any better.

< Fine! Look, I'm sorry, didn't mean to ruin the end of your date!
> Fine! Look, I'm sorry, didn't mean to ruin the end of your date!

< Date?
> Date?

< What are you acting dumb for, Arnold?
> What are you acting dumb for, Arnold?

< I saw her kiss you...
> I saw her kiss you...

< No, that was just...
> No, that was just...

< Wait... Why am I explaining myself to you?
> Wait... Why am I explaining myself to you?

< Yeah...why was he?
> Yeah...why was he?

< How the hell should I know?
> How the hell should I know?

< You feel guilty for it?
> You feel guilty for it?

< I didn't even know what I was saying anymore.
> I didn't even know what I was saying anymore.

< I was jealous...
> I was jealous...

< We may have been friends now...but I wanted more.
> We may have been friends now...but I wanted more.

< And he just...
> And he just...

< Did not.
> Did not.

< I...don't know how I feel.
> I...don't know how I feel.

< He looked away, his expression...troubled?
> He looked away, his expression...troubled?

< I don't know what to think anymore...
> I don't know what to think anymore...

< About you...about me...everything!
> About you...about me...everything!

< It's driving me crazy...
> It's driving me crazy...

< You are driving me crazy!
> You are driving me crazy!

< So basically, you're mad at me for being nicer to you?
> So basically, you're mad at me for being nicer to you?

< Is that it?
> Is that it?

< Cause it's easier being a bitch, let me tell you!
> Cause it's easier being a bitch, let me tell you!

< No! Damn it! That isn't what I'm saying at all!
> No! Damn it! That isn't what I'm saying at all!

< I let out a small gasp, unused to the way he was speaking to me...
> I let out a small gasp, unused to the way he was speaking to me...

< But I didn't back down....No...
> But I didn't back down....No...

< I think I just got worse.
> I think I just got worse.

< Then what the hell are you saying, you idiot?
> Then what the hell are you saying, you idiot?

< Do you honestly think I can understand this nonsense you're spewing all over me?!
> Do you honestly think I can understand this nonsense you're spewing all over me?!

< Quit beating around it and just tell me.
> Quit beating around it and just tell me.

< Like you can talk!
> Like you can talk!

< Nice one minute, and than a completely horrible person the next!
> Nice one minute, and than a completely horrible person the next!

< That one hurt.
> That one hurt.

< Why do you do that?
> Why do you do that?

< Why can't you just be honest!?
> Why can't you just be honest!?

< Why can't you, for even {i}one day{/i}, be the person you really are?
> Why can't you, for even {i}one day{/i}, be the person you really are?

< Because I'm scared!
> Because I'm scared!

< I covered my mouth, as if I could catch the words before they flew away.
> I covered my mouth, as if I could catch the words before they flew away.

< And suddenly...Arnold wasn't so angry anymore.
> And suddenly...Arnold wasn't so angry anymore.

< What are you scared of?
> What are you scared of?

< I...should go...
> I...should go...

< There was too much said...I didn't know what to do...
> There was too much said...I didn't know what to do...

< Fine.
> Fine.

< His voice was like ice.
> His voice was like ice.

< All I wanted to do was be your friend...
> All I wanted to do was be your friend...

< And you're making that impossible.
> And you're making that impossible.

< Without another word he slammed his front door behind, going inside.
> Without another word he slammed his front door behind, going inside.

< And I nearly collapsed on the sidewalk...
> And I nearly collapsed on the sidewalk...

< I felt like crawling into a hole and dying.
> I felt like crawling into a hole and dying.

< Never had Arnold and I fought that badly...
> Never had Arnold and I fought that badly...

< Never.
> Never.

< Well, yeah I like to think I have some creative ideas...
> Well, yeah I like to think I have some creative ideas...

< Hmm...Yeah, I can see that about you.
> Hmm...Yeah, I can see that about you.

< Oh, I'm so glad.
> Oh, I'm so glad.

< Ouch.
> Ouch.

< Your sarcasm can kill, ya know?...
> Your sarcasm can kill, ya know?...

< I perfected it so much, it's reached that level?
> I perfected it so much, it's reached that level?

< I'm awesome.
> I'm awesome.

< I gotta learn how to turn an intended insult into a compliment too...
> I gotta learn how to turn an intended insult into a compliment too...

< Maybe then I can learn to fight you off.
> Maybe then I can learn to fight you off.

< It's a gift, you'll never know.
> It's a gift, you'll never know.

< Haha~ darn.
> Haha~ darn.

< There was a beat of silence...
> There was a beat of silence...

< Then...
> Then...

< You hungry?
> You hungry?

< I'm starving...you want something to eat?
> I'm starving...you want something to eat?

< I had completely forgotten about my lack of breakfast right up until this point.
> I had completely forgotten about my lack of breakfast right up until this point.

< And then my stomach pretty much roared.
> And then my stomach pretty much roared.

< Guess that answers your question, doesn't it?
> Guess that answers your question, doesn't it?

< My voice was as snarky as ever...
> My voice was as snarky as ever...

< By my red cheeks betrayed my bravado.
> By my red cheeks betrayed my bravado.

< He let out a quiet laugh.
> He let out a quiet laugh.

< Come on let's talk a walk and find something...
> Come on let's talk a walk and find something...

< Alrighty then...
> Alrighty then...

< We wandered about the city trying to find something to eat...
> We wandered about the city trying to find something to eat...

< And...maybe arguing about it...
> And...maybe arguing about it...

< Just a little bit.
> Just a little bit.

< This was your idea, could you pick something already?
> This was your idea, could you pick something already?

< I just don't know what I want...
> I just don't know what I want...

< Thank you, Captain Obvious, as if I didn't gather that by now.
> Thank you, Captain Obvious, as if I didn't gather that by now.

< ...Right...
> ...Right...

< He slowed his pace just a bit then took a look inside a deli window.
> He slowed his pace just a bit then took a look inside a deli window.

< Soup.
> Soup.

< Whatever, you finally made a choice I'm not gonna fight you on it.
> Whatever, you finally made a choice I'm not gonna fight you on it.

< We entered the deli and ordered our soups...
> We entered the deli and ordered our soups...

< I got cheddar and broccoli...
> I got cheddar and broccoli...

< And Arnold ordered veggie...
> And Arnold ordered veggie...

< Where are we gonna eat these?
> Where are we gonna eat these?

< As I held up the bag, I could feel the contents shift inside...
> As I held up the bag, I could feel the contents shift inside...

< I had to be a bit more careful...
> I had to be a bit more careful...

< My house is nearby, let's just go there.
> My house is nearby, let's just go there.

< And your grandparents are gonna be cool about you coming home in the middle of the day?
> And your grandparents are gonna be cool about you coming home in the middle of the day?

< I'll just tell them I had a free period and left early.
> I'll just tell them I had a free period and left early.

< And now I've corrupted you into lying!
> And now I've corrupted you into lying!

< You make it sound as if you're some criminal...
> You make it sound as if you're some criminal...

< I'm quite the {i}Hell Girl...{/i}
> I'm quite the {i}Hell Girl...{/i}

< ...That was a terrible joke.
> ...That was a terrible joke.

< Whatever, move faster I'm hungry.
> Whatever, move faster I'm hungry.

< We sat down on his front stoop and pulled the soup out of the bag...
> We sat down on his front stoop and pulled the soup out of the bag...

< I handed him his vegetable, and took out mine as well.
> I handed him his vegetable, and took out mine as well.

< Damn.
> Damn.

< I think there's only one spoon.
> I think there's only one spoon.

< I handed him off the bag to check.
> I handed him off the bag to check.

< He dug through it for a minute, then took the plastic utensil out of the bag.
> He dug through it for a minute, then took the plastic utensil out of the bag.

< Not to worry...
> Not to worry...

< Did you just shock me?
> Did you just shock me?

< Was that all it was?
> Was that all it was?

< Uh...yeah, sorry I guess.
> Uh...yeah, sorry I guess.

< No...no, it's fine.
> No...no, it's fine.

< He took a quick glance down at his hand then shook his head.
> He took a quick glance down at his hand then shook his head.

< It looked as if he was trying to erase a thought or something...
> It looked as if he was trying to erase a thought or something...

< But what the hell did I know?
> But what the hell did I know?

< When I walked into class it felt as if my feet were made of lead.
> When I walked into class it felt as if my feet were made of lead.

< I took my seat behind him and tried to speak...
> I took my seat behind him and tried to speak...

< But any noise I made sounded hollow...empty...
> But any noise I made sounded hollow...empty...

< Almost unreal.
> Almost unreal.

< I was scared.
> I was scared.

< I was always scared.
> I was always scared.

< And before I knew it class had ended.
> And before I knew it class had ended.

< And Arnold rushed out without a word...
> And Arnold rushed out without a word...

< Most of the day seemed to go the same way...
> Most of the day seemed to go the same way...

< When lunch finally came around...
> When lunch finally came around...

< I had finally worked up enough nerve to apologize...
> I had finally worked up enough nerve to apologize...

< For everything.
> For everything.

< And when I stood face to face to that reality...
> And when I stood face to face to that reality...

< It seemed like a had a lot of explaining to do.
> It seemed like a had a lot of explaining to do.

< But when I took a glance around the room...
> But when I took a glance around the room...

< I couldn't find him anywhere.
> I couldn't find him anywhere.

< I can barely even hear her.
> I can barely even hear her.

< My eyes scanned the cafeteria, once...twice...but I still couldn't find him.
> My eyes scanned the cafeteria, once...twice...but I still couldn't find him.

< And it felt like someone was squeezing my heart in their hand.
> And it felt like someone was squeezing my heart in their hand.

< She made polite Phoebe-like chit chat while I try my best to answer...
> She made polite Phoebe-like chit chat while I try my best to answer...

< It felt like, if it had been before I would have come up with some type of incredible scheme to get my way...
> It felt like, if it had been before I would have come up with some type of incredible scheme to get my way...

< I...uh, no Phoebe I'm sorry...
> I...uh, no Phoebe I'm sorry...

< I know what I said.
> I know what I said.

< Arnold and I got into a fight...
> Arnold and I got into a fight...

< You get into fights all the time...
> You get into fights all the time...

< I tried to glare but my eyes must have looked too sad to be convincing...
> I tried to glare but my eyes must have looked too sad to be convincing...

< Because Phoebe saw right through it.
> Because Phoebe saw right through it.

< ...How bad was it?
> ...How bad was it?

< Bad.
> Bad.

< At first he caught me spying on him and Lila.
> At first he caught me spying on him and Lila.

< He was with Lila?
> He was with Lila?

< I nodded my head.
> I nodded my head.

< She said they were on a date...
> She said they were on a date...

< So anything I told him was in jealousy...obviously.
> So anything I told him was in jealousy...obviously.

< I mean I've been trying so hard...
> I mean I've been trying so hard...

< And all she has to do is swing her braid around and all the boys just wanna jump her bones!
> And all she has to do is swing her braid around and all the boys just wanna jump her bones!

< I pulled at my pigtails until they fell out, my hair falling to my back in two swoops.
> I pulled at my pigtails until they fell out, my hair falling to my back in two swoops.

< I didn't even care anymore..
> I didn't even care anymore..

< I think you're right Phoebe..
> I think you're right Phoebe..

< She sounded unsure, so I tried to explain myself.
> She sounded unsure, so I tried to explain myself.

< Maybe I should just stop obsessing over him...
> Maybe I should just stop obsessing over him...

< Maybe I'll be happier if I just move on, find someone new...
> Maybe I'll be happier if I just move on, find someone new...

< If anyone will take me that is.
> If anyone will take me that is.

< I think I was wrong, Helga.
> I think I was wrong, Helga.

< Do you know what I'd do if you'd ask me to stop thinking about Gerald?
> Do you know what I'd do if you'd ask me to stop thinking about Gerald?

< Well, I'd be pretty upset. I love him.
> Well, I'd be pretty upset. I love him.

< Don't you love Arnold, too?
> Don't you love Arnold, too?

< You...you know that I do.
> You...you know that I do.

< So I was wrong Helga...
> So I was wrong Helga...

< You don't just try and forget someone you love until...well, until the very end.
> You don't just try and forget someone you love until...well, until the very end.

< And quite frankly, I still think you can keep going!
> And quite frankly, I still think you can keep going!

< I was sure my eyes had gotten wide hearing Phoebe's words of encouragement.
> I was sure my eyes had gotten wide hearing Phoebe's words of encouragement.

< Wow...thanks Pheebs.
> Wow...thanks Pheebs.

< No problem. What are best friends for?
> No problem. What are best friends for?

< Heh, yeah, you're right.
> Heh, yeah, you're right.

< So Helga...what are you going to do?
> So Helga...what are you going to do?

< ...I know I should keep going...
> ...I know I should keep going...

< No, I want to keep going... I want to apologize.
> No, I want to keep going... I want to apologize.

< Right, of course.
> Right, of course.

< I shook my head.
> I shook my head.

< But he's already with Lila, what's the point?
> But he's already with Lila, what's the point?

< Did he say he was with Lila?
> Did he say he was with Lila?

< Well...no.
> Well...no.

< I don't think you can do anything until you talk to him.
> I don't think you can do anything until you talk to him.

< Sitting around here moping is only going to make YOU worse.
> Sitting around here moping is only going to make YOU worse.

< Her words stung, but I knew they were the truth.
> Her words stung, but I knew they were the truth.

< I had a feeling she even saw me flinch.
> I had a feeling she even saw me flinch.

< You're too smart Pheebs.
> You're too smart Pheebs.

< Ehehe~ I know.
> Ehehe~ I know.

< So...I'll talk to him as soon as I see him...
> So...I'll talk to him as soon as I see him...

< The crappy thing was, I didn't see him the entire rest of the day.
> The crappy thing was, I didn't see him the entire rest of the day.

< And even though I did want to...
> And even though I did want to...

< Even though I knew I should keep fighting until the end...
> Even though I knew I should keep fighting until the end...

< It felt like it was all over.
> It felt like it was all over.

< It's nothing...really, I'm okay.
> It's nothing...really, I'm okay.

< It was just a lot...
> It was just a lot...

< Arnold takes a seat beside me.
> Arnold takes a seat beside me.

< His body goes somewhat slack, as if all that tense pressure from before has faded away.
> His body goes somewhat slack, as if all that tense pressure from before has faded away.

< A lot of what?
> A lot of what?

< He finally asks, his voice slightly quiet.
> He finally asks, his voice slightly quiet.

< A lot of everything...
> A lot of everything...

< It's just...I've been trying so hard...
> It's just...I've been trying so hard...

< And...I feel like it's for nothing!
> And...I feel like it's for nothing!

< ...Trying hard? What for?
> ...Trying hard? What for?

< To be nicer...? I dunno...
> To be nicer...? I dunno...

< As bad as I can be at trying...
> As bad as I can be at trying...

< My words felt lost...but I had to keep going.
> My words felt lost...but I had to keep going.

< I don't hate you.
> I don't hate you.

< I felt like I really needed to say that.
> I felt like I really needed to say that.

< ...I know.
> ...I know.

< Even if you made it hard for me to wanna try...
> Even if you made it hard for me to wanna try...

< I want to be your friend.
> I want to be your friend.

< Why do I do this to myself?
> Why do I do this to myself?

< Actually I was glad you did it.
> Actually I was glad you did it.

< So why did you run off?
> So why did you run off?

< I...uh...saw you with Lila...
> I...uh...saw you with Lila...

< And you guys seemed really close...
> And you guys seemed really close...

< When I slammed the door on you...
> When I slammed the door on you...

< He seems almost ashamed of himself...but there was no reason for it.
> He seems almost ashamed of himself...but there was no reason for it.

< It felt like...I should just give up.
> It felt like...I should just give up.

< I mean, why was I trying so hard when all you ever do is snap back at me?
> I mean, why was I trying so hard when all you ever do is snap back at me?

< I knew you were trying to be better though, but I got frustrated....
> I knew you were trying to be better though, but I got frustrated....

< So I'm sorry.
> So I'm sorry.

< You're sorry?
> You're sorry?

< But...it was my fault.
> But...it was my fault.

< Really, Arnold, you don't have to be the better person all the time.
> Really, Arnold, you don't have to be the better person all the time.

< He gave me a questioning look.
> He gave me a questioning look.

< Let me be a better person...at least once.
> Let me be a better person...at least once.

< Arnold, I'm sorry for...everything.
> Arnold, I'm sorry for...everything.

< And I meant it.
> And I meant it.

< Everything?
> Everything?

< Yes...everything. Every time I was mean for no reason, for bullying you, and hurting you...
> Yes...everything. Every time I was mean for no reason, for bullying you, and hurting you...

< And for yesterday...cause I was...
> And for yesterday...cause I was...

< I felt my cheeks grow warm.
> I felt my cheeks grow warm.

< I was jealous, okay?
> I was jealous, okay?

< He seemed honestly surprised.
> He seemed honestly surprised.

< Jealous over Lila...and me?
> Jealous over Lila...and me?

< Yeah, yeah...be shocked or whatever.
> Yeah, yeah...be shocked or whatever.

< I didn't know you guys were dating so...
> I didn't know you guys were dating so...

< Wait, wait, what?
> Wait, wait, what?

< She said she liked seeing you happy...
> She said she liked seeing you happy...

< Yesterday...Lila said she had a nice time on your date.
> Yesterday...Lila said she had a nice time on your date.

< That doesn't mean we're together Helga...
> That doesn't mean we're together Helga...

< You...aren't?
> You...aren't?

< Yeah, I haven't liked Lila like that in a while.
> Yeah, I haven't liked Lila like that in a while.

< I felt completely stunned.
> I felt completely stunned.

< Oh.
> Oh.

< Wait a minute...
> Wait a minute...

< Suddenly he looked away, almost as if he was shy.
> Suddenly he looked away, almost as if he was shy.

< You...like me, right?
> You...like me, right?

< Oh my god, I was such an idiot.
> Oh my god, I was such an idiot.

< What?! Who said that?! I didn't say that!
> What?! Who said that?! I didn't say that!

< But I don't hate you.
> But I don't hate you.

< It felt like it needed to be repeated.
> It felt like it needed to be repeated.

< As long as you don't hate me...
> As long as you don't hate me...

< It looked as if his little Football Head was coming up with a plan.
> It looked as if his little Football Head was coming up with a plan.

< You're still going to the Festival tomorrow, right?
> You're still going to the Festival tomorrow, right?

< Yeah, I guess so.
> Yeah, I guess so.

< Have you made up you're mind about going to the Festival?
> Have you made up you're mind about going to the Festival?

< Why...do you ask?
> Why...do you ask?

< About the Festival tomorrow...
> About the Festival tomorrow...

< Well, why don't I pick you up and we can meet Gerald and Phoebe there?
> Well, why don't I pick you up and we can meet Gerald and Phoebe there?

< ...Like...a double date or something?
> ...Like...a double date or something?

< Okay.
> Okay.

< Great. I'll see you tomorrow at seven then, okay?
> Great. I'll see you tomorrow at seven then, okay?

< Uh, yeah, okay!
> Uh, yeah, okay!

< He gave a quick wave and then off he went.
> He gave a quick wave and then off he went.

< So I was going on a date with Arnold.
> So I was going on a date with Arnold.

< It seems like things actually did go my way.
> It seems like things actually did go my way.

< So have you made up?
> So have you made up?

< I turn around and catch Lila standing behind me, smiling.
> I turn around and catch Lila standing behind me, smiling.

< I could have socked her right then and there.
> I could have socked her right then and there.

< Yeah, we made up...no thanks to you.
> Yeah, we made up...no thanks to you.

< Thank goodness!
> Thank goodness!

< Um...what?
> Um...what?

< I was so worried, just ever so worried!
> I was so worried, just ever so worried!

< Wait, I'm confused...
> Wait, I'm confused...

< Don't you like Arnold too?
> Don't you like Arnold too?

< Why of course not, Helga.
> Why of course not, Helga.

< He's a dear friend, just like you are.
> He's a dear friend, just like you are.

< ...I still don't get it.
> ...I still don't get it.

< It's quite simple, actually.
> It's quite simple, actually.

< It doesn't seem like it is.
> It doesn't seem like it is.

< I just felt like you needed a little bit of a push...
> I just felt like you needed a little bit of a push...

< You're the type of person who does well under some pressure I believe...
> You're the type of person who does well under some pressure I believe...

< Rather than...
> Rather than...

< WAIT ONE MINUTE!
> WAIT ONE MINUTE!

< Just how sick are you, thinking making us fight would...?
> Just how sick are you, thinking making us fight would...?

< It's not that I wanted you to fight...I just felt like...
> It's not that I wanted you to fight...I just felt like...

< Maybe if you were a bit more honest with him...
> Maybe if you were a bit more honest with him...

< ...Fine, I get that.
> ...Fine, I get that.

< But how is this any of your business?
> But how is this any of your business?

< Contrary to what you might think Helga...
> Contrary to what you might think Helga...

< I do considering myself your friend.
> I do considering myself your friend.

< For a moment I was speechless.
> For a moment I was speechless.

< Well, now you and Arnold are one step closer together.
> Well, now you and Arnold are one step closer together.

< I feel like it was a plan well accomplished!
> I feel like it was a plan well accomplished!

< She seemed rather proud of herself.
> She seemed rather proud of herself.

< I don't really know what to say?
> I don't really know what to say?

< You don't have to say anything...
> You don't have to say anything...

< Though, it was quite hard being so mean spirited.
> Though, it was quite hard being so mean spirited.

< I smile despite myself.
> I smile despite myself.

< It gets easier with practice.
> It gets easier with practice.

< Ehehehe~ I'll have to take you're word for it.
> Ehehehe~ I'll have to take you're word for it.

< There was beat of silence...
> There was beat of silence...

< So he's taking you to the Cheese Festival?
> So he's taking you to the Cheese Festival?

< Huh? Oh yeah...
> Huh? Oh yeah...

< What are you going to wear?
> What are you going to wear?

< My eyes got wide...
> My eyes got wide...

< Lila laughed.
> Lila laughed.

< I'm ever so sure we'll find something...
> I'm ever so sure we'll find something...

< She rushed behind me and pushed my back, out of the fair grounds...
> She rushed behind me and pushed my back, out of the fair grounds...

< To who knows where...
> To who knows where...

< This is gonna be one weird friendship I know it.
> This is gonna be one weird friendship I know it.

< When I turn and look at him my heart quickens...
> When I turn and look at him my heart quickens...

< So you're still acting this way, huh?
> So you're still acting this way, huh?

< Acting like what?
> Acting like what?

< A completely...what was it again?
> A completely...what was it again?

< That's right...a completely {i}horrible{/i} person.
> That's right...a completely {i}horrible{/i} person.

< Guess that's just me.
> Guess that's just me.

< Gonna say something Football Head?
> Gonna say something Football Head?

< It was like you weren't even listening yesterday...
> It was like you weren't even listening yesterday...

< Oh no, no...I heard every single freaking word!
> Oh no, no...I heard every single freaking word!

< I felt a shudder of pain mix with anger rush through my whole being.
> I felt a shudder of pain mix with anger rush through my whole being.

< It was getting hard to stand.
> It was getting hard to stand.

< Then can't you understand I'm trying here?
> Then can't you understand I'm trying here?

< So am I! And it's like...
> So am I! And it's like...

< !!!
> !!!

< For a minute I got dizzy...I had to grab on to something to keep straight.
> For a minute I got dizzy...I had to grab on to something to keep straight.

< It was like Arnold completely forgot we were even fighting...
> It was like Arnold completely forgot we were even fighting...

< Take it easy...
> Take it easy...

< Strong hands grab onto my shoulders and lead me towards a bench.
> Strong hands grab onto my shoulders and lead me towards a bench.

< The world started to even out again...
> The world started to even out again...

< Are you...okay now?
> Are you...okay now?

< Well, I gotta say...you do look a little funny.
> Well, I gotta say...you do look a little funny.

< I tried to stifle a laugh...and Arnold blushed.
> I tried to stifle a laugh...and Arnold blushed.

< Aw, ya see...I knew it!
> Aw, ya see...I knew it!

< I'm gonna go home and change real quick...
> I'm gonna go home and change real quick...

< But wait, Arnold...the rain?
> But wait, Arnold...the rain?

< Oh right!
> Oh right!

< He stops and smiles.
> He stops and smiles.

< The rain's already letting up, so they say the Festival's still a go...
> The rain's already letting up, so they say the Festival's still a go...

< Apparently they covered everything with tarps just in time...
> Apparently they covered everything with tarps just in time...

< Yeah, so I'll go change and you get ready.
> Yeah, so I'll go change and you get ready.

< Right, okay!
> Right, okay!

< So it looked like this wasn't a lost hope after all!
> So it looked like this wasn't a lost hope after all!

< When I woke up the next morning I was thrilled.
> When I woke up the next morning I was thrilled.

< Ready to take me to the Festival!
> Ready to take me to the Festival!

< I made a move towards my window and threw open my curtains...
> I made a move towards my window and threw open my curtains...

< Nothing was going to ruin my day!
> Nothing was going to ruin my day!

< Sure, it was a double date...but it was better than nothing!
> Sure, it was a double date...but it was better than nothing!

< I had no idea what to do with myself...
> I had no idea what to do with myself...

< I got up out of bed and moved towards my closet, pulling out the outfit I had bought the day before...
> I got up out of bed and moved towards my closet, pulling out the outfit I had bought the day before...

< I got up out of bed and walked towards my closet.
> I got up out of bed and walked towards my closet.

< I fanned through my clothes until I found something rather okay to wear tonight...
> I fanned through my clothes until I found something rather okay to wear tonight...

< I opened the drawer and pulled out the various make-up kits I had...
> I opened the drawer and pulled out the various make-up kits I had...

< After a minute of being completely frozen I got up.
> After a minute of being completely frozen I got up.

< I spent most of the day trying to find things to take off my mind about the evening...
> I spent most of the day trying to find things to take off my mind about the evening...

< Watching TV, trying to write, read...
> Watching TV, trying to write, read...

< But most of it was in vain and in the end I was still nervous as hell.
> But most of it was in vain and in the end I was still nervous as hell.

< At least the sun had come out sometime during the day...
> At least the sun had come out sometime during the day...

< I mean, sure, Phoebe was going to be there...but it still felt like so much more than just a usual hang out.
> I mean, sure, Phoebe was going to be there...but it still felt like so much more than just a usual hang out.

< And Arnold was going to be here any minute now.
> And Arnold was going to be here any minute now.

< Only minutes?!
> Only minutes?!

< Sitting on the edge of my bed I tapped my foot nervously before finally getting up.
> Sitting on the edge of my bed I tapped my foot nervously before finally getting up.

< Holding on to the railing for dear life, I made my way downstairs and sat on the first step, watching the door.
> Holding on to the railing for dear life, I made my way downstairs and sat on the first step, watching the door.

< Even if he was late I wasn't going to snipe or be rude...
> Even if he was late I wasn't going to snipe or be rude...

< Well, at least I was going to try.
> Well, at least I was going to try.

< Pulling my phone out of my bag, I watched as 6:59 became 7:00...
> Pulling my phone out of my bag, I watched as 6:59 became 7:00...

< And my eyes flashed to the door...
> And my eyes flashed to the door...

< ...Nothing....
> ...Nothing....

< ......Nothing....
> ......Nothing....

< .........Nothing...
> .........Nothing...

< And then finally...
> And then finally...

< A knock on the door.
> A knock on the door.

< Moving faster then I thought I could, I throw open the door and smile at him.
> Moving faster then I thought I could, I throw open the door and smile at him.

< And he smiles right back.
> And he smiles right back.

< You ready to go?
> You ready to go?

< Even though he told me he would be here...
> Even though he told me he would be here...

< I'm still surprised to see him.
> I'm still surprised to see him.

< So instead of answering him, I simply nod my head.
> So instead of answering him, I simply nod my head.

< Wanting to do nothing that could break the fantasy.
> Wanting to do nothing that could break the fantasy.

< He steps aside and motions for me to walk out first.
> He steps aside and motions for me to walk out first.

< And I do so, hearing him close my front door for me.
> And I do so, hearing him close my front door for me.

< Well it's finally here...
> Well it's finally here...

< He mumbles this more to himself than to me...
> He mumbles this more to himself than to me...

< So I give no reply.
> So I give no reply.

< Gerald told me to meet him and Phoebe by the food tables when we get there...
> Gerald told me to meet him and Phoebe by the food tables when we get there...

< I silently nod my head, again.
> I silently nod my head, again.

< I'm afraid my big mouth is gonna screw this up for me.
> I'm afraid my big mouth is gonna screw this up for me.

< For a few more minutes we walk in complete silence.
> For a few more minutes we walk in complete silence.

< But then, Arnold suddenly stops me.
> But then, Arnold suddenly stops me.

< Is there any reason you're being so quiet?
> Is there any reason you're being so quiet?

< It's...not really like you.
> It's...not really like you.

< Quiet?
> Quiet?

< I don't know what to say without sound like a complete moron.
> I don't know what to say without sound like a complete moron.

< So instead...I just deny it.
> So instead...I just deny it.

< I'm not being quiet, I'm just like I always am, Arnoldo really!
> I'm not being quiet, I'm just like I always am, Arnoldo really!

< Yeah!
> Yeah!

< Cause that was the first thing you've said to me all night.
> Cause that was the first thing you've said to me all night.

< Ah...um...
> Ah...um...

< Damn it, he got me.
> Damn it, he got me.

< Okay...fine...it's just...
> Okay...fine...it's just...

< I don't wanna say anything that's gonna...ya know...screw this up.
> I don't wanna say anything that's gonna...ya know...screw this up.

< So he laughs at me?
> So he laughs at me?

< Does he want me to punch him in the face or something?
> Does he want me to punch him in the face or something?

< So I bite the inside of my cheek to keep from boiling over.
> So I bite the inside of my cheek to keep from boiling over.

< Ya know, I was trying to be honest...thanks for that.
> Ya know, I was trying to be honest...thanks for that.

< That's not why I'm laughing...
> That's not why I'm laughing...

< Uh-huh, yeah sure.
> Uh-huh, yeah sure.

< No really...
> No really...

< Finally, he's able to stifle his chuckles...
> Finally, he's able to stifle his chuckles...

< I asked, you to come with me didn't I?
> I asked, you to come with me didn't I?

< You, as in Helga. Not some quiet pod person who's gonna stand next to me the whole night in silence.
> You, as in Helga. Not some quiet pod person who's gonna stand next to me the whole night in silence.

< If you're gonna yell at me, I can take it.
> If you're gonna yell at me, I can take it.

< I have all this time, now shouldn't make it any different.
> I have all this time, now shouldn't make it any different.

< I look away from him for a moment.
> I look away from him for a moment.

< But I...
> But I...

< Ugh, I want it to be different, okay?
> Ugh, I want it to be different, okay?

< It looks as if Arnold is thinking something over.
> It looks as if Arnold is thinking something over.

< But then he nods his head.
> But then he nods his head.

< Trust me, Helga.
> Trust me, Helga.

< It already is different.
> It already is different.

< Arnold continues on his way to the Festival...but...
> Arnold continues on his way to the Festival...but...

< I'm not exactly sure what to make of that.
> I'm not exactly sure what to make of that.

< But I follow behind him...thinking I guess I could act a bit more...
> But I follow behind him...thinking I guess I could act a bit more...

< Like me.
> Like me.

< When we get to the Festival we see Gerald and Phoebe just sitting down to eat.
> When we get to the Festival we see Gerald and Phoebe just sitting down to eat.

< We make our way over to them.
> We make our way over to them.

< Oh, Helga!
> Oh, Helga!

< We certainly lucked out didn't we?
> We certainly lucked out didn't we?

< Thank goodness they put those tents up!
> Thank goodness they put those tents up!

< Heh, yeah.
> Heh, yeah.

< There you are!
> There you are!

< Here you go, as promised.
> Here you go, as promised.

< She hands me a cheese stick which I take eagerly.
> She hands me a cheese stick which I take eagerly.

< With all the sleeping...and Arnold's sudden pick up...
> With all the sleeping...and Arnold's sudden pick up...

< I somehow, with all the busy work...
> I somehow, with all the busy work...

< Had forgotten to eat today.
> Had forgotten to eat today.

< Thanks Pheebs!
> Thanks Pheebs!

< Arnold, man what's up?
> Arnold, man what's up?

< Eh...nothing yet.
> Eh...nothing yet.

< I get that.
> I get that.

< They greeted each other with their classic handshake.
> They greeted each other with their classic handshake.

< Some things never change.
> Some things never change.

< So what are we doin' tonight?
> So what are we doin' tonight?

< Haha~ I have no idea.
> Haha~ I have no idea.

< That's great, I'm really excited now guys.
> That's great, I'm really excited now guys.

< Okay, give me a minute, I'll think of something.
> Okay, give me a minute, I'll think of something.

< Well what?
> Well what?

< Why don't you go think about it over there...
> Why don't you go think about it over there...

< And get me some nachos...
> And get me some nachos...

< Please?
> Please?

< Sure.
> Sure.

< Come on, Gerald.
> Come on, Gerald.

< Yeah, you want anything?
> Yeah, you want anything?

< He was looking to Phoebe.
> He was looking to Phoebe.

< Nothing, thank you.
> Nothing, thank you.

< I waited until they were out of listening distance before I turned to face Phoebe.
> I waited until they were out of listening distance before I turned to face Phoebe.

< I can't calm down!
> I can't calm down!

< Agh, I've got butterflies and everything.
> Agh, I've got butterflies and everything.

< This isn't good.
> This isn't good.

< Phoebe was only quiet a moment before she began to laugh.
> Phoebe was only quiet a moment before she began to laugh.

< That keeps happening to me today...
> That keeps happening to me today...

< I'm sorry Helga, it's just...
> I'm sorry Helga, it's just...

< It's normal to feel this way.
> It's normal to feel this way.

< I figured as much...
> I figured as much...

< I just thought I'd be more ready for this when it finally happened.
> I just thought I'd be more ready for this when it finally happened.

< But I'm kind of pathetic.
> But I'm kind of pathetic.

< Arnold wants to be here with you...
> Arnold wants to be here with you...

< Just relax.
> Just relax.

< You'll feel better soon, okay?
> You'll feel better soon, okay?

< I nod my head and take a deep breath in...
> I nod my head and take a deep breath in...

< Hoping the extra air would calm my nervous...
> Hoping the extra air would calm my nervous...

< Okay so we talked it over...
> Okay so we talked it over...

< Arnold suddenly speaks, surprising me.
> Arnold suddenly speaks, surprising me.

< Where did he come from?
> Where did he come from?

< But with a smile he places my food in front of me...
> But with a smile he places my food in front of me...

< And all is forgiven.
> And all is forgiven.

< And then...
> And then...

< Oh...it's Lila.
> Oh...it's Lila.

< I'm gonna go over and say hi.
> I'm gonna go over and say hi.

< Certainly you're joking...
> Certainly you're joking...

< Even I know that's not right.
> Even I know that's not right.

< ...Uh, well...she's not so bad...
> ...Uh, well...she's not so bad...

< Still all I was getting was blank stares.
> Still all I was getting was blank stares.

< I'll be right back.
> I'll be right back.

< With a small wave I grabbed her attention and made my way over.
> With a small wave I grabbed her attention and made my way over.

< Oh, hello there Helga!
> Oh, hello there Helga!

< Hey, so you came too, huh?
> Hey, so you came too, huh?

< Well of course, I do so enjoy the festival!
> Well of course, I do so enjoy the festival!

< Yeah, it's...
> Yeah, it's...

< I look over my shoulder towards Arnold.
> I look over my shoulder towards Arnold.

< ...Not so bad.
> ...Not so bad.

< Do you wanna come hang with us or...?
> Do you wanna come hang with us or...?

< Oh, as much as I would like to I'm here with someone.
> Oh, as much as I would like to I'm here with someone.

< Yes, eheheh~ It's a boy named George from a school downtown...
> Yes, eheheh~ It's a boy named George from a school downtown...

< He's quite charming.
> He's quite charming.

< Haha~ well have fun.
> Haha~ well have fun.

< You too, Helga.
> You too, Helga.

< And off she went.
> And off she went.

< As I sat back down at our table...
> As I sat back down at our table...

< The blank stares didn't fade.
> The blank stares didn't fade.

< Apparently no one was even going to ask...
> Apparently no one was even going to ask...

< It was probably better that way.
> It was probably better that way.

< So we were talking...
> So we were talking...

< Figured we start over at the game booths first...
> Figured we start over at the game booths first...

< He stole a chip from my plate...
> He stole a chip from my plate...

< That was a lot easier to deal with than what happened before...
> That was a lot easier to deal with than what happened before...

< Fine with me.
> Fine with me.

< Gonna try to go for that top prize?
> Gonna try to go for that top prize?

< Of course, if not...why even try?
> Of course, if not...why even try?

< Let's put a little wager on this then...
> Let's put a little wager on this then...

< I looked between the two of them...
> I looked between the two of them...

< It was like Phoebe and I weren't even here.
> It was like Phoebe and I weren't even here.

< A bet? I dunno...
> A bet? I dunno...

< Come on man, don't wimp out.
> Come on man, don't wimp out.

< Fine, fine what are your terms?
> Fine, fine what are your terms?

< Winner buys everything for the group for the rest of the night...
> Winner buys everything for the group for the rest of the night...

< He looked over at me as if I was supposed to tell him to do to.
> He looked over at me as if I was supposed to tell him to do to.

< So I went with my gut...
> So I went with my gut...

< I say go for it, Football Head...
> I say go for it, Football Head...

< He smiled and nodded his head.
> He smiled and nodded his head.

< All right, you're on.
> All right, you're on.

< I was starting to regret telling Arnold to go for that stupid bet.
> I was starting to regret telling Arnold to go for that stupid bet.

< It was my fifth consecutive loss at the water gun target game when I finally gave up...
> It was my fifth consecutive loss at the water gun target game when I finally gave up...

< Some snot nose brat kept winning...
> Some snot nose brat kept winning...

< No more...
> No more...

< I walk away from the booth and look over at Arnold a few games down...
> I walk away from the booth and look over at Arnold a few games down...

< He and Gerald were immersed in a game of darts...
> He and Gerald were immersed in a game of darts...

< I didn't know it was going to be like this...
> I didn't know it was going to be like this...

< Be like what?
> Be like what?

< Phoebe walks up beside me and pockets a little doll.
> Phoebe walks up beside me and pockets a little doll.

< Instead of answering her, I change the subject.
> Instead of answering her, I change the subject.

< Where did you get that?
> Where did you get that?

< Well...I paid the vendor five dollars for it.
> Well...I paid the vendor five dollars for it.

< ...Nice.
> ...Nice.

< I couldn't help it, it's just so cute.
> I couldn't help it, it's just so cute.

< Right, okay, okay.
> Right, okay, okay.

< So are you going to answer my question now?
> So are you going to answer my question now?

< I slump forward.
> I slump forward.

< This is just like every other Festival, Phoebe!
> This is just like every other Festival, Phoebe!

< With us over here...and them over there.
> With us over here...and them over there.

< I threw my arms up in defeat and nearly collapsed on a park bench.
> I threw my arms up in defeat and nearly collapsed on a park bench.

< Phoebe sat down beside me, quiet as she thought.
> Phoebe sat down beside me, quiet as she thought.

< Then we'll just go over, okay?
> Then we'll just go over, okay?

< No...maybe...
> No...maybe...

< Maybe I just got my hopes up...and this isn't as important...
> Maybe I just got my hopes up...and this isn't as important...

< Suddenly Arnold calls my name, running over towards us, completely pulling me from my thoughts.
> Suddenly Arnold calls my name, running over towards us, completely pulling me from my thoughts.

< What? Wrong? Nothing's wrong!
> What? Wrong? Nothing's wrong!

< He laughed.
> He laughed.

< It was then I noticed the rather large prize he had in his hands.
> It was then I noticed the rather large prize he had in his hands.

< I got him beat by just a few points.
> I got him beat by just a few points.

< So here!
> So here!

< He holds it out for me, and I'm not exactly sure what he wants me to do with it.
> He holds it out for me, and I'm not exactly sure what he wants me to do with it.

< Is he...giving this to me?
> Is he...giving this to me?

< Uh...what?
> Uh...what?

< What, did you think we were gonna play that game all this time and not get you guys something?
> What, did you think we were gonna play that game all this time and not get you guys something?

< He pulls Phoebe beside him and hands her a tiny blue snow globe.
> He pulls Phoebe beside him and hands her a tiny blue snow globe.

< Oh! Thank you!
> Oh! Thank you!

< No problem.
> No problem.

< She examines the little novelty for a minute before slipping it inside her purse for safe keeping.
> She examines the little novelty for a minute before slipping it inside her purse for safe keeping.

< The prize that I assumed was meant for me...well...
> The prize that I assumed was meant for me...well...

< It wasn't going to fit in my bag, that was for sure.
> It wasn't going to fit in my bag, that was for sure.

< He held in his hands a pink rabbit with a rather large bow sitting atop its head.
> He held in his hands a pink rabbit with a rather large bow sitting atop its head.

< I stare at it for another moment before looking back up at him.
> I stare at it for another moment before looking back up at him.

< Why...this?
> Why...this?

< I couldn't think of anything else to say.
> I couldn't think of anything else to say.

< Well it kind of looks like you, doesn't it?
> Well it kind of looks like you, doesn't it?

< Uh....what?
> Uh....what?

< I stare at him, as if I heard him wrong.
> I stare at him, as if I heard him wrong.

< To my stare he shyly tries to laugh it off...
> To my stare he shyly tries to laugh it off...

< What? Don't give me that face it does look like you.
> What? Don't give me that face it does look like you.

< It's got the bow and everything.
> It's got the bow and everything.

< I feel a steady heat rise to my cheeks before I snatch the damn thing away.
> I feel a steady heat rise to my cheeks before I snatch the damn thing away.

< I hold it tightly to my chest and turn away from all the people smiling at me...
> I hold it tightly to my chest and turn away from all the people smiling at me...

< I couldn't take it.
> I couldn't take it.

< So I point towards the rides, hoping the topsy-turvy feelings of a fast ride would get off my mind...
> So I point towards the rides, hoping the topsy-turvy feelings of a fast ride would get off my mind...

< Just how amazing Arnold is.
> Just how amazing Arnold is.

< After riding some of the bigger, faster rides with Nibbles in tow...
> After riding some of the bigger, faster rides with Nibbles in tow...

< Yes...I named the stupid thing...
> Yes...I named the stupid thing...

< Without telling anybody of course...
> Without telling anybody of course...

< Arnold suggested...
> Arnold suggested...

< I say we end the night on the Ferris Wheel.
> I say we end the night on the Ferris Wheel.

< He points up to the Festival's biggest attraction, and from way down here...
> He points up to the Festival's biggest attraction, and from way down here...

< It looked like the giant wheel almost touched the moon.
> It looked like the giant wheel almost touched the moon.

< Sounds good to me.
> Sounds good to me.

< Very romantic.
> Very romantic.

< To be honest I was glad it wasn't the Tunnel of Love...
> To be honest I was glad it wasn't the Tunnel of Love...

< That might have been a bit too much to take.
> That might have been a bit too much to take.

< So the two love birds, so used to one another by now head for the line.
> So the two love birds, so used to one another by now head for the line.

< Leaving Arnold and myself alone...
> Leaving Arnold and myself alone...

< Come on.
> Come on.

< He moves towards the ride and I follow behind, finding my legs hard to move.
> He moves towards the ride and I follow behind, finding my legs hard to move.

< This was going to be the {i}alone time{/i} wasn't it?
> This was going to be the {i}alone time{/i} wasn't it?

< Could I handle this?
> Could I handle this?

< When we reach the car, Arnold enters first, and I follow...
> When we reach the car, Arnold enters first, and I follow...

< Except...
> Except...

< My stupid shoe gets caught in the door and I nearly fall in.
> My stupid shoe gets caught in the door and I nearly fall in.

< So apparently, I can't handle this.
> So apparently, I can't handle this.

< But Arnold grabs my arms before I fall face first between the Ferris Wheel seats.
> But Arnold grabs my arms before I fall face first between the Ferris Wheel seats.

< It's okay I got you.
> It's okay I got you.

< Yeah, thanks.
> Yeah, thanks.

< I slowly move out of his grasp and take the seat across from him, my heart racing in my chest.
> I slowly move out of his grasp and take the seat across from him, my heart racing in my chest.

< The door closes behind us and then the car makes a quick move, rising off the ground.
> The door closes behind us and then the car makes a quick move, rising off the ground.

< For a moment we're both silence, looking out the window to the city below...
> For a moment we're both silence, looking out the window to the city below...

< It could have been magic if I believed in things like that...
> It could have been magic if I believed in things like that...

< Suddenly Arnold speaks, breaking me from my thoughts.
> Suddenly Arnold speaks, breaking me from my thoughts.

< Huh? Uh, yeah? What's up?
> Huh? Uh, yeah? What's up?

< I was going to ask if you were having a good time but...
> I was going to ask if you were having a good time but...

< No, No I am...it's just...
> No, No I am...it's just...

< You make me kinda nervous, all right?
> You make me kinda nervous, all right?

< Really? Why?
> Really? Why?

< {i}Why?{/i} Is he for real right now?
> {i}Why?{/i} Is he for real right now?

< Because I...
> Because I...

< I said it so quietly, he didn't even hear me.
> I said it so quietly, he didn't even hear me.

< You've been pretty okay with me over the last few days...
> You've been pretty okay with me over the last few days...

< Even if we did fight...
> Even if we did fight...

< Yeah, don't remind me...
> Yeah, don't remind me...

< That's why I asked you out in the first place.
> That's why I asked you out in the first place.

< B-but this isn't us just hanging out.
> B-but this isn't us just hanging out.

< It's not?
> It's not?

< It's a date...right?
> It's a date...right?

< Arnold slowly nods his head, then gives me a small smirk.
> Arnold slowly nods his head, then gives me a small smirk.

< I don't mind taking you out more.
> I don't mind taking you out more.

< If only to help you get more comfortable with me.
> If only to help you get more comfortable with me.

< I roll my eyes.
> I roll my eyes.

< That isn't funny.
> That isn't funny.

< I'm trying to be serious, so don't joke with me.
> I'm trying to be serious, so don't joke with me.

< Who's joking?
> Who's joking?

< I'm being completely serious too, Helga.
> I'm being completely serious too, Helga.

< I stare him down but he doesn't falter.
> I stare him down but he doesn't falter.

< So I give him a quick shrug of my shoulders.
> So I give him a quick shrug of my shoulders.

< I dunno, I think you like to tease me almost as much as I like to tease you.
> I dunno, I think you like to tease me almost as much as I like to tease you.

< Well that's true...
> Well that's true...

< Hmph!
> Hmph!

< But I'm being honest.
> But I'm being honest.

< He suddenly grabs my hand, his touch...so warm.
> He suddenly grabs my hand, his touch...so warm.

< I...really like you, Helga.
> I...really like you, Helga.

< I think we should be together.
> I think we should be together.

< I blink a few times, making sure I heard him right...
> I blink a few times, making sure I heard him right...

< Are you seri...
> Are you seri...

< But before I can finish, Arnold leans in for a quick kiss.
> But before I can finish, Arnold leans in for a quick kiss.

< It must have only been a few seconds but...
> It must have only been a few seconds but...

< This time I did believe in magic.
> This time I did believe in magic.

< As he pulls away I let out a quiet thank you, with out meaning too...
> As he pulls away I let out a quiet thank you, with out meaning too...

< To which he replies an equally quiet...
> To which he replies an equally quiet...

< You're welcome.
> You're welcome.

< For a moment there is nothing but the silence...
> For a moment there is nothing but the silence...

< The far away sounds of the city and the Festival below...
> The far away sounds of the city and the Festival below...

< Without a reason why...
> Without a reason why...

< We start to laugh...
> We start to laugh...

< Happy Cheese Festival, Helga...
> Happy Cheese Festival, Helga...

< Happy Cheese Festival, Arnold...
> Happy Cheese Festival, Arnold...

< Okay...I'll go.
> Okay...I'll go.

< Maybe?
> Maybe?

< No way!
> No way!

